<?xml version="1.0" encoding="UTF-8"?>
<alto xmlns:xsi="http://www.w3.org/2001/XMLSchema-instance" xsi:noNamespaceSchemaLocation="http://www.bl.uk/schemas/alto/alto-1-4.xsd" xmlns:xlink="http://www.w3.org/1999/xlink">
	<Description>
		<MeasurementUnit>mm10</MeasurementUnit>
		<sourceImageInformation>
			<fileName>//head1/IN/2008-50/A0012346969.2/003988.jp2</fileName>
		</sourceImageInformation>
		<OCRProcessing ID="OCRPROCESSING_1">
			<preProcessingStep>
				<processingSoftware>
					<softwareCreator>CCS Content Conversion Specialists GmbH, Germany</softwareCreator>
					<softwareName>CCS docWORKS</softwareName>
					<softwareVersion>6.1-0.67</softwareVersion>
				</processingSoftware>
			</preProcessingStep>
			<ocrProcessingStep>
				<processingSoftware>
					<softwareCreator>ABBYY (BIT Software), Russia</softwareCreator>
					<softwareName>Finereader</softwareName>
				</processingSoftware>
			</ocrProcessingStep>
		</OCRProcessing>
	</Description>
	<Styles>
		<TextStyle ID="TXT_0" FONTSIZE="11" FONTFAMILY="Courier New"/>
		<TextStyle ID="TXT_1" FONTSIZE="11" FONTFAMILY="Fraktur"/>
		<TextStyle ID="TXT_2" FONTSIZE="9" FONTFAMILY="Courier New"/>
		<ParagraphStyle ID="PAR_RIGHT" ALIGN="Right"/>
		<ParagraphStyle ID="PAR_LEFT" ALIGN="Left"/>
	</Styles>
	<Layout>
		<Page ID="P328" PHYSICAL_IMG_NR="328" HEIGHT="2488" WIDTH="1692" PRINTED_IMG_NR="294" POSITION="Left" ACCURACY="88.75">
			<TopMargin ID="P328_TM00001" HPOS="0" VPOS="0" WIDTH="1691" HEIGHT="325">
				<TextBlock ID="P328_TB00001" HPOS="567" VPOS="265" WIDTH="712" HEIGHT="60" STYLEREFS="TXT_0 PAR_RIGHT">
					<TextLine ID="P328_TL00001" HPOS="567" VPOS="266" WIDTH="712" HEIGHT="59">
						<String ID="P328_ST00001" HPOS="567" VPOS="269" WIDTH="151" HEIGHT="45" CONTENT="Comic" WC="1.00" CC="00000"/>
						<SP ID="P328_SP00001" HPOS="718" VPOS="314" WIDTH="30"/>
						<String ID="P328_ST00002" HPOS="748" VPOS="268" WIDTH="191" HEIGHT="57" CONTENT="History" WC="0.83" CC="0407000"/>
						<SP ID="P328_SP00002" HPOS="939" VPOS="325" WIDTH="33"/>
						<String ID="P328_ST00003" HPOS="972" VPOS="268" WIDTH="56" HEIGHT="57" CONTENT="of" WC="1.00" CC="00"/>
						<SP ID="P328_SP00003" HPOS="1028" VPOS="325" WIDTH="17"/>
						<String ID="P328_ST00004" HPOS="1045" VPOS="266" WIDTH="234" HEIGHT="59" CONTENT="England." WC="0.75" CC="37000404"/>
					</TextLine>
				</TextBlock>
				<TextBlock ID="P328_TB00002" HPOS="351" VPOS="287" WIDTH="59" HEIGHT="28" STYLEREFS="TXT_1 PAR_LEFT">
					<TextLine ID="P328_TL00002" HPOS="351" VPOS="287" WIDTH="59" HEIGHT="28">
						<String ID="P328_ST00005" HPOS="351" VPOS="287" WIDTH="59" HEIGHT="28" CONTENT="294" WC="1.00" CC="000"/>
					</TextLine>
				</TextBlock>
				<TextBlock ID="P328_TB00003" HPOS="1374" VPOS="292" WIDTH="129" HEIGHT="20" STYLEREFS="TXT_2 PAR_RIGHT">
					<TextLine ID="P328_TL00003" HPOS="1375" VPOS="292" WIDTH="128" HEIGHT="20">
						<String ID="P328_ST00006" HPOS="1375" VPOS="292" WIDTH="68" HEIGHT="20" CONTENT="[Bock" WC="0.53" CC="35670"/>
						<SP ID="P328_SP00004" HPOS="1443" VPOS="312" WIDTH="11"/>
						<String ID="P328_ST00007" HPOS="1454" VPOS="292" WIDTH="49" HEIGHT="18" CONTENT="VII." WC="1.00" CC="0000"/>
					</TextLine>
				</TextBlock>
			</TopMargin>
			<LeftMargin ID="P328_LM00001" HPOS="0" VPOS="317" WIDTH="342" HEIGHT="1891"/>
			<RightMargin ID="P328_RM00001" HPOS="1507" VPOS="317" WIDTH="184" HEIGHT="1891"/>
			<BottomMargin ID="P328_BM00001" HPOS="0" VPOS="2208" WIDTH="1691" HEIGHT="280"/>
			<PrintSpace ID="P328_PS00001" HPOS="342" VPOS="317" WIDTH="1165" HEIGHT="1891">
				<TextBlock ID="P328_TB00004" HPOS="348" VPOS="381" WIDTH="1156" HEIGHT="386" STYLEREFS="TXT_2 PAR_LEFT">
					<TextLine ID="P328_TL00004" HPOS="350" VPOS="381" WIDTH="1154" HEIGHT="38">
						<String ID="P328_ST00008" HPOS="350" VPOS="385" WIDTH="167" HEIGHT="34" CONTENT="persuaded" WC="0.99" CC="000000000"/>
						<SP ID="P328_SP00005" HPOS="517" VPOS="419" WIDTH="14"/>
						<String ID="P328_ST00009" HPOS="531" VPOS="384" WIDTH="123" HEIGHT="27" CONTENT="Charles" WC="0.81" CC="2600400"/>
						<SP ID="P328_SP00006" HPOS="654" VPOS="419" WIDTH="19"/>
						<String ID="P328_ST00010" HPOS="673" VPOS="385" WIDTH="65" HEIGHT="27" CONTENT="that" WC="0.84" CC="0600"/>
						<SP ID="P328_SP00007" HPOS="738" VPOS="419" WIDTH="19"/>
						<String ID="P328_ST00011" HPOS="757" VPOS="384" WIDTH="23" HEIGHT="27" CONTENT="it" WC="1.00" CC="00"/>
						<SP ID="P328_SP00008" HPOS="780" VPOS="419" WIDTH="19"/>
						<String ID="P328_ST00012" HPOS="799" VPOS="393" WIDTH="62" HEIGHT="18" CONTENT="was" WC="1.00" CC="000"/>
						<SP ID="P328_SP00009" HPOS="861" VPOS="419" WIDTH="17"/>
						<String ID="P328_ST00013" HPOS="878" VPOS="384" WIDTH="98" HEIGHT="26" CONTENT="better" WC="0.94" CC="000101"/>
						<SP ID="P328_SP00010" HPOS="976" VPOS="419" WIDTH="20"/>
						<String ID="P328_ST00014" HPOS="996" VPOS="388" WIDTH="31" HEIGHT="22" CONTENT="to" WC="1.00" CC="00"/>
						<SP ID="P328_SP00011" HPOS="1027" VPOS="419" WIDTH="18"/>
						<String ID="P328_ST00015" HPOS="1045" VPOS="383" WIDTH="115" HEIGHT="27" CONTENT="receive" WC="0.88" CC="0000530"/>
						<SP ID="P328_SP00012" HPOS="1160" VPOS="419" WIDTH="17"/>
						<String ID="P328_ST00016" HPOS="1177" VPOS="391" WIDTH="18" HEIGHT="18" CONTENT="a" WC="1.00" CC="0"/>
						<SP ID="P328_SP00013" HPOS="1195" VPOS="419" WIDTH="20"/>
						<String ID="P328_ST00017" HPOS="1215" VPOS="382" WIDTH="79" HEIGHT="26" CONTENT="fixed" WC="0.87" CC="33000"/>
						<SP ID="P328_SP00014" HPOS="1294" VPOS="419" WIDTH="22"/>
						<String ID="P328_ST00018" HPOS="1316" VPOS="382" WIDTH="101" HEIGHT="35" CONTENT="salary" WC="0.98" CC="001000"/>
						<SP ID="P328_SP00015" HPOS="1417" VPOS="419" WIDTH="13"/>
						<String ID="P328_ST00019" HPOS="1430" VPOS="381" WIDTH="74" HEIGHT="26" CONTENT="from" WC="0.98" CC="0000"/>
					</TextLine>
					<TextLine ID="P328_TL00005" HPOS="350" VPOS="432" WIDTH="1153" HEIGHT="37">
						<String ID="P328_ST00020" HPOS="350" VPOS="435" WIDTH="121" HEIGHT="32" CONTENT="abroad," WC="0.82" CC="7030001"/>
						<SP ID="P328_SP00016" HPOS="471" VPOS="467" WIDTH="15"/>
						<String ID="P328_ST00021" HPOS="486" VPOS="436" WIDTH="72" HEIGHT="25" CONTENT="than" WC="0.75" CC="0504"/>
						<SP ID="P328_SP00017" HPOS="558" VPOS="467" WIDTH="25"/>
						<String ID="P328_ST00022" HPOS="583" VPOS="438" WIDTH="75" HEIGHT="24" CONTENT="trust" WC="0.85" CC="03400"/>
						<SP ID="P328_SP00018" HPOS="658" VPOS="467" WIDTH="16"/>
						<String ID="P328_ST00023" HPOS="674" VPOS="434" WIDTH="45" HEIGHT="27" CONTENT="for" WC="0.92" CC="002"/>
						<SP ID="P328_SP00019" HPOS="719" VPOS="467" WIDTH="19"/>
						<String ID="P328_ST00024" HPOS="738" VPOS="434" WIDTH="47" HEIGHT="27" CONTENT="his" WC="0.66" CC="630"/>
						<SP ID="P328_SP00020" HPOS="785" VPOS="467" WIDTH="19"/>
						<String ID="P328_ST00025" HPOS="804" VPOS="434" WIDTH="132" HEIGHT="35" CONTENT="supplies" WC="0.95" CC="00000400"/>
						<SP ID="P328_SP00021" HPOS="936" VPOS="469" WIDTH="20"/>
						<String ID="P328_ST00026" HPOS="956" VPOS="438" WIDTH="31" HEIGHT="22" CONTENT="to" WC="0.93" CC="10"/>
						<SP ID="P328_SP00022" HPOS="987" VPOS="469" WIDTH="16"/>
						<String ID="P328_ST00027" HPOS="1003" VPOS="433" WIDTH="50" HEIGHT="27" CONTENT="the" WC="0.82" CC="050"/>
						<SP ID="P328_SP00023" HPOS="1053" VPOS="469" WIDTH="24"/>
						<String ID="P328_ST00028" HPOS="1077" VPOS="432" WIDTH="117" HEIGHT="35" CONTENT="caprice" WC="0.98" CC="0000000"/>
						<SP ID="P328_SP00024" HPOS="1194" VPOS="469" WIDTH="24"/>
						<String ID="P328_ST00029" HPOS="1218" VPOS="432" WIDTH="33" HEIGHT="27" CONTENT="of" WC="1.00" CC="00"/>
						<SP ID="P328_SP00025" HPOS="1251" VPOS="469" WIDTH="19"/>
						<String ID="P328_ST00030" HPOS="1270" VPOS="441" WIDTH="18" HEIGHT="18" CONTENT="a" WC="0.69" CC="3"/>
						<SP ID="P328_SP00026" HPOS="1288" VPOS="469" WIDTH="21"/>
						<String ID="P328_ST00031" HPOS="1309" VPOS="432" WIDTH="194" HEIGHT="27" CONTENT="Parliament." WC="0.86" CC="70430000000"/>
					</TextLine>
					<TextLine ID="P328_TL00006" HPOS="349" VPOS="482" WIDTH="1154" HEIGHT="39">
						<String ID="P328_ST00032" HPOS="349" VPOS="485" WIDTH="64" HEIGHT="26" CONTENT="The" WC="0.82" CC="220"/>
						<SP ID="P328_SP00027" HPOS="413" VPOS="511" WIDTH="28"/>
						<String ID="P328_ST00033" HPOS="441" VPOS="485" WIDTH="83" HEIGHT="36" CONTENT="king," WC="0.91" CC="02200"/>
						<SP ID="P328_SP00028" HPOS="524" VPOS="521" WIDTH="28"/>
						<String ID="P328_ST00034" HPOS="552" VPOS="485" WIDTH="153" HEIGHT="33" CONTENT="therefore," WC="0.87" CC="0600000500"/>
						<SP ID="P328_SP00029" HPOS="705" VPOS="521" WIDTH="22"/>
						<String ID="P328_ST00035" HPOS="727" VPOS="485" WIDTH="150" HEIGHT="35" CONTENT="intrigued" WC="0.84" CC="300150400"/>
						<SP ID="P328_SP00030" HPOS="877" VPOS="521" WIDTH="25"/>
						<String ID="P328_ST00036" HPOS="902" VPOS="483" WIDTH="73" HEIGHT="27" CONTENT="with" WC="0.83" CC="0006"/>
						<SP ID="P328_SP00031" HPOS="975" VPOS="521" WIDTH="33"/>
						<String ID="P328_ST00037" HPOS="1008" VPOS="483" WIDTH="115" HEIGHT="27" CONTENT="several" WC="0.92" CC="0050000"/>
						<SP ID="P328_SP00032" HPOS="1123" VPOS="521" WIDTH="28"/>
						<String ID="P328_ST00038" HPOS="1151" VPOS="482" WIDTH="102" HEIGHT="28" CONTENT="States" WC="0.99" CC="000000"/>
						<SP ID="P328_SP00033" HPOS="1253" VPOS="521" WIDTH="27"/>
						<String ID="P328_ST00039" HPOS="1280" VPOS="487" WIDTH="31" HEIGHT="22" CONTENT="at" WC="1.00" CC="00"/>
						<SP ID="P328_SP00034" HPOS="1311" VPOS="521" WIDTH="31"/>
						<String ID="P328_ST00040" HPOS="1342" VPOS="482" WIDTH="52" HEIGHT="27" CONTENT="the" WC="0.81" CC="050"/>
						<SP ID="P328_SP00035" HPOS="1394" VPOS="521" WIDTH="26"/>
						<String ID="P328_ST00041" HPOS="1420" VPOS="490" WIDTH="83" HEIGHT="18" CONTENT="same" WC="1.00" CC="0000"/>
					</TextLine>
					<TextLine ID="P328_TL00007" HPOS="350" VPOS="532" WIDTH="1154" HEIGHT="38">
						<String ID="P328_ST00042" HPOS="350" VPOS="539" WIDTH="140" HEIGHT="28" CONTENT="moment," WC="0.91" CC="0020003"/>
						<SP ID="P328_SP00036" HPOS="490" VPOS="567" WIDTH="17"/>
						<String ID="P328_ST00043" HPOS="507" VPOS="536" WIDTH="59" HEIGHT="25" CONTENT="and" WC="1.00" CC="000"/>
						<SP ID="P328_SP00037" HPOS="566" VPOS="567" WIDTH="12"/>
						<String ID="P328_ST00044" HPOS="578" VPOS="543" WIDTH="62" HEIGHT="18" CONTENT="was" WC="0.71" CC="080"/>
						<SP ID="P328_SP00038" HPOS="640" VPOS="567" WIDTH="14"/>
						<String ID="P328_ST00045" HPOS="654" VPOS="535" WIDTH="106" HEIGHT="35" CONTENT="taking" WC="0.83" CC="080100"/>
						<SP ID="P328_SP00039" HPOS="760" VPOS="570" WIDTH="14"/>
						<String ID="P328_ST00046" HPOS="774" VPOS="543" WIDTH="108" HEIGHT="27" CONTENT="money" WC="1.00" CC="00000"/>
						<SP ID="P328_SP00040" HPOS="882" VPOS="570" WIDTH="13"/>
						<String ID="P328_ST00047" HPOS="895" VPOS="533" WIDTH="75" HEIGHT="26" CONTENT="from" WC="0.91" CC="0300"/>
						<SP ID="P328_SP00041" HPOS="970" VPOS="570" WIDTH="20"/>
						<String ID="P328_ST00048" HPOS="990" VPOS="537" WIDTH="59" HEIGHT="22" CONTENT="two" WC="0.92" CC="200"/>
						<SP ID="P328_SP00042" HPOS="1049" VPOS="570" WIDTH="21"/>
						<String ID="P328_ST00049" HPOS="1070" VPOS="542" WIDTH="33" HEIGHT="17" CONTENT="or" WC="1.00" CC="00"/>
						<SP ID="P328_SP00043" HPOS="1103" VPOS="570" WIDTH="17"/>
						<String ID="P328_ST00050" HPOS="1120" VPOS="532" WIDTH="84" HEIGHT="27" CONTENT="three" WC="0.86" CC="06000"/>
						<SP ID="P328_SP00044" HPOS="1204" VPOS="570" WIDTH="18"/>
						<String ID="P328_ST00051" HPOS="1222" VPOS="532" WIDTH="137" HEIGHT="27" CONTENT="different" WC="0.94" CC="000002020"/>
						<SP ID="P328_SP00045" HPOS="1359" VPOS="570" WIDTH="17"/>
						<String ID="P328_ST00052" HPOS="1376" VPOS="540" WIDTH="128" HEIGHT="27" CONTENT="govern" SUBS_TYPE="HypPart1" SUBS_CONTENT="governments," WC="0.92" CC="0000203"/>
						<HYP CONTENT="-"/>
					</TextLine>
					<TextLine ID="P328_TL00008" HPOS="349" VPOS="582" WIDTH="1154" HEIGHT="38">
						<String ID="P328_ST00053" HPOS="349" VPOS="590" WIDTH="106" HEIGHT="27" CONTENT="ments," SUBS_TYPE="HypPart2" SUBS_CONTENT="governments," WC="0.92" CC="000103"/>
						<SP ID="P328_SP00046" HPOS="455" VPOS="617" WIDTH="10"/>
						<String ID="P328_ST00054" HPOS="465" VPOS="593" WIDTH="38" HEIGHT="18" CONTENT="on" WC="1.00" CC="00"/>
						<SP ID="P328_SP00047" HPOS="503" VPOS="617" WIDTH="15"/>
						<String ID="P328_ST00055" HPOS="518" VPOS="586" WIDTH="51" HEIGHT="25" CONTENT="the" WC="1.00" CC="000"/>
						<SP ID="P328_SP00048" HPOS="569" VPOS="617" WIDTH="14"/>
						<String ID="P328_ST00056" HPOS="583" VPOS="585" WIDTH="135" HEIGHT="35" CONTENT="strength" WC="0.88" CC="00201005"/>
						<SP ID="P328_SP00049" HPOS="718" VPOS="620" WIDTH="14"/>
						<String ID="P328_ST00057" HPOS="732" VPOS="584" WIDTH="33" HEIGHT="27" CONTENT="of" WC="1.00" CC="00"/>
						<SP ID="P328_SP00050" HPOS="765" VPOS="620" WIDTH="9"/>
						<String ID="P328_ST00058" HPOS="774" VPOS="584" WIDTH="121" HEIGHT="27" CONTENT="treaties" WC="0.92" CC="03000200"/>
						<SP ID="P328_SP00051" HPOS="895" VPOS="620" WIDTH="13"/>
						<String ID="P328_ST00059" HPOS="908" VPOS="584" WIDTH="72" HEIGHT="26" CONTENT="with" WC="0.91" CC="0002"/>
						<SP ID="P328_SP00052" HPOS="980" VPOS="620" WIDTH="14"/>
						<String ID="P328_ST00060" HPOS="994" VPOS="583" WIDTH="83" HEIGHT="32" CONTENT="each," WC="0.78" CC="00064"/>
						<SP ID="P328_SP00053" HPOS="1077" VPOS="620" WIDTH="17"/>
						<String ID="P328_ST00061" HPOS="1094" VPOS="591" WIDTH="83" HEIGHT="18" CONTENT="some" WC="1.00" CC="0000"/>
						<SP ID="P328_SP00054" HPOS="1177" VPOS="620" WIDTH="14"/>
						<String ID="P328_ST00062" HPOS="1191" VPOS="582" WIDTH="33" HEIGHT="27" CONTENT="of" WC="1.00" CC="00"/>
						<SP ID="P328_SP00055" HPOS="1224" VPOS="620" WIDTH="9"/>
						<String ID="P328_ST00063" HPOS="1233" VPOS="582" WIDTH="98" HEIGHT="27" CONTENT="which" WC="0.79" CC="04005"/>
						<SP ID="P328_SP00056" HPOS="1331" VPOS="620" WIDTH="13"/>
						<String ID="P328_ST00064" HPOS="1344" VPOS="582" WIDTH="38" HEIGHT="26" CONTENT="he" WC="0.66" CC="60"/>
						<SP ID="P328_SP00057" HPOS="1382" VPOS="620" WIDTH="15"/>
						<String ID="P328_ST00065" HPOS="1397" VPOS="582" WIDTH="40" HEIGHT="26" CONTENT="all" WC="0.86" CC="004"/>
						<SP ID="P328_SP00058" HPOS="1437" VPOS="620" WIDTH="15"/>
						<String ID="P328_ST00066" HPOS="1452" VPOS="582" WIDTH="51" HEIGHT="26" CONTENT="the" WC="0.78" CC="060"/>
					</TextLine>
					<TextLine ID="P328_TL00009" HPOS="349" VPOS="632" WIDTH="1155" HEIGHT="34">
						<String ID="P328_ST00067" HPOS="349" VPOS="635" WIDTH="88" HEIGHT="26" CONTENT="while" WC="0.86" CC="05000"/>
						<SP ID="P328_SP00059" HPOS="437" VPOS="661" WIDTH="11"/>
						<String ID="P328_ST00068" HPOS="448" VPOS="635" WIDTH="141" HEIGHT="26" CONTENT="intended" WC="0.96" CC="00002000"/>
						<SP ID="P328_SP00060" HPOS="589" VPOS="661" WIDTH="13"/>
						<String ID="P328_ST00069" HPOS="602" VPOS="639" WIDTH="30" HEIGHT="22" CONTENT="to" WC="1.00" CC="00"/>
						<SP ID="P328_SP00061" HPOS="632" VPOS="661" WIDTH="10"/>
						<String ID="P328_ST00070" HPOS="642" VPOS="635" WIDTH="118" HEIGHT="26" CONTENT="violate." WC="0.98" CC="00000100"/>
						<SP ID="P328_SP00062" HPOS="760" VPOS="661" WIDTH="28"/>
						<String ID="P328_ST00071" HPOS="788" VPOS="634" WIDTH="49" HEIGHT="26" CONTENT="He" WC="0.70" CC="50"/>
						<SP ID="P328_SP00063" HPOS="837" VPOS="661" WIDTH="14"/>
						<String ID="P328_ST00072" HPOS="851" VPOS="633" WIDTH="201" HEIGHT="27" CONTENT="nevertheless" WC="0.95" CC="000000500000"/>
						<SP ID="P328_SP00064" HPOS="1052" VPOS="661" WIDTH="15"/>
						<String ID="P328_ST00073" HPOS="1067" VPOS="632" WIDTH="50" HEIGHT="27" CONTENT="did" WC="0.93" CC="020"/>
						<SP ID="P328_SP00065" HPOS="1117" VPOS="661" WIDTH="15"/>
						<String ID="P328_ST00074" HPOS="1132" VPOS="637" WIDTH="52" HEIGHT="22" CONTENT="not" WC="1.00" CC="000"/>
						<SP ID="P328_SP00066" HPOS="1184" VPOS="661" WIDTH="15"/>
						<String ID="P328_ST00075" HPOS="1199" VPOS="632" WIDTH="119" HEIGHT="27" CONTENT="disdain" WC="1.00" CC="0000000"/>
						<SP ID="P328_SP00067" HPOS="1318" VPOS="661" WIDTH="13"/>
						<String ID="P328_ST00076" HPOS="1331" VPOS="632" WIDTH="51" HEIGHT="27" CONTENT="the" WC="0.79" CC="060"/>
						<SP ID="P328_SP00068" HPOS="1382" VPOS="661" WIDTH="13"/>
						<String ID="P328_ST00077" HPOS="1395" VPOS="641" WIDTH="109" HEIGHT="25" CONTENT="money" WC="0.93" CC="00300"/>
					</TextLine>
					<TextLine ID="P328_TL00010" HPOS="349" VPOS="681" WIDTH="1153" HEIGHT="38">
						<String ID="P328_ST00078" HPOS="349" VPOS="684" WIDTH="33" HEIGHT="26" CONTENT="of" WC="1.00" CC="00"/>
						<SP ID="P328_SP00069" HPOS="382" VPOS="710" WIDTH="16"/>
						<String ID="P328_ST00079" HPOS="398" VPOS="684" WIDTH="45" HEIGHT="26" CONTENT="his" WC="0.79" CC="500"/>
						<SP ID="P328_SP00070" HPOS="443" VPOS="710" WIDTH="17"/>
						<String ID="P328_ST00080" HPOS="460" VPOS="693" WIDTH="65" HEIGHT="18" CONTENT="own" WC="0.91" CC="002"/>
						<SP ID="P328_SP00071" HPOS="525" VPOS="711" WIDTH="15"/>
						<String ID="P328_ST00081" HPOS="540" VPOS="685" WIDTH="115" HEIGHT="34" CONTENT="people," WC="0.92" CC="0000203"/>
						<SP ID="P328_SP00072" HPOS="655" VPOS="719" WIDTH="16"/>
						<String ID="P328_ST00082" HPOS="671" VPOS="685" WIDTH="59" HEIGHT="25" CONTENT="and" WC="0.73" CC="700"/>
						<SP ID="P328_SP00073" HPOS="730" VPOS="719" WIDTH="21"/>
						<String ID="P328_ST00083" HPOS="751" VPOS="684" WIDTH="152" HEIGHT="26" CONTENT="extracted" WC="0.97" CC="000200000"/>
						<SP ID="P328_SP00074" HPOS="903" VPOS="719" WIDTH="21"/>
						<String ID="P328_ST00084" HPOS="924" VPOS="692" WIDTH="18" HEIGHT="17" CONTENT="a" WC="1.00" CC="0"/>
						<SP ID="P328_SP00075" HPOS="942" VPOS="719" WIDTH="16"/>
						<String ID="P328_ST00085" HPOS="958" VPOS="692" WIDTH="65" HEIGHT="17" CONTENT="sum" WC="1.00" CC="000"/>
						<SP ID="P328_SP00076" HPOS="1023" VPOS="719" WIDTH="15"/>
						<String ID="P328_ST00086" HPOS="1038" VPOS="682" WIDTH="33" HEIGHT="27" CONTENT="of" WC="1.00" CC="00"/>
						<SP ID="P328_SP00077" HPOS="1071" VPOS="719" WIDTH="12"/>
						<String ID="P328_ST00087" HPOS="1083" VPOS="683" WIDTH="149" HEIGHT="35" CONTENT="£310,000" WC="0.90" CC="06000000"/>
						<SP ID="P328_SP00078" HPOS="1232" VPOS="719" WIDTH="15"/>
						<String ID="P328_ST00088" HPOS="1247" VPOS="681" WIDTH="74" HEIGHT="28" CONTENT="from" WC="0.83" CC="1500"/>
						<SP ID="P328_SP00079" HPOS="1321" VPOS="719" WIDTH="15"/>
						<String ID="P328_ST00089" HPOS="1336" VPOS="682" WIDTH="50" HEIGHT="27" CONTENT="the" WC="0.83" CC="050"/>
						<SP ID="P328_SP00080" HPOS="1386" VPOS="719" WIDTH="15"/>
						<String ID="P328_ST00090" HPOS="1401" VPOS="681" WIDTH="101" HEIGHT="34" CONTENT="public" WC="0.85" CC="050040"/>
					</TextLine>
					<TextLine ID="P328_TL00011" HPOS="349" VPOS="732" WIDTH="829" HEIGHT="35">
						<String ID="P328_ST00091" HPOS="349" VPOS="734" WIDTH="116" HEIGHT="33" CONTENT="pocket," WC="0.89" CC="0003002"/>
						<SP ID="P328_SP00081" HPOS="465" VPOS="767" WIDTH="18"/>
						<String ID="P328_ST00092" HPOS="483" VPOS="734" WIDTH="30" HEIGHT="25" CONTENT="in" WC="1.00" CC="00"/>
						<SP ID="P328_SP00082" HPOS="513" VPOS="767" WIDTH="14"/>
						<String ID="P328_ST00093" HPOS="527" VPOS="735" WIDTH="49" HEIGHT="25" CONTENT="the" WC="0.66" CC="450"/>
						<SP ID="P328_SP00083" HPOS="576" VPOS="767" WIDTH="15"/>
						<String ID="P328_ST00094" HPOS="591" VPOS="735" WIDTH="92" HEIGHT="32" CONTENT="shape" WC="0.89" CC="05000"/>
						<SP ID="P328_SP00084" HPOS="683" VPOS="767" WIDTH="14"/>
						<String ID="P328_ST00095" HPOS="697" VPOS="733" WIDTH="33" HEIGHT="27" CONTENT="of" WC="0.91" CC="01"/>
						<SP ID="P328_SP00085" HPOS="730" VPOS="767" WIDTH="10"/>
						<String ID="P328_ST00096" HPOS="740" VPOS="742" WIDTH="17" HEIGHT="17" CONTENT="a" WC="1.00" CC="0"/>
						<SP ID="P328_SP00086" HPOS="757" VPOS="767" WIDTH="15"/>
						<String ID="P328_ST00097" HPOS="772" VPOS="734" WIDTH="108" HEIGHT="33" CONTENT="supply" WC="0.95" CC="000020"/>
						<SP ID="P328_SP00087" HPOS="880" VPOS="767" WIDTH="14"/>
						<String ID="P328_ST00098" HPOS="894" VPOS="733" WIDTH="74" HEIGHT="26" CONTENT="from" WC="1.00" CC="0000"/>
						<SP ID="P328_SP00088" HPOS="968" VPOS="767" WIDTH="16"/>
						<String ID="P328_ST00099" HPOS="984" VPOS="732" WIDTH="194" HEIGHT="26" CONTENT="Parliament." WC="0.88" CC="20035000000"/>
					</TextLine>
				</TextBlock>
				<TextBlock ID="P328_TB00005" HPOS="349" VPOS="806" WIDTH="1154" HEIGHT="629" STYLEREFS="TXT_2 PAR_LEFT">
					<TextLine ID="P328_TL00012" HPOS="404" VPOS="806" WIDTH="1099" HEIGHT="37">
						<String ID="P328_ST00100" HPOS="404" VPOS="809" WIDTH="64" HEIGHT="26" CONTENT="The" WC="0.80" CC="060"/>
						<SP ID="P328_SP00089" HPOS="468" VPOS="835" WIDTH="18"/>
						<String ID="P328_ST00101" HPOS="486" VPOS="809" WIDTH="143" HEIGHT="27" CONTENT="domestic" WC="0.99" CC="00000000"/>
						<SP ID="P328_SP00090" HPOS="629" VPOS="836" WIDTH="18"/>
						<String ID="P328_ST00102" HPOS="647" VPOS="808" WIDTH="197" HEIGHT="35" CONTENT="proceedings" WC="0.87" CC="01200000090"/>
						<SP ID="P328_SP00091" HPOS="844" VPOS="843" WIDTH="23"/>
						<String ID="P328_ST00103" HPOS="867" VPOS="808" WIDTH="34" HEIGHT="27" CONTENT="of" WC="1.00" CC="00"/>
						<SP ID="P328_SP00092" HPOS="901" VPOS="843" WIDTH="15"/>
						<String ID="P328_ST00104" HPOS="916" VPOS="808" WIDTH="51" HEIGHT="26" CONTENT="the" WC="0.80" CC="050"/>
						<SP ID="P328_SP00093" HPOS="967" VPOS="843" WIDTH="22"/>
						<String ID="P328_ST00105" HPOS="989" VPOS="807" WIDTH="77" HEIGHT="35" CONTENT="king" WC="0.99" CC="0000"/>
						<SP ID="P328_SP00094" HPOS="1066" VPOS="843" WIDTH="18"/>
						<String ID="P328_ST00106" HPOS="1084" VPOS="815" WIDTH="77" HEIGHT="19" CONTENT="were" WC="0.86" CC="0050"/>
						<SP ID="P328_SP00095" HPOS="1161" VPOS="843" WIDTH="20"/>
						<String ID="P328_ST00107" HPOS="1181" VPOS="807" WIDTH="113" HEIGHT="34" CONTENT="always" WC="1.00" CC="000000"/>
						<SP ID="P328_SP00096" HPOS="1294" VPOS="843" WIDTH="15"/>
						<String ID="P328_ST00108" HPOS="1309" VPOS="806" WIDTH="33" HEIGHT="26" CONTENT="of" WC="1.00" CC="00"/>
						<SP ID="P328_SP00097" HPOS="1342" VPOS="843" WIDTH="18"/>
						<String ID="P328_ST00109" HPOS="1360" VPOS="806" WIDTH="51" HEIGHT="26" CONTENT="the" WC="0.82" CC="050"/>
						<SP ID="P328_SP00098" HPOS="1411" VPOS="843" WIDTH="14"/>
						<String ID="P328_ST00110" HPOS="1425" VPOS="810" WIDTH="78" HEIGHT="22" CONTENT="most" WC="0.99" CC="0000"/>
					</TextLine>
					<TextLine ID="P328_TL00013" HPOS="349" VPOS="856" WIDTH="1154" HEIGHT="37">
						<String ID="P328_ST00111" HPOS="349" VPOS="858" WIDTH="202" HEIGHT="35" CONTENT="disreputable" WC="0.96" CC="000100400000"/>
						<SP ID="P328_SP00099" HPOS="551" VPOS="893" WIDTH="20"/>
						<String ID="P328_ST00112" HPOS="571" VPOS="858" WIDTH="82" HEIGHT="33" CONTENT="kind," WC="0.89" CC="03002"/>
						<SP ID="P328_SP00100" HPOS="653" VPOS="893" WIDTH="24"/>
						<String ID="P328_ST00113" HPOS="677" VPOS="859" WIDTH="58" HEIGHT="25" CONTENT="and" WC="0.69" CC="900"/>
						<SP ID="P328_SP00101" HPOS="735" VPOS="893" WIDTH="23"/>
						<String ID="P328_ST00114" HPOS="758" VPOS="858" WIDTH="38" HEIGHT="27" CONTENT="he" WC="0.73" CC="50"/>
						<SP ID="P328_SP00102" HPOS="796" VPOS="893" WIDTH="22"/>
						<String ID="P328_ST00115" HPOS="818" VPOS="858" WIDTH="60" HEIGHT="26" CONTENT="had" WC="0.86" CC="400"/>
						<SP ID="P328_SP00103" HPOS="878" VPOS="893" WIDTH="22"/>
						<String ID="P328_ST00116" HPOS="900" VPOS="858" WIDTH="93" HEIGHT="34" CONTENT="lately" WC="0.85" CC="503000"/>
						<SP ID="P328_SP00104" HPOS="993" VPOS="893" WIDTH="19"/>
						<String ID="P328_ST00117" HPOS="1012" VPOS="858" WIDTH="92" HEIGHT="25" CONTENT="taken" WC="0.91" CC="00400"/>
						<SP ID="P328_SP00105" HPOS="1104" VPOS="893" WIDTH="19"/>
						<String ID="P328_ST00118" HPOS="1123" VPOS="865" WIDTH="40" HEIGHT="26" CONTENT="up" WC="0.69" CC="60"/>
						<SP ID="P328_SP00106" HPOS="1163" VPOS="893" WIDTH="23"/>
						<String ID="P328_ST00119" HPOS="1186" VPOS="856" WIDTH="73" HEIGHT="27" CONTENT="with" WC="0.85" CC="0041"/>
						<SP ID="P328_SP00107" HPOS="1259" VPOS="893" WIDTH="22"/>
						<String ID="P328_ST00120" HPOS="1281" VPOS="865" WIDTH="56" HEIGHT="17" CONTENT="one" WC="1.00" CC="000"/>
						<SP ID="P328_SP00108" HPOS="1337" VPOS="893" WIDTH="23"/>
						<String ID="P328_ST00121" HPOS="1360" VPOS="856" WIDTH="89" HEIGHT="35" CONTENT="Mary" WC="1.00" CC="0000"/>
						<SP ID="P328_SP00109" HPOS="1449" VPOS="893" WIDTH="21"/>
						<String ID="P328_ST00122" HPOS="1470" VPOS="865" WIDTH="33" HEIGHT="16" CONTENT="or" WC="0.72" CC="04"/>
					</TextLine>
					<TextLine ID="P328_TL00014" HPOS="350" VPOS="906" WIDTH="1152" HEIGHT="37">
						<String ID="P328_ST00123" HPOS="350" VPOS="908" WIDTH="96" HEIGHT="35" CONTENT="Molly" WC="1.00" CC="00000"/>
						<SP ID="P328_SP00110" HPOS="446" VPOS="943" WIDTH="13"/>
						<String ID="P328_ST00124" HPOS="459" VPOS="908" WIDTH="121" HEIGHT="32" CONTENT="Davies," WC="0.91" CC="0006000"/>
						<SP ID="P328_SP00111" HPOS="580" VPOS="943" WIDTH="15"/>
						<String ID="P328_ST00125" HPOS="595" VPOS="917" WIDTH="17" HEIGHT="17" CONTENT="a" WC="1.00" CC="0"/>
						<SP ID="P328_SP00112" HPOS="612" VPOS="943" WIDTH="12"/>
						<String ID="P328_ST00126" HPOS="624" VPOS="908" WIDTH="45" HEIGHT="34" CONTENT="jig" WC="0.78" CC="330"/>
						<SP ID="P328_SP00113" HPOS="669" VPOS="943" WIDTH="15"/>
						<String ID="P328_ST00127" HPOS="684" VPOS="908" WIDTH="117" HEIGHT="32" CONTENT="dancer," WC="0.86" CC="0050004"/>
						<SP ID="P328_SP00114" HPOS="801" VPOS="943" WIDTH="14"/>
						<String ID="P328_ST00128" HPOS="815" VPOS="907" WIDTH="67" HEIGHT="27" CONTENT="who" WC="0.89" CC="030"/>
						<SP ID="P328_SP00115" HPOS="882" VPOS="943" WIDTH="13"/>
						<String ID="P328_ST00129" HPOS="895" VPOS="907" WIDTH="166" HEIGHT="34" CONTENT="pretended" WC="1.00" CC="000000000"/>
						<SP ID="P328_SP00116" HPOS="1061" VPOS="943" WIDTH="14"/>
						<String ID="P328_ST00130" HPOS="1075" VPOS="910" WIDTH="30" HEIGHT="23" CONTENT="to" WC="1.00" CC="00"/>
						<SP ID="P328_SP00117" HPOS="1105" VPOS="943" WIDTH="16"/>
						<String ID="P328_ST00131" HPOS="1121" VPOS="914" WIDTH="84" HEIGHT="18" CONTENT="come" WC="1.00" CC="0000"/>
						<SP ID="P328_SP00118" HPOS="1205" VPOS="943" WIDTH="16"/>
						<String ID="P328_ST00132" HPOS="1221" VPOS="906" WIDTH="32" HEIGHT="26" CONTENT="of" WC="1.00" CC="00"/>
						<SP ID="P328_SP00119" HPOS="1253" VPOS="943" WIDTH="11"/>
						<String ID="P328_ST00133" HPOS="1264" VPOS="915" WIDTH="17" HEIGHT="17" CONTENT="a" WC="0.79" CC="2"/>
						<SP ID="P328_SP00120" HPOS="1281" VPOS="943" WIDTH="13"/>
						<String ID="P328_ST00134" HPOS="1294" VPOS="914" WIDTH="74" HEIGHT="26" CONTENT="very" WC="0.96" CC="0010"/>
						<SP ID="P328_SP00121" HPOS="1368" VPOS="943" WIDTH="13"/>
						<String ID="P328_ST00135" HPOS="1381" VPOS="906" WIDTH="121" HEIGHT="26" CONTENT="ancient" WC="1.00" CC="0000000"/>
					</TextLine>
					<TextLine ID="P328_TL00015" HPOS="349" VPOS="955" WIDTH="1154" HEIGHT="37">
						<String ID="P328_ST00136" HPOS="349" VPOS="957" WIDTH="104" HEIGHT="35" CONTENT="family" WC="1.00" CC="000000"/>
						<SP ID="P328_SP00122" HPOS="453" VPOS="992" WIDTH="13"/>
						<String ID="P328_ST00137" HPOS="466" VPOS="957" WIDTH="30" HEIGHT="26" CONTENT="in" WC="0.76" CC="40"/>
						<SP ID="P328_SP00123" HPOS="496" VPOS="992" WIDTH="15"/>
						<String ID="P328_ST00138" HPOS="511" VPOS="957" WIDTH="161" HEIGHT="27" CONTENT="Moldavia." WC="1.00" CC="000000000"/>
						<SP ID="P328_SP00124" HPOS="672" VPOS="992" WIDTH="40"/>
						<String ID="P328_ST00139" HPOS="712" VPOS="957" WIDTH="72" HEIGHT="26" CONTENT="This" WC="0.90" CC="0400"/>
						<SP ID="P328_SP00125" HPOS="784" VPOS="992" WIDTH="13"/>
						<String ID="P328_ST00140" HPOS="797" VPOS="957" WIDTH="149" HEIGHT="26" CONTENT="wretched" WC="0.89" CC="03000400"/>
						<SP ID="P328_SP00126" HPOS="946" VPOS="992" WIDTH="21"/>
						<String ID="P328_ST00141" HPOS="967" VPOS="957" WIDTH="77" HEIGHT="26" CONTENT="little" WC="0.91" CC="500000"/>
						<SP ID="P328_SP00127" HPOS="1044" VPOS="992" WIDTH="14"/>
						<String ID="P328_ST00142" HPOS="1058" VPOS="956" WIDTH="168" HEIGHT="34" CONTENT="ballet-girl" WC="0.75" CC="00100549040"/>
						<SP ID="P328_SP00128" HPOS="1226" VPOS="992" WIDTH="19"/>
						<String ID="P328_ST00143" HPOS="1245" VPOS="964" WIDTH="63" HEIGHT="18" CONTENT="was" WC="1.00" CC="000"/>
						<SP ID="P328_SP00129" HPOS="1308" VPOS="992" WIDTH="20"/>
						<String ID="P328_ST00144" HPOS="1328" VPOS="955" WIDTH="175" HEIGHT="26" CONTENT="introduced" WC="0.91" CC="1020005000"/>
					</TextLine>
					<TextLine ID="P328_TL00016" HPOS="351" VPOS="1005" WIDTH="1152" HEIGHT="36">
						<String ID="P328_ST00145" HPOS="351" VPOS="1010" WIDTH="30" HEIGHT="23" CONTENT="at" WC="0.77" CC="04"/>
						<SP ID="P328_SP00130" HPOS="381" VPOS="1033" WIDTH="14"/>
						<String ID="P328_ST00146" HPOS="395" VPOS="1011" WIDTH="81" HEIGHT="22" CONTENT="court" WC="0.87" CC="00240"/>
						<SP ID="P328_SP00131" HPOS="476" VPOS="1033" WIDTH="14"/>
						<String ID="P328_ST00147" HPOS="490" VPOS="1007" WIDTH="40" HEIGHT="34" CONTENT="by" WC="1.00" CC="00"/>
						<SP ID="P328_SP00132" HPOS="530" VPOS="1041" WIDTH="13"/>
						<String ID="P328_ST00148" HPOS="543" VPOS="1007" WIDTH="50" HEIGHT="26" CONTENT="the" WC="0.78" CC="060"/>
						<SP ID="P328_SP00133" HPOS="593" VPOS="1041" WIDTH="14"/>
						<String ID="P328_ST00149" HPOS="607" VPOS="1007" WIDTH="83" HEIGHT="34" CONTENT="king," WC="0.85" CC="25000"/>
						<SP ID="P328_SP00134" HPOS="690" VPOS="1041" WIDTH="15"/>
						<String ID="P328_ST00150" HPOS="705" VPOS="1007" WIDTH="67" HEIGHT="26" CONTENT="who" WC="0.80" CC="050"/>
						<SP ID="P328_SP00135" HPOS="772" VPOS="1041" WIDTH="13"/>
						<String ID="P328_ST00151" HPOS="785" VPOS="1015" WIDTH="61" HEIGHT="18" CONTENT="was" WC="1.00" CC="000"/>
						<SP ID="P328_SP00136" HPOS="846" VPOS="1041" WIDTH="15"/>
						<String ID="P328_ST00152" HPOS="861" VPOS="1006" WIDTH="160" HEIGHT="35" CONTENT="positively" WC="0.93" CC="0000010050"/>
						<SP ID="P328_SP00137" HPOS="1021" VPOS="1041" WIDTH="13"/>
						<String ID="P328_ST00153" HPOS="1034" VPOS="1006" WIDTH="160" HEIGHT="26" CONTENT="ambitious" WC="0.75" CC="005504050"/>
						<SP ID="P328_SP00138" HPOS="1194" VPOS="1041" WIDTH="20"/>
						<String ID="P328_ST00154" HPOS="1214" VPOS="1005" WIDTH="33" HEIGHT="26" CONTENT="of" WC="1.00" CC="00"/>
						<SP ID="P328_SP00139" HPOS="1247" VPOS="1041" WIDTH="15"/>
						<String ID="P328_ST00155" HPOS="1262" VPOS="1005" WIDTH="93" HEIGHT="35" CONTENT="being" WC="0.92" CC="00030"/>
						<SP ID="P328_SP00140" HPOS="1355" VPOS="1041" WIDTH="20"/>
						<String ID="P328_ST00156" HPOS="1375" VPOS="1006" WIDTH="128" HEIGHT="34" CONTENT="thought" WC="0.76" CC="0405060"/>
					</TextLine>
					<TextLine ID="P328_TL00017" HPOS="349" VPOS="1055" WIDTH="1153" HEIGHT="35">
						<String ID="P328_ST00157" HPOS="349" VPOS="1056" WIDTH="100" HEIGHT="26" CONTENT="rather" WC="0.79" CC="300602"/>
						<SP ID="P328_SP00141" HPOS="449" VPOS="1082" WIDTH="27"/>
						<String ID="P328_ST00158" HPOS="476" VPOS="1056" WIDTH="110" HEIGHT="32" CONTENT='"fast,"' WC="0.88" CC="0000106"/>
						<SP ID="P328_SP00142" HPOS="586" VPOS="1088" WIDTH="24"/>
						<String ID="P328_ST00159" HPOS="610" VPOS="1065" WIDTH="38" HEIGHT="17" CONTENT="an" WC="1.00" CC="00"/>
						<SP ID="P328_SP00143" HPOS="648" VPOS="1088" WIDTH="26"/>
						<String ID="P328_ST00160" HPOS="674" VPOS="1056" WIDTH="112" HEIGHT="34" CONTENT="epithet" WC="0.88" CC="0010600"/>
						<SP ID="P328_SP00144" HPOS="786" VPOS="1090" WIDTH="26"/>
						<String ID="P328_ST00161" HPOS="812" VPOS="1056" WIDTH="99" HEIGHT="26" CONTENT="which" WC="0.63" CC="05506"/>
						<SP ID="P328_SP00145" HPOS="911" VPOS="1090" WIDTH="26"/>
						<String ID="P328_ST00162" HPOS="937" VPOS="1055" WIDTH="25" HEIGHT="26" CONTENT="is" WC="0.70" CC="50"/>
						<SP ID="P328_SP00146" HPOS="962" VPOS="1090" WIDTH="27"/>
						<String ID="P328_ST00163" HPOS="989" VPOS="1056" WIDTH="156" HEIGHT="34" CONTENT="generally" WC="0.91" CC="000050020"/>
						<SP ID="P328_SP00147" HPOS="1145" VPOS="1090" WIDTH="26"/>
						<String ID="P328_ST00164" HPOS="1171" VPOS="1055" WIDTH="153" HEIGHT="26" CONTENT="bestowed" WC="0.95" CC="40000000"/>
						<SP ID="P328_SP00148" HPOS="1324" VPOS="1090" WIDTH="29"/>
						<String ID="P328_ST00165" HPOS="1353" VPOS="1063" WIDTH="39" HEIGHT="17" CONTENT="on" WC="1.00" CC="00"/>
						<SP ID="P328_SP00149" HPOS="1392" VPOS="1090" WIDTH="28"/>
						<String ID="P328_ST00166" HPOS="1420" VPOS="1055" WIDTH="82" HEIGHT="25" CONTENT="loose" WC="1.00" CC="00000"/>
					</TextLine>
					<TextLine ID="P328_TL00018" HPOS="350" VPOS="1105" WIDTH="1152" HEIGHT="35">
						<String ID="P328_ST00167" HPOS="350" VPOS="1106" WIDTH="176" HEIGHT="26" CONTENT="characters." WC="0.90" CC="05000000500"/>
						<SP ID="P328_SP00150" HPOS="526" VPOS="1132" WIDTH="40"/>
						<String ID="P328_ST00168" HPOS="566" VPOS="1106" WIDTH="48" HEIGHT="26" CONTENT="He" WC="0.71" CC="50"/>
						<SP ID="P328_SP00151" HPOS="614" VPOS="1132" WIDTH="17"/>
						<String ID="P328_ST00169" HPOS="631" VPOS="1106" WIDTH="60" HEIGHT="26" CONTENT="had" WC="0.81" CC="500"/>
						<SP ID="P328_SP00152" HPOS="691" VPOS="1132" WIDTH="19"/>
						<String ID="P328_ST00170" HPOS="710" VPOS="1106" WIDTH="63" HEIGHT="26" CONTENT="also" WC="0.90" CC="0300"/>
						<SP ID="P328_SP00153" HPOS="773" VPOS="1132" WIDTH="15"/>
						<String ID="P328_ST00171" HPOS="788" VPOS="1105" WIDTH="114" HEIGHT="27" CONTENT="formed" WC="0.92" CC="004000"/>
						<SP ID="P328_SP00154" HPOS="902" VPOS="1132" WIDTH="17"/>
						<String ID="P328_ST00172" HPOS="919" VPOS="1114" WIDTH="39" HEIGHT="17" CONTENT="an" WC="0.96" CC="00"/>
						<SP ID="P328_SP00155" HPOS="958" VPOS="1132" WIDTH="17"/>
						<String ID="P328_ST00173" HPOS="975" VPOS="1105" WIDTH="144" HEIGHT="35" CONTENT="intimacy" WC="0.97" CC="00011000"/>
						<SP ID="P328_SP00156" HPOS="1119" VPOS="1140" WIDTH="13"/>
						<String ID="P328_ST00174" HPOS="1132" VPOS="1105" WIDTH="73" HEIGHT="27" CONTENT="with" WC="0.86" CC="0005"/>
						<SP ID="P328_SP00157" HPOS="1205" VPOS="1140" WIDTH="20"/>
						<String ID="P328_ST00175" HPOS="1225" VPOS="1105" WIDTH="139" HEIGHT="32" CONTENT="Eleanor," WC="0.90" CC="00000052"/>
						<SP ID="P328_SP00158" HPOS="1364" VPOS="1140" WIDTH="17"/>
						<String ID="P328_ST00176" HPOS="1381" VPOS="1114" WIDTH="33" HEIGHT="17" CONTENT="or" WC="0.87" CC="02"/>
						<SP ID="P328_SP00159" HPOS="1414" VPOS="1140" WIDTH="19"/>
						<String ID="P328_ST00177" HPOS="1433" VPOS="1105" WIDTH="69" HEIGHT="26" CONTENT="Nell" WC="0.91" CC="0030"/>
					</TextLine>
					<TextLine ID="P328_TL00019" HPOS="351" VPOS="1155" WIDTH="1150" HEIGHT="35">
						<String ID="P328_ST00178" HPOS="351" VPOS="1155" WIDTH="141" HEIGHT="35" CONTENT="Gwynne," WC="0.79" CC="6003004"/>
						<SP ID="P328_SP00160" HPOS="492" VPOS="1190" WIDTH="25"/>
						<String ID="P328_ST00179" HPOS="517" VPOS="1155" WIDTH="160" HEIGHT="35" CONTENT="originally" WC="0.98" CC="0200000000"/>
						<SP ID="P328_SP00161" HPOS="677" VPOS="1190" WIDTH="14"/>
						<String ID="P328_ST00180" HPOS="691" VPOS="1164" WIDTH="17" HEIGHT="17" CONTENT="a" WC="0.79" CC="2"/>
						<SP ID="P328_SP00162" HPOS="708" VPOS="1190" WIDTH="19"/>
						<String ID="P328_ST00181" HPOS="727" VPOS="1156" WIDTH="113" HEIGHT="25" CONTENT="vendor" WC="0.93" CC="000004"/>
						<SP ID="P328_SP00163" HPOS="840" VPOS="1190" WIDTH="20"/>
						<String ID="P328_ST00182" HPOS="860" VPOS="1155" WIDTH="33" HEIGHT="26" CONTENT="of" WC="1.00" CC="00"/>
						<SP ID="P328_SP00164" HPOS="893" VPOS="1190" WIDTH="10"/>
						<String ID="P328_ST00183" HPOS="903" VPOS="1158" WIDTH="16" HEIGHT="11" CONTENT='"' WC="1.00" CC="0"/>
						<SP ID="P328_SP00165" HPOS="919" VPOS="1190" WIDTH="10"/>
						<String ID="P328_ST00184" HPOS="929" VPOS="1163" WIDTH="137" HEIGHT="26" CONTENT="oranges," WC="0.94" CC="03000001"/>
						<SP ID="P328_SP00166" HPOS="1066" VPOS="1190" WIDTH="17"/>
						<String ID="P328_ST00185" HPOS="1083" VPOS="1156" WIDTH="114" HEIGHT="33" CONTENT="apples," WC="0.89" CC="0003004"/>
						<SP ID="P328_SP00167" HPOS="1197" VPOS="1190" WIDTH="16"/>
						<String ID="P328_ST00186" HPOS="1213" VPOS="1159" WIDTH="78" HEIGHT="28" CONTENT="nuts," WC="0.89" CC="00103"/>
						<SP ID="P328_SP00168" HPOS="1291" VPOS="1190" WIDTH="16"/>
						<String ID="P328_ST00187" HPOS="1307" VPOS="1156" WIDTH="59" HEIGHT="25" CONTENT="and" WC="1.00" CC="000"/>
						<SP ID="P328_SP00169" HPOS="1366" VPOS="1190" WIDTH="19"/>
						<String ID="P328_ST00188" HPOS="1385" VPOS="1155" WIDTH="116" HEIGHT="34" CONTENT='pears,"' WC="0.83" CC="0003034"/>
					</TextLine>
					<TextLine ID="P328_TL00020" HPOS="349" VPOS="1204" WIDTH="1154" HEIGHT="35">
						<String ID="P328_ST00189" HPOS="349" VPOS="1206" WIDTH="53" HEIGHT="25" CONTENT="but" WC="0.92" CC="020"/>
						<SP ID="P328_SP00170" HPOS="402" VPOS="1231" WIDTH="14"/>
						<String ID="P328_ST00190" HPOS="416" VPOS="1206" WIDTH="213" HEIGHT="33" CONTENT="subsequently" WC="0.93" CC="004000300000"/>
						<SP ID="P328_SP00171" HPOS="629" VPOS="1239" WIDTH="13"/>
						<String ID="P328_ST00191" HPOS="642" VPOS="1214" WIDTH="38" HEIGHT="16" CONTENT="an" WC="1.00" CC="00"/>
						<SP ID="P328_SP00172" HPOS="680" VPOS="1239" WIDTH="15"/>
						<String ID="P328_ST00192" HPOS="695" VPOS="1209" WIDTH="110" HEIGHT="22" CONTENT="actress" WC="0.94" CC="0004000"/>
						<SP ID="P328_SP00173" HPOS="805" VPOS="1239" WIDTH="13"/>
						<String ID="P328_ST00193" HPOS="818" VPOS="1215" WIDTH="5" HEIGHT="20" CONTENT=";" WC="0.98" CC="0"/>
						<SP ID="P328_SP00174" HPOS="823" VPOS="1239" WIDTH="22"/>
						<String ID="P328_ST00194" HPOS="845" VPOS="1205" WIDTH="60" HEIGHT="26" CONTENT="and" WC="0.82" CC="050"/>
						<SP ID="P328_SP00175" HPOS="905" VPOS="1239" WIDTH="13"/>
						<String ID="P328_ST00195" HPOS="918" VPOS="1205" WIDTH="24" HEIGHT="26" CONTENT="it" WC="0.79" CC="40"/>
						<SP ID="P328_SP00176" HPOS="942" VPOS="1239" WIDTH="14"/>
						<String ID="P328_ST00196" HPOS="956" VPOS="1213" WIDTH="62" HEIGHT="18" CONTENT="was" WC="1.00" CC="000"/>
						<SP ID="P328_SP00177" HPOS="1018" VPOS="1239" WIDTH="21"/>
						<String ID="P328_ST00197" HPOS="1039" VPOS="1204" WIDTH="66" HEIGHT="27" CONTENT="said" WC="1.00" CC="0000"/>
						<SP ID="P328_SP00178" HPOS="1105" VPOS="1239" WIDTH="21"/>
						<String ID="P328_ST00198" HPOS="1126" VPOS="1208" WIDTH="31" HEIGHT="22" CONTENT="at" WC="1.00" CC="00"/>
						<SP ID="P328_SP00179" HPOS="1157" VPOS="1239" WIDTH="20"/>
						<String ID="P328_ST00199" HPOS="1177" VPOS="1205" WIDTH="50" HEIGHT="26" CONTENT="the" WC="0.84" CC="040"/>
						<SP ID="P328_SP00180" HPOS="1227" VPOS="1239" WIDTH="21"/>
						<String ID="P328_ST00200" HPOS="1248" VPOS="1204" WIDTH="72" HEIGHT="27" CONTENT="time" WC="1.00" CC="0000"/>
						<String ID="P328_ST00201" HPOS="1322" VPOS="1220" WIDTH="36" HEIGHT="3" CONTENT="—" WC="0.20" CC="8"/>
						<String ID="P328_ST00202" HPOS="1359" VPOS="1204" WIDTH="98" HEIGHT="26" CONTENT="which" WC="0.87" CC="05000"/>
						<SP ID="P328_SP00181" HPOS="1457" VPOS="1239" WIDTH="21"/>
						<String ID="P328_ST00203" HPOS="1478" VPOS="1205" WIDTH="25" HEIGHT="26" CONTENT="is" WC="0.82" CC="30"/>
					</TextLine>
					<TextLine ID="P328_TL00021" HPOS="350" VPOS="1254" WIDTH="1153" HEIGHT="36">
						<String ID="P328_ST00204" HPOS="350" VPOS="1263" WIDTH="81" HEIGHT="17" CONTENT="some" WC="1.00" CC="0000"/>
						<SP ID="P328_SP00182" HPOS="431" VPOS="1280" WIDTH="14"/>
						<String ID="P328_ST00205" HPOS="445" VPOS="1263" WIDTH="108" HEIGHT="17" CONTENT="excuse" WC="0.92" CC="000400"/>
						<SP ID="P328_SP00183" HPOS="553" VPOS="1280" WIDTH="13"/>
						<String ID="P328_ST00206" HPOS="566" VPOS="1255" WIDTH="129" HEIGHT="33" CONTENT="perhaps" WC="0.86" CC="0036000"/>
						<SP ID="P328_SP00184" HPOS="695" VPOS="1288" WIDTH="13"/>
						<String ID="P328_ST00207" HPOS="708" VPOS="1254" WIDTH="44" HEIGHT="27" CONTENT="for" WC="0.99" CC="000"/>
						<SP ID="P328_SP00185" HPOS="752" VPOS="1288" WIDTH="13"/>
						<String ID="P328_ST00208" HPOS="765" VPOS="1263" WIDTH="53" HEIGHT="18" CONTENT="our" WC="0.85" CC="040"/>
						<SP ID="P328_SP00186" HPOS="818" VPOS="1288" WIDTH="14"/>
						<String ID="P328_ST00209" HPOS="832" VPOS="1255" WIDTH="110" HEIGHT="35" CONTENT="saying" WC="0.82" CC="000009"/>
						<SP ID="P328_SP00187" HPOS="942" VPOS="1290" WIDTH="18"/>
						<String ID="P328_ST00210" HPOS="960" VPOS="1255" WIDTH="22" HEIGHT="26" CONTENT="it" WC="0.95" CC="00"/>
						<SP ID="P328_SP00188" HPOS="982" VPOS="1290" WIDTH="20"/>
						<String ID="P328_ST00211" HPOS="1002" VPOS="1254" WIDTH="92" HEIGHT="34" CONTENT="again" WC="1.00" CC="00000"/>
						<String ID="P328_ST00212" HPOS="1095" VPOS="1270" WIDTH="37" HEIGHT="3" CONTENT="—" WC="0.20" CC="8"/>
						<String ID="P328_ST00213" HPOS="1132" VPOS="1255" WIDTH="67" HEIGHT="25" CONTENT="that" WC="0.92" CC="0300"/>
						<SP ID="P328_SP00189" HPOS="1199" VPOS="1290" WIDTH="20"/>
						<String ID="P328_ST00214" HPOS="1219" VPOS="1255" WIDTH="131" HEIGHT="26" CONTENT="Eleanor" WC="0.95" CC="1200000"/>
						<SP ID="P328_SP00190" HPOS="1350" VPOS="1290" WIDTH="20"/>
						<String ID="P328_ST00215" HPOS="1370" VPOS="1255" WIDTH="133" HEIGHT="25" CONTENT="sounded" WC="0.93" CC="0040000"/>
					</TextLine>
					<TextLine ID="P328_TL00022" HPOS="349" VPOS="1303" WIDTH="1154" HEIGHT="36">
						<String ID="P328_ST00216" HPOS="349" VPOS="1304" WIDTH="50" HEIGHT="25" CONTENT="the" WC="0.68" CC="450"/>
						<SP ID="P328_SP00191" HPOS="399" VPOS="1329" WIDTH="20"/>
						<String ID="P328_ST00217" HPOS="419" VPOS="1304" WIDTH="81" HEIGHT="25" CONTENT="knell" WC="1.00" CC="00000"/>
						<SP ID="P328_SP00192" HPOS="500" VPOS="1329" WIDTH="20"/>
						<String ID="P328_ST00218" HPOS="520" VPOS="1303" WIDTH="33" HEIGHT="27" CONTENT="of" WC="0.97" CC="00"/>
						<SP ID="P328_SP00193" HPOS="553" VPOS="1330" WIDTH="13"/>
						<String ID="P328_ST00219" HPOS="566" VPOS="1304" WIDTH="82" HEIGHT="26" CONTENT="older" WC="0.86" CC="02004"/>
						<SP ID="P328_SP00194" HPOS="648" VPOS="1330" WIDTH="18"/>
						<String ID="P328_ST00220" HPOS="666" VPOS="1304" WIDTH="169" HEIGHT="26" CONTENT="favourites." WC="1.00" CC="00000000000"/>
						<SP ID="P328_SP00195" HPOS="835" VPOS="1330" WIDTH="39"/>
						<String ID="P328_ST00221" HPOS="874" VPOS="1305" WIDTH="85" HEIGHT="34" CONTENT="Lady" WC="0.98" CC="0000"/>
						<SP ID="P328_SP00196" HPOS="959" VPOS="1339" WIDTH="15"/>
						<String ID="P328_ST00222" HPOS="974" VPOS="1304" WIDTH="211" HEIGHT="32" CONTENT="Castlemaine," WC="0.88" CC="200000004204"/>
						<SP ID="P328_SP00197" HPOS="1185" VPOS="1339" WIDTH="16"/>
						<String ID="P328_ST00223" HPOS="1201" VPOS="1304" WIDTH="67" HEIGHT="26" CONTENT="who" WC="0.77" CC="060"/>
						<SP ID="P328_SP00198" HPOS="1268" VPOS="1339" WIDTH="23"/>
						<String ID="P328_ST00224" HPOS="1291" VPOS="1308" WIDTH="79" HEIGHT="23" CONTENT="went" WC="0.93" CC="0020"/>
						<SP ID="P328_SP00199" HPOS="1370" VPOS="1339" WIDTH="22"/>
						<String ID="P328_ST00225" HPOS="1392" VPOS="1305" WIDTH="42" HEIGHT="34" CONTENT="by" WC="1.00" CC="00"/>
						<SP ID="P328_SP00200" HPOS="1434" VPOS="1339" WIDTH="19"/>
						<String ID="P328_ST00226" HPOS="1453" VPOS="1305" WIDTH="50" HEIGHT="26" CONTENT="the" WC="0.79" CC="060"/>
					</TextLine>
					<TextLine ID="P328_TL00023" HPOS="350" VPOS="1352" WIDTH="1152" HEIGHT="37">
						<String ID="P328_ST00227" HPOS="350" VPOS="1361" WIDTH="87" HEIGHT="17" CONTENT="name" WC="1.00" CC="0000"/>
						<SP ID="P328_SP00201" HPOS="437" VPOS="1378" WIDTH="18"/>
						<String ID="P328_ST00228" HPOS="455" VPOS="1352" WIDTH="33" HEIGHT="26" CONTENT="of" WC="1.00" CC="00"/>
						<SP ID="P328_SP00202" HPOS="488" VPOS="1378" WIDTH="16"/>
						<String ID="P328_ST00229" HPOS="504" VPOS="1355" WIDTH="17" HEIGHT="11" CONTENT='"' WC="0.55" CC="4"/>
						<SP ID="P328_SP00203" HPOS="521" VPOS="1378" WIDTH="11"/>
						<String ID="P328_ST00230" HPOS="532" VPOS="1353" WIDTH="50" HEIGHT="25" CONTENT="the" WC="0.77" CC="060"/>
						<SP ID="P328_SP00204" HPOS="582" VPOS="1378" WIDTH="14"/>
						<String ID="P328_ST00231" HPOS="596" VPOS="1353" WIDTH="97" HEIGHT="35" CONTENT='lady,"' WC="0.87" CC="000034"/>
						<SP ID="P328_SP00205" HPOS="693" VPOS="1388" WIDTH="15"/>
						<String ID="P328_ST00232" HPOS="708" VPOS="1362" WIDTH="62" HEIGHT="18" CONTENT="was" WC="1.00" CC="000"/>
						<SP ID="P328_SP00206" HPOS="770" VPOS="1388" WIDTH="15"/>
						<String ID="P328_ST00233" HPOS="785" VPOS="1358" WIDTH="48" HEIGHT="22" CONTENT="cut" WC="0.89" CC="030"/>
						<SP ID="P328_SP00207" HPOS="833" VPOS="1388" WIDTH="12"/>
						<String ID="P328_ST00234" HPOS="845" VPOS="1354" WIDTH="41" HEIGHT="35" CONTENT="by" WC="1.00" CC="00"/>
						<SP ID="P328_SP00208" HPOS="886" VPOS="1389" WIDTH="14"/>
						<String ID="P328_ST00235" HPOS="900" VPOS="1355" WIDTH="50" HEIGHT="25" CONTENT="the" WC="0.85" CC="040"/>
						<SP ID="P328_SP00209" HPOS="950" VPOS="1389" WIDTH="16"/>
						<String ID="P328_ST00236" HPOS="966" VPOS="1354" WIDTH="85" HEIGHT="34" CONTENT="king," WC="1.00" CC="00000"/>
						<SP ID="P328_SP00210" HPOS="1051" VPOS="1389" WIDTH="15"/>
						<String ID="P328_ST00237" HPOS="1066" VPOS="1354" WIDTH="32" HEIGHT="25" CONTENT="in" WC="0.71" CC="50"/>
						<SP ID="P328_SP00211" HPOS="1098" VPOS="1389" WIDTH="19"/>
						<String ID="P328_ST00238" HPOS="1117" VPOS="1354" WIDTH="104" HEIGHT="26" CONTENT="favour" WC="0.85" CC="200032"/>
						<SP ID="P328_SP00212" HPOS="1221" VPOS="1389" WIDTH="21"/>
						<String ID="P328_ST00239" HPOS="1242" VPOS="1354" WIDTH="32" HEIGHT="26" CONTENT="of" WC="0.96" CC="00"/>
						<SP ID="P328_SP00213" HPOS="1274" VPOS="1389" WIDTH="16"/>
						<String ID="P328_ST00240" HPOS="1290" VPOS="1355" WIDTH="51" HEIGHT="25" CONTENT="the" WC="0.75" CC="070"/>
						<SP ID="P328_SP00214" HPOS="1341" VPOS="1389" WIDTH="13"/>
						<String ID="P328_ST00241" HPOS="1354" VPOS="1354" WIDTH="70" HEIGHT="26" CONTENT="fruit" WC="0.80" CC="05040"/>
						<SP ID="P328_SP00215" HPOS="1424" VPOS="1389" WIDTH="21"/>
						<String ID="P328_ST00242" HPOS="1445" VPOS="1354" WIDTH="57" HEIGHT="35" CONTENT="girl" WC="0.97" CC="0000"/>
					</TextLine>
					<TextLine ID="P328_TL00024" HPOS="350" VPOS="1402" WIDTH="291" HEIGHT="33">
						<String ID="P328_ST00243" HPOS="350" VPOS="1403" WIDTH="59" HEIGHT="24" CONTENT="and" WC="1.00" CC="000"/>
						<SP ID="P328_SP00216" HPOS="409" VPOS="1427" WIDTH="14"/>
						<String ID="P328_ST00244" HPOS="423" VPOS="1403" WIDTH="49" HEIGHT="25" CONTENT="the" WC="0.80" CC="060"/>
						<SP ID="P328_SP00217" HPOS="472" VPOS="1428" WIDTH="14"/>
						<String ID="P328_ST00245" HPOS="486" VPOS="1402" WIDTH="155" HEIGHT="33" CONTENT="figurante." WC="0.79" CC="7700300100"/>
					</TextLine>
				</TextBlock>
				<TextBlock ID="P328_TB00006" HPOS="342" VPOS="1476" WIDTH="1165" HEIGHT="732" STYLEREFS="TXT_2 PAR_LEFT">
					<TextLine ID="P328_TL00025" HPOS="404" VPOS="1477" WIDTH="1098" HEIGHT="36">
						<String ID="P328_ST00246" HPOS="404" VPOS="1477" WIDTH="277" HEIGHT="35" CONTENT="Notwithstanding" WC="0.94" CC="001001600000000"/>
						<SP ID="P328_SP00218" HPOS="681" VPOS="1512" WIDTH="21"/>
						<String ID="P328_ST00247" HPOS="702" VPOS="1477" WIDTH="49" HEIGHT="27" CONTENT="the" WC="0.80" CC="050"/>
						<SP ID="P328_SP00219" HPOS="751" VPOS="1512" WIDTH="24"/>
						<String ID="P328_ST00248" HPOS="775" VPOS="1477" WIDTH="109" HEIGHT="36" CONTENT="rivalry" WC="0.76" CC="5600400"/>
						<SP ID="P328_SP00220" HPOS="884" VPOS="1513" WIDTH="21"/>
						<String ID="P328_ST00249" HPOS="905" VPOS="1481" WIDTH="31" HEIGHT="23" CONTENT="to" WC="1.00" CC="00"/>
						<SP ID="P328_SP00221" HPOS="936" VPOS="1513" WIDTH="16"/>
						<String ID="P328_ST00250" HPOS="952" VPOS="1477" WIDTH="97" HEIGHT="27" CONTENT="which" WC="0.78" CC="05203"/>
						<SP ID="P328_SP00222" HPOS="1049" VPOS="1513" WIDTH="15"/>
						<String ID="P328_ST00251" HPOS="1064" VPOS="1478" WIDTH="77" HEIGHT="26" CONTENT='"the' WC="0.65" CC="4350"/>
						<SP ID="P328_SP00223" HPOS="1141" VPOS="1513" WIDTH="22"/>
						<String ID="P328_ST00252" HPOS="1163" VPOS="1478" WIDTH="96" HEIGHT="35" CONTENT='lady"' WC="0.86" CC="00007"/>
						<SP ID="P328_SP00224" HPOS="1259" VPOS="1513" WIDTH="16"/>
						<String ID="P328_ST00253" HPOS="1275" VPOS="1487" WIDTH="62" HEIGHT="17" CONTENT="was" WC="1.00" CC="000"/>
						<SP ID="P328_SP00225" HPOS="1337" VPOS="1513" WIDTH="24"/>
						<String ID="P328_ST00254" HPOS="1361" VPOS="1478" WIDTH="141" HEIGHT="35" CONTENT="exposed," WC="1.00" CC="00000000"/>
					</TextLine>
					<TextLine ID="P328_TL00026" HPOS="349" VPOS="1526" WIDTH="1155" HEIGHT="37">
						<String ID="P328_ST00255" HPOS="349" VPOS="1526" WIDTH="53" HEIGHT="26" CONTENT="her" WC="0.82" CC="500"/>
						<SP ID="P328_SP00226" HPOS="402" VPOS="1552" WIDTH="20"/>
						<String ID="P328_ST00256" HPOS="422" VPOS="1526" WIDTH="145" HEIGHT="27" CONTENT="influence" WC="0.91" CC="002230000"/>
						<SP ID="P328_SP00227" HPOS="567" VPOS="1553" WIDTH="20"/>
						<String ID="P328_ST00257" HPOS="587" VPOS="1535" WIDTH="70" HEIGHT="18" CONTENT="over" WC="0.89" CC="0004"/>
						<SP ID="P328_SP00228" HPOS="657" VPOS="1553" WIDTH="12"/>
						<String ID="P328_ST00258" HPOS="669" VPOS="1527" WIDTH="50" HEIGHT="26" CONTENT="the" WC="0.78" CC="060"/>
						<SP ID="P328_SP00229" HPOS="719" VPOS="1553" WIDTH="21"/>
						<String ID="P328_ST00259" HPOS="740" VPOS="1527" WIDTH="81" HEIGHT="26" CONTENT="mind" WC="1.00" CC="0000"/>
						<SP ID="P328_SP00230" HPOS="821" VPOS="1553" WIDTH="23"/>
						<String ID="P328_ST00260" HPOS="844" VPOS="1526" WIDTH="32" HEIGHT="27" CONTENT="of" WC="1.00" CC="00"/>
						<SP ID="P328_SP00231" HPOS="876" VPOS="1553" WIDTH="16"/>
						<String ID="P328_ST00261" HPOS="892" VPOS="1527" WIDTH="124" HEIGHT="26" CONTENT="Charles" WC="0.87" CC="0404000"/>
						<String ID="P328_ST00262" HPOS="1017" VPOS="1543" WIDTH="36" HEIGHT="3" CONTENT="—" WC="0.20" CC="8"/>
						<String ID="P328_ST00263" HPOS="1055" VPOS="1526" WIDTH="25" HEIGHT="27" CONTENT="if" WC="0.73" CC="32"/>
						<SP ID="P328_SP00232" HPOS="1080" VPOS="1553" WIDTH="19"/>
						<String ID="P328_ST00264" HPOS="1099" VPOS="1536" WIDTH="44" HEIGHT="17" CONTENT="we" WC="1.00" CC="00"/>
						<SP ID="P328_SP00233" HPOS="1143" VPOS="1553" WIDTH="24"/>
						<String ID="P328_ST00265" HPOS="1167" VPOS="1536" WIDTH="70" HEIGHT="27" CONTENT="may" WC="1.00" CC="000"/>
						<SP ID="P328_SP00234" HPOS="1237" VPOS="1563" WIDTH="13"/>
						<String ID="P328_ST00266" HPOS="1250" VPOS="1528" WIDTH="37" HEIGHT="25" CONTENT="be" WC="0.66" CC="60"/>
						<SP ID="P328_SP00235" HPOS="1287" VPOS="1563" WIDTH="20"/>
						<String ID="P328_ST00267" HPOS="1307" VPOS="1528" WIDTH="126" HEIGHT="25" CONTENT="allowed" WC="0.95" CC="1100000"/>
						<SP ID="P328_SP00236" HPOS="1433" VPOS="1563" WIDTH="20"/>
						<String ID="P328_ST00268" HPOS="1453" VPOS="1528" WIDTH="51" HEIGHT="25" CONTENT="the" WC="0.90" CC="030"/>
					</TextLine>
					<TextLine ID="P328_TL00027" HPOS="348" VPOS="1576" WIDTH="1155" HEIGHT="37">
						<String ID="P328_ST00269" HPOS="348" VPOS="1576" WIDTH="134" HEIGHT="35" CONTENT="allegory" WC="0.88" CC="02300030"/>
						<String ID="P328_ST00270" HPOS="482" VPOS="1592" WIDTH="38" HEIGHT="3" CONTENT="—" WC="0.20" CC="8"/>
						<String ID="P328_ST00271" HPOS="520" VPOS="1585" WIDTH="60" HEIGHT="18" CONTENT="was" WC="1.00" CC="000"/>
						<SP ID="P328_SP00237" HPOS="580" VPOS="1611" WIDTH="21"/>
						<String ID="P328_ST00272" HPOS="601" VPOS="1576" WIDTH="61" HEIGHT="27" CONTENT="still" WC="1.00" CC="00000"/>
						<SP ID="P328_SP00238" HPOS="662" VPOS="1611" WIDTH="18"/>
						<String ID="P328_ST00273" HPOS="680" VPOS="1586" WIDTH="73" HEIGHT="27" CONTENT="very" WC="0.95" CC="0020"/>
						<SP ID="P328_SP00239" HPOS="753" VPOS="1613" WIDTH="13"/>
						<String ID="P328_ST00274" HPOS="766" VPOS="1577" WIDTH="204" HEIGHT="26" CONTENT="considerable" WC="0.92" CC="000040040000"/>
						<SP ID="P328_SP00240" HPOS="970" VPOS="1613" WIDTH="13"/>
						<String ID="P328_ST00275" HPOS="983" VPOS="1588" WIDTH="6" HEIGHT="20" CONTENT=";" WC="0.64" CC="3"/>
						<SP ID="P328_SP00241" HPOS="989" VPOS="1613" WIDTH="22"/>
						<String ID="P328_ST00276" HPOS="1011" VPOS="1578" WIDTH="61" HEIGHT="25" CONTENT="and" WC="1.00" CC="000"/>
						<SP ID="P328_SP00242" HPOS="1072" VPOS="1613" WIDTH="19"/>
						<String ID="P328_ST00277" HPOS="1091" VPOS="1577" WIDTH="30" HEIGHT="26" CONTENT="in" WC="1.00" CC="00"/>
						<SP ID="P328_SP00243" HPOS="1121" VPOS="1613" WIDTH="21"/>
						<String ID="P328_ST00278" HPOS="1142" VPOS="1577" WIDTH="51" HEIGHT="26" CONTENT="the" WC="0.83" CC="050"/>
						<SP ID="P328_SP00244" HPOS="1193" VPOS="1613" WIDTH="18"/>
						<String ID="P328_ST00279" HPOS="1211" VPOS="1586" WIDTH="73" HEIGHT="27" CONTENT="year" WC="0.83" CC="0006"/>
						<SP ID="P328_SP00245" HPOS="1284" VPOS="1613" WIDTH="24"/>
						<String ID="P328_ST00280" HPOS="1308" VPOS="1579" WIDTH="78" HEIGHT="32" CONTENT="1670," WC="0.72" CC="06700"/>
						<SP ID="P328_SP00246" HPOS="1386" VPOS="1613" WIDTH="19"/>
						<String ID="P328_ST00281" HPOS="1405" VPOS="1577" WIDTH="98" HEIGHT="26" CONTENT="which" WC="0.71" CC="06404"/>
					</TextLine>
					<TextLine ID="P328_TL00028" HPOS="348" VPOS="1626" WIDTH="1156" HEIGHT="36">
						<String ID="P328_ST00282" HPOS="348" VPOS="1634" WIDTH="61" HEIGHT="18" CONTENT="was" WC="1.00" CC="000"/>
						<SP ID="P328_SP00247" HPOS="409" VPOS="1652" WIDTH="14"/>
						<String ID="P328_ST00283" HPOS="423" VPOS="1634" WIDTH="71" HEIGHT="27" CONTENT="very" WC="0.88" CC="0040"/>
						<SP ID="P328_SP00248" HPOS="494" VPOS="1661" WIDTH="14"/>
						<String ID="P328_ST00284" HPOS="508" VPOS="1635" WIDTH="72" HEIGHT="17" CONTENT="soon" WC="0.96" CC="1000"/>
						<SP ID="P328_SP00249" HPOS="580" VPOS="1661" WIDTH="15"/>
						<String ID="P328_ST00285" HPOS="595" VPOS="1626" WIDTH="74" HEIGHT="27" CONTENT="after" WC="0.81" CC="06002"/>
						<SP ID="P328_SP00250" HPOS="669" VPOS="1661" WIDTH="12"/>
						<String ID="P328_ST00286" HPOS="681" VPOS="1627" WIDTH="76" HEIGHT="26" CONTENT="Miss" WC="0.88" CC="0400"/>
						<SP ID="P328_SP00251" HPOS="757" VPOS="1661" WIDTH="14"/>
						<String ID="P328_ST00287" HPOS="771" VPOS="1627" WIDTH="41" HEIGHT="26" CONTENT="M." WC="1.00" CC="00"/>
						<SP ID="P328_SP00252" HPOS="812" VPOS="1661" WIDTH="16"/>
						<String ID="P328_ST00288" HPOS="828" VPOS="1627" WIDTH="112" HEIGHT="27" CONTENT="Davies" WC="0.92" CC="000400"/>
						<SP ID="P328_SP00253" HPOS="940" VPOS="1661" WIDTH="14"/>
						<String ID="P328_ST00289" HPOS="954" VPOS="1628" WIDTH="60" HEIGHT="25" CONTENT="had" WC="0.80" CC="500"/>
						<SP ID="P328_SP00254" HPOS="1014" VPOS="1661" WIDTH="14"/>
						<String ID="P328_ST00290" HPOS="1028" VPOS="1628" WIDTH="115" HEIGHT="25" CONTENT="danced" WC="0.86" CC="080000"/>
						<SP ID="P328_SP00255" HPOS="1143" VPOS="1661" WIDTH="14"/>
						<String ID="P328_ST00291" HPOS="1157" VPOS="1627" WIDTH="115" HEIGHT="26" CONTENT="herself" WC="0.83" CC="6050000"/>
						<SP ID="P328_SP00256" HPOS="1272" VPOS="1661" WIDTH="10"/>
						<String ID="P328_ST00292" HPOS="1282" VPOS="1627" WIDTH="63" HEIGHT="26" CONTENT="into" WC="0.81" CC="3300"/>
						<SP ID="P328_SP00257" HPOS="1345" VPOS="1661" WIDTH="14"/>
						<String ID="P328_ST00293" HPOS="1359" VPOS="1627" WIDTH="50" HEIGHT="26" CONTENT="the" WC="0.75" CC="070"/>
						<SP ID="P328_SP00258" HPOS="1409" VPOS="1661" WIDTH="15"/>
						<String ID="P328_ST00294" HPOS="1424" VPOS="1628" WIDTH="80" HEIGHT="34" CONTENT="good" WC="1.00" CC="0000"/>
					</TextLine>
					<TextLine ID="P328_TL00029" HPOS="348" VPOS="1675" WIDTH="1154" HEIGHT="36">
						<String ID="P328_ST00295" HPOS="348" VPOS="1684" WIDTH="103" HEIGHT="26" CONTENT="graces" WC="0.95" CC="020000"/>
						<SP ID="P328_SP00259" HPOS="451" VPOS="1710" WIDTH="14"/>
						<String ID="P328_ST00296" HPOS="465" VPOS="1675" WIDTH="33" HEIGHT="27" CONTENT="of" WC="1.00" CC="00"/>
						<SP ID="P328_SP00260" HPOS="498" VPOS="1710" WIDTH="10"/>
						<String ID="P328_ST00297" HPOS="508" VPOS="1676" WIDTH="49" HEIGHT="26" CONTENT="the" WC="0.80" CC="050"/>
						<SP ID="P328_SP00261" HPOS="557" VPOS="1710" WIDTH="13"/>
						<String ID="P328_ST00298" HPOS="570" VPOS="1676" WIDTH="83" HEIGHT="35" CONTENT="king," WC="0.89" CC="20002"/>
						<SP ID="P328_SP00262" HPOS="653" VPOS="1711" WIDTH="16"/>
						<String ID="P328_ST00299" HPOS="669" VPOS="1677" WIDTH="37" HEIGHT="25" CONTENT="he" WC="0.68" CC="60"/>
						<SP ID="P328_SP00263" HPOS="706" VPOS="1711" WIDTH="14"/>
						<String ID="P328_ST00300" HPOS="720" VPOS="1676" WIDTH="152" HEIGHT="27" CONTENT="conferred" WC="0.94" CC="001002100"/>
						<SP ID="P328_SP00264" HPOS="872" VPOS="1711" WIDTH="14"/>
						<String ID="P328_ST00301" HPOS="886" VPOS="1678" WIDTH="50" HEIGHT="26" CONTENT="the" WC="0.79" CC="060"/>
						<SP ID="P328_SP00265" HPOS="936" VPOS="1711" WIDTH="14"/>
						<String ID="P328_ST00302" HPOS="950" VPOS="1678" WIDTH="66" HEIGHT="26" CONTENT="title" WC="0.91" CC="00040"/>
						<SP ID="P328_SP00266" HPOS="1016" VPOS="1711" WIDTH="18"/>
						<String ID="P328_ST00303" HPOS="1034" VPOS="1676" WIDTH="33" HEIGHT="27" CONTENT="of" WC="1.00" CC="00"/>
						<SP ID="P328_SP00267" HPOS="1067" VPOS="1711" WIDTH="10"/>
						<String ID="P328_ST00304" HPOS="1077" VPOS="1678" WIDTH="138" HEIGHT="25" CONTENT="Duchess" WC="0.92" CC="0500000"/>
						<SP ID="P328_SP00268" HPOS="1215" VPOS="1711" WIDTH="15"/>
						<String ID="P328_ST00305" HPOS="1230" VPOS="1676" WIDTH="34" HEIGHT="27" CONTENT="of" WC="1.00" CC="00"/>
						<SP ID="P328_SP00269" HPOS="1264" VPOS="1711" WIDTH="16"/>
						<String ID="P328_ST00306" HPOS="1280" VPOS="1676" WIDTH="163" HEIGHT="27" CONTENT="Cleveland" WC="0.94" CC="030200000"/>
						<SP ID="P328_SP00270" HPOS="1443" VPOS="1711" WIDTH="21"/>
						<String ID="P328_ST00307" HPOS="1464" VPOS="1686" WIDTH="38" HEIGHT="17" CONTENT="on" WC="0.98" CC="00"/>
					</TextLine>
					<TextLine ID="P328_TL00030" HPOS="345" VPOS="1725" WIDTH="1158" HEIGHT="37">
						<String ID="P328_ST00308" HPOS="345" VPOS="1725" WIDTH="85" HEIGHT="35" CONTENT="Lady" WC="0.97" CC="0000"/>
						<SP ID="P328_SP00271" HPOS="430" VPOS="1760" WIDTH="14"/>
						<String ID="P328_ST00309" HPOS="444" VPOS="1725" WIDTH="208" HEIGHT="27" CONTENT="Castlemaine." WC="0.95" CC="000030200000"/>
						<SP ID="P328_SP00272" HPOS="652" VPOS="1760" WIDTH="40"/>
						<String ID="P328_ST00310" HPOS="692" VPOS="1726" WIDTH="44" HEIGHT="26" CONTENT="As" WC="1.00" CC="00"/>
						<SP ID="P328_SP00273" HPOS="736" VPOS="1760" WIDTH="15"/>
						<String ID="P328_ST00311" HPOS="751" VPOS="1736" WIDTH="91" HEIGHT="26" CONTENT="many" WC="1.00" CC="0000"/>
						<SP ID="P328_SP00274" HPOS="842" VPOS="1762" WIDTH="14"/>
						<String ID="P328_ST00312" HPOS="856" VPOS="1727" WIDTH="33" HEIGHT="26" CONTENT="of" WC="1.00" CC="00"/>
						<SP ID="P328_SP00275" HPOS="889" VPOS="1762" WIDTH="15"/>
						<String ID="P328_ST00313" HPOS="904" VPOS="1736" WIDTH="53" HEIGHT="17" CONTENT="our" WC="0.66" CC="063"/>
						<SP ID="P328_SP00276" HPOS="957" VPOS="1762" WIDTH="21"/>
						<String ID="P328_ST00314" HPOS="978" VPOS="1727" WIDTH="184" HEIGHT="26" CONTENT="aristocratic" WC="0.83" CC="032020060400"/>
						<SP ID="P328_SP00277" HPOS="1162" VPOS="1762" WIDTH="14"/>
						<String ID="P328_ST00315" HPOS="1176" VPOS="1727" WIDTH="129" HEIGHT="26" CONTENT="families" WC="0.83" CC="00143300"/>
						<SP ID="P328_SP00278" HPOS="1305" VPOS="1762" WIDTH="15"/>
						<String ID="P328_ST00316" HPOS="1320" VPOS="1736" WIDTH="50" HEIGHT="17" CONTENT="are" WC="0.94" CC="010"/>
						<SP ID="P328_SP00279" HPOS="1370" VPOS="1762" WIDTH="15"/>
						<String ID="P328_ST00317" HPOS="1385" VPOS="1726" WIDTH="72" HEIGHT="27" CONTENT="fond" WC="0.89" CC="0300"/>
						<SP ID="P328_SP00280" HPOS="1457" VPOS="1762" WIDTH="14"/>
						<String ID="P328_ST00318" HPOS="1471" VPOS="1726" WIDTH="32" HEIGHT="27" CONTENT="of" WC="1.00" CC="00"/>
					</TextLine>
					<TextLine ID="P328_TL00031" HPOS="345" VPOS="1774" WIDTH="1157" HEIGHT="38">
						<String ID="P328_ST00319" HPOS="345" VPOS="1774" WIDTH="117" HEIGHT="35" CONTENT="tracing" WC="0.88" CC="0100600"/>
						<SP ID="P328_SP00281" HPOS="462" VPOS="1809" WIDTH="12"/>
						<String ID="P328_ST00320" HPOS="474" VPOS="1774" WIDTH="77" HEIGHT="27" CONTENT="their" WC="0.72" CC="05053"/>
						<SP ID="P328_SP00282" HPOS="551" VPOS="1809" WIDTH="13"/>
						<String ID="P328_ST00321" HPOS="564" VPOS="1774" WIDTH="98" HEIGHT="36" CONTENT="origin" WC="0.84" CC="041002"/>
						<SP ID="P328_SP00283" HPOS="662" VPOS="1810" WIDTH="13"/>
						<String ID="P328_ST00322" HPOS="675" VPOS="1780" WIDTH="31" HEIGHT="22" CONTENT="to" WC="1.00" CC="00"/>
						<SP ID="P328_SP00284" HPOS="706" VPOS="1810" WIDTH="14"/>
						<String ID="P328_ST00323" HPOS="720" VPOS="1775" WIDTH="38" HEIGHT="27" CONTENT="its" WC="0.85" CC="400"/>
						<SP ID="P328_SP00285" HPOS="758" VPOS="1810" WIDTH="20"/>
						<String ID="P328_ST00324" HPOS="778" VPOS="1785" WIDTH="73" HEIGHT="27" CONTENT="very" WC="0.94" CC="0020"/>
						<SP ID="P328_SP00286" HPOS="851" VPOS="1812" WIDTH="12"/>
						<String ID="P328_ST00325" HPOS="863" VPOS="1780" WIDTH="142" HEIGHT="23" CONTENT="remotest" WC="0.91" CC="30300000"/>
						<SP ID="P328_SP00287" HPOS="1005" VPOS="1812" WIDTH="23"/>
						<String ID="P328_ST00326" HPOS="1028" VPOS="1785" WIDTH="112" HEIGHT="24" CONTENT="source," WC="0.91" CC="0002003"/>
						<SP ID="P328_SP00288" HPOS="1140" VPOS="1812" WIDTH="15"/>
						<String ID="P328_ST00327" HPOS="1155" VPOS="1785" WIDTH="44" HEIGHT="18" CONTENT="we" WC="0.52" CC="90"/>
						<SP ID="P328_SP00289" HPOS="1199" VPOS="1812" WIDTH="21"/>
						<String ID="P328_ST00328" HPOS="1220" VPOS="1776" WIDTH="78" HEIGHT="27" CONTENT="shall" WC="0.88" CC="06000"/>
						<SP ID="P328_SP00290" HPOS="1298" VPOS="1812" WIDTH="15"/>
						<String ID="P328_ST00329" HPOS="1313" VPOS="1776" WIDTH="131" HEIGHT="35" CONTENT="perhaps" WC="0.85" CC="0055000"/>
						<SP ID="P328_SP00291" HPOS="1444" VPOS="1812" WIDTH="21"/>
						<String ID="P328_ST00330" HPOS="1465" VPOS="1777" WIDTH="37" HEIGHT="26" CONTENT="be" WC="1.00" CC="00"/>
					</TextLine>
					<TextLine ID="P328_TL00032" HPOS="345" VPOS="1824" WIDTH="1162" HEIGHT="36">
						<String ID="P328_ST00331" HPOS="345" VPOS="1824" WIDTH="132" HEIGHT="27" CONTENT="thanked" WC="0.93" CC="0500000"/>
						<SP ID="P328_SP00292" HPOS="477" VPOS="1851" WIDTH="13"/>
						<String ID="P328_ST00332" HPOS="490" VPOS="1824" WIDTH="45" HEIGHT="27" CONTENT="for" WC="0.87" CC="300"/>
						<SP ID="P328_SP00293" HPOS="535" VPOS="1851" WIDTH="13"/>
						<String ID="P328_ST00333" HPOS="548" VPOS="1824" WIDTH="144" HEIGHT="36" CONTENT="assisting" WC="0.85" CC="100200540"/>
						<SP ID="P328_SP00294" HPOS="692" VPOS="1860" WIDTH="14"/>
						<String ID="P328_ST00334" HPOS="706" VPOS="1835" WIDTH="82" HEIGHT="17" CONTENT="some" WC="1.00" CC="0000"/>
						<SP ID="P328_SP00295" HPOS="788" VPOS="1860" WIDTH="14"/>
						<String ID="P328_ST00335" HPOS="802" VPOS="1826" WIDTH="33" HEIGHT="26" CONTENT="of" WC="0.88" CC="20"/>
						<SP ID="P328_SP00296" HPOS="835" VPOS="1860" WIDTH="14"/>
						<String ID="P328_ST00336" HPOS="849" VPOS="1827" WIDTH="81" HEIGHT="26" CONTENT="them" WC="0.97" CC="0000"/>
						<SP ID="P328_SP00297" HPOS="930" VPOS="1860" WIDTH="15"/>
						<String ID="P328_ST00337" HPOS="945" VPOS="1827" WIDTH="31" HEIGHT="26" CONTENT="in" WC="0.73" CC="50"/>
						<SP ID="P328_SP00298" HPOS="976" VPOS="1860" WIDTH="18"/>
						<String ID="P328_ST00338" HPOS="994" VPOS="1828" WIDTH="50" HEIGHT="26" CONTENT="the" WC="0.76" CC="070"/>
						<SP ID="P328_SP00299" HPOS="1044" VPOS="1860" WIDTH="15"/>
						<String ID="P328_ST00339" HPOS="1059" VPOS="1828" WIDTH="103" HEIGHT="26" CONTENT="search" WC="0.86" CC="000106"/>
						<SP ID="P328_SP00300" HPOS="1162" VPOS="1860" WIDTH="23"/>
						<String ID="P328_ST00340" HPOS="1185" VPOS="1831" WIDTH="30" HEIGHT="22" CONTENT="to" WC="0.94" CC="10"/>
						<SP ID="P328_SP00301" HPOS="1215" VPOS="1860" WIDTH="21"/>
						<String ID="P328_ST00341" HPOS="1236" VPOS="1826" WIDTH="62" HEIGHT="27" CONTENT="find" WC="0.93" CC="1100"/>
						<SP ID="P328_SP00302" HPOS="1298" VPOS="1860" WIDTH="20"/>
						<String ID="P328_ST00342" HPOS="1318" VPOS="1827" WIDTH="52" HEIGHT="26" CONTENT="the" WC="0.84" CC="040"/>
						<SP ID="P328_SP00303" HPOS="1370" VPOS="1860" WIDTH="19"/>
						<String ID="P328_ST00343" HPOS="1389" VPOS="1831" WIDTH="65" HEIGHT="22" CONTENT="root" WC="0.97" CC="1000"/>
						<SP ID="P328_SP00304" HPOS="1454" VPOS="1860" WIDTH="21"/>
						<String ID="P328_ST00344" HPOS="1475" VPOS="1826" WIDTH="32" HEIGHT="27" CONTENT="of" WC="0.81" CC="03"/>
					</TextLine>
					<TextLine ID="P328_TL00033" HPOS="345" VPOS="1874" WIDTH="1159" HEIGHT="38">
						<String ID="P328_ST00345" HPOS="345" VPOS="1874" WIDTH="77" HEIGHT="27" CONTENT="their" WC="0.85" CC="01060"/>
						<SP ID="P328_SP00305" HPOS="422" VPOS="1901" WIDTH="14"/>
						<String ID="P328_ST00346" HPOS="436" VPOS="1874" WIDTH="135" HEIGHT="36" CONTENT="nobility." WC="0.99" CC="000000000"/>
						<SP ID="P328_SP00306" HPOS="571" VPOS="1910" WIDTH="39"/>
						<String ID="P328_ST00347" HPOS="610" VPOS="1875" WIDTH="58" HEIGHT="26" CONTENT="We" WC="1.00" CC="00"/>
						<SP ID="P328_SP00307" HPOS="668" VPOS="1910" WIDTH="13"/>
						<String ID="P328_ST00348" HPOS="681" VPOS="1876" WIDTH="137" HEIGHT="26" CONTENT="however" WC="0.86" CC="3000005"/>
						<SP ID="P328_SP00308" HPOS="818" VPOS="1910" WIDTH="20"/>
						<String ID="P328_ST00349" HPOS="838" VPOS="1877" WIDTH="116" HEIGHT="26" CONTENT="decline" WC="1.00" CC="0000000"/>
						<SP ID="P328_SP00309" HPOS="954" VPOS="1910" WIDTH="20"/>
						<String ID="P328_ST00350" HPOS="974" VPOS="1878" WIDTH="59" HEIGHT="32" CONTENT="the," WC="0.79" CC="0502"/>
						<SP ID="P328_SP00310" HPOS="1033" VPOS="1910" WIDTH="16"/>
						<String ID="P328_ST00351" HPOS="1049" VPOS="1881" WIDTH="30" HEIGHT="22" CONTENT="to" WC="0.81" CC="30"/>
						<SP ID="P328_SP00311" HPOS="1079" VPOS="1910" WIDTH="20"/>
						<String ID="P328_ST00352" HPOS="1099" VPOS="1887" WIDTH="44" HEIGHT="23" CONTENT="us," WC="0.78" CC="303"/>
						<SP ID="P328_SP00312" HPOS="1143" VPOS="1910" WIDTH="15"/>
						<String ID="P328_ST00353" HPOS="1158" VPOS="1878" WIDTH="112" HEIGHT="34" CONTENT="wholly" WC="0.83" CC="070020"/>
						<SP ID="P328_SP00313" HPOS="1270" VPOS="1912" WIDTH="13"/>
						<String ID="P328_ST00354" HPOS="1283" VPOS="1877" WIDTH="221" HEIGHT="35" CONTENT="uninteresting" WC="0.91" CC="5010003000000"/>
					</TextLine>
					<TextLine ID="P328_TL00034" HPOS="345" VPOS="1923" WIDTH="1159" HEIGHT="39">
						<String ID="P328_ST00355" HPOS="345" VPOS="1924" WIDTH="76" HEIGHT="32" CONTENT="task," WC="0.92" CC="00004"/>
						<SP ID="P328_SP00314" HPOS="421" VPOS="1956" WIDTH="16"/>
						<String ID="P328_ST00356" HPOS="437" VPOS="1923" WIDTH="44" HEIGHT="28" CONTENT="for" WC="0.87" CC="003"/>
						<SP ID="P328_SP00315" HPOS="481" VPOS="1956" WIDTH="12"/>
						<String ID="P328_ST00357" HPOS="493" VPOS="1933" WIDTH="44" HEIGHT="18" CONTENT="we" WC="1.00" CC="00"/>
						<SP ID="P328_SP00316" HPOS="537" VPOS="1956" WIDTH="15"/>
						<String ID="P328_ST00358" HPOS="552" VPOS="1933" WIDTH="49" HEIGHT="18" CONTENT="are" WC="0.83" CC="220"/>
						<SP ID="P328_SP00317" HPOS="601" VPOS="1956" WIDTH="14"/>
						<String ID="P328_ST00359" HPOS="615" VPOS="1925" WIDTH="81" HEIGHT="35" CONTENT="quite" WC="0.93" CC="00300"/>
						<SP ID="P328_SP00318" HPOS="696" VPOS="1960" WIDTH="20"/>
						<String ID="P328_ST00360" HPOS="716" VPOS="1930" WIDTH="120" HEIGHT="23" CONTENT="content" WC="1.00" CC="0000000"/>
						<SP ID="P328_SP00319" HPOS="836" VPOS="1960" WIDTH="19"/>
						<String ID="P328_ST00361" HPOS="855" VPOS="1931" WIDTH="31" HEIGHT="22" CONTENT="to" WC="1.00" CC="00"/>
						<SP ID="P328_SP00320" HPOS="886" VPOS="1960" WIDTH="18"/>
						<String ID="P328_ST00362" HPOS="904" VPOS="1927" WIDTH="70" HEIGHT="27" CONTENT="take" WC="0.83" CC="0060"/>
						<SP ID="P328_SP00321" HPOS="974" VPOS="1960" WIDTH="20"/>
						<String ID="P328_ST00363" HPOS="994" VPOS="1936" WIDTH="54" HEIGHT="18" CONTENT="our" WC="0.67" CC="044"/>
						<SP ID="P328_SP00322" HPOS="1048" VPOS="1960" WIDTH="19"/>
						<String ID="P328_ST00364" HPOS="1067" VPOS="1928" WIDTH="135" HEIGHT="34" CONTENT="Peerage" WC="0.82" CC="7005000"/>
						<SP ID="P328_SP00323" HPOS="1202" VPOS="1962" WIDTH="21"/>
						<String ID="P328_ST00365" HPOS="1223" VPOS="1936" WIDTH="33" HEIGHT="18" CONTENT="as" WC="1.00" CC="00"/>
						<SP ID="P328_SP00324" HPOS="1256" VPOS="1962" WIDTH="21"/>
						<String ID="P328_ST00366" HPOS="1277" VPOS="1927" WIDTH="24" HEIGHT="27" CONTENT="it" WC="0.71" CC="14"/>
						<SP ID="P328_SP00325" HPOS="1301" VPOS="1962" WIDTH="19"/>
						<String ID="P328_ST00367" HPOS="1320" VPOS="1935" WIDTH="109" HEIGHT="24" CONTENT="comes," WC="0.94" CC="000003"/>
						<SP ID="P328_SP00326" HPOS="1429" VPOS="1962" WIDTH="16"/>
						<String ID="P328_ST00368" HPOS="1445" VPOS="1927" WIDTH="59" HEIGHT="26" CONTENT="and" WC="1.00" CC="000"/>
					</TextLine>
					<TextLine ID="P328_TL00035" HPOS="345" VPOS="1973" WIDTH="1158" HEIGHT="39">
						<String ID="P328_ST00369" HPOS="345" VPOS="1973" WIDTH="137" HEIGHT="27" CONTENT="estimate" WC="1.00" CC="00000000"/>
						<SP ID="P328_SP00327" HPOS="482" VPOS="2000" WIDTH="14"/>
						<String ID="P328_ST00370" HPOS="496" VPOS="1973" WIDTH="38" HEIGHT="28" CONTENT="its" WC="0.81" CC="500"/>
						<SP ID="P328_SP00328" HPOS="534" VPOS="2001" WIDTH="19"/>
						<String ID="P328_ST00371" HPOS="553" VPOS="1976" WIDTH="146" HEIGHT="26" CONTENT="members" WC="0.87" CC="5000030"/>
						<SP ID="P328_SP00329" HPOS="699" VPOS="2002" WIDTH="20"/>
						<String ID="P328_ST00372" HPOS="719" VPOS="1976" WIDTH="45" HEIGHT="26" CONTENT="for" WC="0.83" CC="004"/>
						<SP ID="P328_SP00330" HPOS="764" VPOS="2002" WIDTH="19"/>
						<String ID="P328_ST00373" HPOS="783" VPOS="1976" WIDTH="78" HEIGHT="27" CONTENT="their" WC="0.71" CC="16041"/>
						<SP ID="P328_SP00331" HPOS="861" VPOS="2003" WIDTH="19"/>
						<String ID="P328_ST00374" HPOS="880" VPOS="1978" WIDTH="140" HEIGHT="34" CONTENT="personal" WC="1.00" CC="00000000"/>
						<SP ID="P328_SP00332" HPOS="1020" VPOS="2012" WIDTH="19"/>
						<String ID="P328_ST00375" HPOS="1039" VPOS="1979" WIDTH="106" HEIGHT="32" CONTENT="worth," WC="0.89" CC="000033"/>
						<SP ID="P328_SP00333" HPOS="1145" VPOS="2012" WIDTH="15"/>
						<String ID="P328_ST00376" HPOS="1160" VPOS="1978" WIDTH="127" HEIGHT="26" CONTENT="without" WC="0.78" CC="0405040"/>
						<SP ID="P328_SP00334" HPOS="1287" VPOS="2012" WIDTH="20"/>
						<String ID="P328_ST00377" HPOS="1307" VPOS="1976" WIDTH="148" HEIGHT="27" CONTENT="reference" WC="0.91" CC="300050000"/>
						<SP ID="P328_SP00335" HPOS="1455" VPOS="2012" WIDTH="18"/>
						<String ID="P328_ST00378" HPOS="1473" VPOS="1981" WIDTH="30" HEIGHT="23" CONTENT="to" WC="1.00" CC="00"/>
					</TextLine>
					<TextLine ID="P328_TL00036" HPOS="345" VPOS="2023" WIDTH="1159" HEIGHT="38">
						<String ID="P328_ST00379" HPOS="345" VPOS="2023" WIDTH="77" HEIGHT="27" CONTENT="their" WC="0.71" CC="35004"/>
						<SP ID="P328_SP00336" HPOS="422" VPOS="2050" WIDTH="23"/>
						<String ID="P328_ST00380" HPOS="445" VPOS="2028" WIDTH="160" HEIGHT="22" CONTENT="ancestors." WC="0.95" CC="0000000400"/>
						<SP ID="P328_SP00337" HPOS="605" VPOS="2050" WIDTH="39"/>
						<String ID="P328_ST00381" HPOS="644" VPOS="2025" WIDTH="58" HEIGHT="26" CONTENT="We" WC="1.00" CC="00"/>
						<SP ID="P328_SP00338" HPOS="702" VPOS="2051" WIDTH="21"/>
						<String ID="P328_ST00382" HPOS="723" VPOS="2026" WIDTH="144" HEIGHT="35" CONTENT="certainly" WC="0.83" CC="003005420"/>
						<SP ID="P328_SP00339" HPOS="867" VPOS="2061" WIDTH="15"/>
						<String ID="P328_ST00383" HPOS="882" VPOS="2027" WIDTH="107" HEIGHT="26" CONTENT="should" WC="0.83" CC="060300"/>
						<SP ID="P328_SP00340" HPOS="989" VPOS="2061" WIDTH="18"/>
						<String ID="P328_ST00384" HPOS="1007" VPOS="2031" WIDTH="52" HEIGHT="23" CONTENT="not" WC="0.95" CC="100"/>
						<SP ID="P328_SP00341" HPOS="1059" VPOS="2061" WIDTH="17"/>
						<String ID="P328_ST00385" HPOS="1076" VPOS="2028" WIDTH="88" HEIGHT="26" CONTENT="value" WC="0.92" CC="00040"/>
						<SP ID="P328_SP00342" HPOS="1164" VPOS="2061" WIDTH="18"/>
						<String ID="P328_ST00386" HPOS="1182" VPOS="2028" WIDTH="51" HEIGHT="26" CONTENT="the" WC="0.86" CC="040"/>
						<SP ID="P328_SP00343" HPOS="1233" VPOS="2061" WIDTH="20"/>
						<String ID="P328_ST00387" HPOS="1253" VPOS="2027" WIDTH="126" HEIGHT="34" CONTENT="vinegar" WC="0.96" CC="0000002"/>
						<SP ID="P328_SP00344" HPOS="1379" VPOS="2061" WIDTH="23"/>
						<String ID="P328_ST00388" HPOS="1402" VPOS="2027" WIDTH="31" HEIGHT="26" CONTENT="in" WC="0.85" CC="20"/>
						<SP ID="P328_SP00345" HPOS="1433" VPOS="2061" WIDTH="18"/>
						<String ID="P328_ST00389" HPOS="1451" VPOS="2036" WIDTH="53" HEIGHT="17" CONTENT="our" WC="0.59" CC="066"/>
					</TextLine>
					<TextLine ID="P328_TL00037" HPOS="345" VPOS="2074" WIDTH="1159" HEIGHT="37">
						<String ID="P328_ST00390" HPOS="345" VPOS="2077" WIDTH="81" HEIGHT="23" CONTENT="cruet" WC="0.91" CC="00400"/>
						<SP ID="P328_SP00346" HPOS="426" VPOS="2100" WIDTH="21"/>
						<String ID="P328_ST00391" HPOS="447" VPOS="2082" WIDTH="59" HEIGHT="28" CONTENT="any" WC="0.72" CC="800"/>
						<SP ID="P328_SP00347" HPOS="506" VPOS="2110" WIDTH="16"/>
						<String ID="P328_ST00392" HPOS="522" VPOS="2074" WIDTH="51" HEIGHT="26" CONTENT="the" WC="0.77" CC="060"/>
						<SP ID="P328_SP00348" HPOS="573" VPOS="2110" WIDTH="19"/>
						<String ID="P328_ST00393" HPOS="592" VPOS="2083" WIDTH="82" HEIGHT="18" CONTENT="more" WC="0.89" CC="0040"/>
						<SP ID="P328_SP00349" HPOS="674" VPOS="2110" WIDTH="21"/>
						<String ID="P328_ST00394" HPOS="695" VPOS="2074" WIDTH="25" HEIGHT="27" CONTENT="if" WC="0.69" CC="60"/>
						<SP ID="P328_SP00350" HPOS="720" VPOS="2110" WIDTH="15"/>
						<String ID="P328_ST00395" HPOS="735" VPOS="2084" WIDTH="44" HEIGHT="18" CONTENT="we" WC="1.00" CC="00"/>
						<SP ID="P328_SP00351" HPOS="779" VPOS="2110" WIDTH="17"/>
						<String ID="P328_ST00396" HPOS="796" VPOS="2076" WIDTH="88" HEIGHT="27" CONTENT="knew" WC="0.99" CC="0000"/>
						<SP ID="P328_SP00352" HPOS="884" VPOS="2110" WIDTH="19"/>
						<String ID="P328_ST00397" HPOS="903" VPOS="2077" WIDTH="24" HEIGHT="26" CONTENT="it" WC="1.00" CC="00"/>
						<SP ID="P328_SP00353" HPOS="927" VPOS="2110" WIDTH="19"/>
						<String ID="P328_ST00398" HPOS="946" VPOS="2078" WIDTH="169" HEIGHT="33" CONTENT="comprised" WC="0.99" CC="000010000"/>
						<SP ID="P328_SP00354" HPOS="1115" VPOS="2111" WIDTH="19"/>
						<String ID="P328_ST00399" HPOS="1134" VPOS="2077" WIDTH="106" HEIGHT="27" CONTENT="within" WC="0.90" CC="000401"/>
						<SP ID="P328_SP00355" HPOS="1240" VPOS="2111" WIDTH="25"/>
						<String ID="P328_ST00400" HPOS="1265" VPOS="2077" WIDTH="23" HEIGHT="26" CONTENT="it" WC="0.80" CC="30"/>
						<SP ID="P328_SP00356" HPOS="1288" VPOS="2111" WIDTH="24"/>
						<String ID="P328_ST00401" HPOS="1312" VPOS="2086" WIDTH="18" HEIGHT="17" CONTENT="a" WC="1.00" CC="0"/>
						<SP ID="P328_SP00357" HPOS="1330" VPOS="2111" WIDTH="23"/>
						<String ID="P328_ST00402" HPOS="1353" VPOS="2077" WIDTH="151" HEIGHT="27" CONTENT="dissolved" WC="1.00" CC="000000000"/>
					</TextLine>
					<TextLine ID="P328_TL00038" HPOS="342" VPOS="2123" WIDTH="1161" HEIGHT="38">
						<String ID="P328_ST00403" HPOS="342" VPOS="2123" WIDTH="91" HEIGHT="35" CONTENT="pearl," WC="0.78" CC="008004"/>
						<SP ID="P328_SP00358" HPOS="433" VPOS="2158" WIDTH="16"/>
						<String ID="P328_ST00404" HPOS="449" VPOS="2132" WIDTH="54" HEIGHT="18" CONTENT="nor" WC="0.73" CC="106"/>
						<SP ID="P328_SP00359" HPOS="503" VPOS="2158" WIDTH="20"/>
						<String ID="P328_ST00405" HPOS="523" VPOS="2124" WIDTH="106" HEIGHT="27" CONTENT="should" WC="0.88" CC="070000"/>
						<SP ID="P328_SP00360" HPOS="629" VPOS="2158" WIDTH="19"/>
						<String ID="P328_ST00406" HPOS="648" VPOS="2133" WIDTH="44" HEIGHT="18" CONTENT="we" WC="1.00" CC="00"/>
						<SP ID="P328_SP00361" HPOS="692" VPOS="2158" WIDTH="20"/>
						<String ID="P328_ST00407" HPOS="712" VPOS="2128" WIDTH="133" HEIGHT="24" CONTENT="treasure" WC="0.98" CC="00000010"/>
						<SP ID="P328_SP00362" HPOS="845" VPOS="2158" WIDTH="17"/>
						<String ID="P328_ST00408" HPOS="862" VPOS="2134" WIDTH="17" HEIGHT="18" CONTENT="a" WC="1.00" CC="0"/>
						<SP ID="P328_SP00363" HPOS="879" VPOS="2158" WIDTH="21"/>
						<String ID="P328_ST00409" HPOS="900" VPOS="2127" WIDTH="83" HEIGHT="34" CONTENT="lump" WC="0.87" CC="0500"/>
						<SP ID="P328_SP00364" HPOS="983" VPOS="2161" WIDTH="21"/>
						<String ID="P328_ST00410" HPOS="1004" VPOS="2127" WIDTH="34" HEIGHT="26" CONTENT="of" WC="1.00" CC="00"/>
						<SP ID="P328_SP00365" HPOS="1038" VPOS="2161" WIDTH="9"/>
						<String ID="P328_ST00411" HPOS="1047" VPOS="2128" WIDTH="139" HEIGHT="26" CONTENT="charcoal" WC="0.87" CC="04020002"/>
						<SP ID="P328_SP00366" HPOS="1186" VPOS="2161" WIDTH="24"/>
						<String ID="P328_ST00412" HPOS="1210" VPOS="2136" WIDTH="39" HEIGHT="18" CONTENT="on" WC="1.00" CC="00"/>
						<SP ID="P328_SP00367" HPOS="1249" VPOS="2161" WIDTH="21"/>
						<String ID="P328_ST00413" HPOS="1270" VPOS="2131" WIDTH="126" HEIGHT="23" CONTENT="account" WC="0.94" CC="0000400"/>
						<SP ID="P328_SP00368" HPOS="1396" VPOS="2161" WIDTH="20"/>
						<String ID="P328_ST00414" HPOS="1416" VPOS="2127" WIDTH="34" HEIGHT="27" CONTENT="of" WC="0.87" CC="20"/>
						<SP ID="P328_SP00369" HPOS="1450" VPOS="2161" WIDTH="14"/>
						<String ID="P328_ST00415" HPOS="1464" VPOS="2127" WIDTH="39" HEIGHT="27" CONTENT="its" WC="0.92" CC="200"/>
					</TextLine>
					<TextLine ID="P328_TL00039" HPOS="343" VPOS="2173" WIDTH="908" HEIGHT="35">
						<String ID="P328_ST00416" HPOS="343" VPOS="2173" WIDTH="149" HEIGHT="35" CONTENT="supposed" WC="1.00" CC="00000000"/>
						<SP ID="P328_SP00370" HPOS="492" VPOS="2208" WIDTH="15"/>
						<String ID="P328_ST00417" HPOS="507" VPOS="2174" WIDTH="195" HEIGHT="34" CONTENT="relationship" WC="0.83" CC="500006000510"/>
						<SP ID="P328_SP00371" HPOS="702" VPOS="2208" WIDTH="16"/>
						<String ID="P328_ST00418" HPOS="718" VPOS="2179" WIDTH="29" HEIGHT="22" CONTENT="to" WC="1.00" CC="00"/>
						<SP ID="P328_SP00372" HPOS="747" VPOS="2208" WIDTH="15"/>
						<String ID="P328_ST00419" HPOS="762" VPOS="2183" WIDTH="82" HEIGHT="18" CONTENT="some" WC="1.00" CC="0000"/>
						<SP ID="P328_SP00373" HPOS="844" VPOS="2208" WIDTH="15"/>
						<String ID="P328_ST00420" HPOS="859" VPOS="2176" WIDTH="59" HEIGHT="26" CONTENT="late" WC="1.00" CC="0000"/>
						<SP ID="P328_SP00374" HPOS="918" VPOS="2208" WIDTH="15"/>
						<String ID="P328_ST00421" HPOS="933" VPOS="2176" WIDTH="152" HEIGHT="26" CONTENT="lamented" WC="0.97" CC="00000100"/>
						<SP ID="P328_SP00375" HPOS="1085" VPOS="2208" WIDTH="14"/>
						<String ID="P328_ST00422" HPOS="1099" VPOS="2176" WIDTH="152" HEIGHT="26" CONTENT="diamond." WC="0.97" CC="01000000"/>
					</TextLine>
				</TextBlock>
			</PrintSpace>
		</Page>
	</Layout>
</alto>
