<?xml version="1.0" encoding="UTF-8"?>
<alto xmlns:xsi="http://www.w3.org/2001/XMLSchema-instance" xsi:noNamespaceSchemaLocation="http://www.bl.uk/schemas/alto/alto-1-4.xsd" xmlns:xlink="http://www.w3.org/1999/xlink">
	<Description>
		<MeasurementUnit>mm10</MeasurementUnit>
		<sourceImageInformation>
			<fileName>//head1/IN/2008-50/A0012346969.2/003849.jp2</fileName>
		</sourceImageInformation>
		<OCRProcessing ID="OCRPROCESSING_1">
			<preProcessingStep>
				<processingSoftware>
					<softwareCreator>CCS Content Conversion Specialists GmbH, Germany</softwareCreator>
					<softwareName>CCS docWORKS</softwareName>
					<softwareVersion>6.1-0.67</softwareVersion>
				</processingSoftware>
			</preProcessingStep>
			<ocrProcessingStep>
				<processingSoftware>
					<softwareCreator>ABBYY (BIT Software), Russia</softwareCreator>
					<softwareName>Finereader</softwareName>
				</processingSoftware>
			</ocrProcessingStep>
		</OCRProcessing>
	</Description>
	<Styles>
		<TextStyle ID="TXT_0" FONTSIZE="11" FONTFAMILY="Courier New"/>
		<TextStyle ID="TXT_1" FONTSIZE="11" FONTFAMILY="Fraktur"/>
		<TextStyle ID="TXT_2" FONTSIZE="9" FONTFAMILY="Courier New"/>
		<ParagraphStyle ID="PAR_LEFT" ALIGN="Left"/>
		<ParagraphStyle ID="PAR_RIGHT" ALIGN="Right"/>
	</Styles>
	<Layout>
		<Page ID="P189" PHYSICAL_IMG_NR="189" HEIGHT="2488" WIDTH="1692" PRINTED_IMG_NR="161" POSITION="Right" ACCURACY="87.01">
			<TopMargin ID="P189_TM00001" HPOS="0" VPOS="0" WIDTH="1691" HEIGHT="304">
				<TextBlock ID="P189_TB00001" HPOS="478" VPOS="259" WIDTH="602" HEIGHT="45" STYLEREFS="TXT_0 PAR_LEFT">
					<TextLine ID="P189_TL00001" HPOS="479" VPOS="259" WIDTH="601" HEIGHT="45">
						<String ID="P189_ST00001" HPOS="479" VPOS="259" WIDTH="251" HEIGHT="44" CONTENT="Character" WC="0.94" CC="000000500"/>
						<SP ID="P189_SP00001" HPOS="730" VPOS="303" WIDTH="30"/>
						<String ID="P189_ST00002" HPOS="760" VPOS="261" WIDTH="54" HEIGHT="43" CONTENT="of" WC="1.00" CC="00"/>
						<SP ID="P189_SP00002" HPOS="814" VPOS="304" WIDTH="17"/>
						<String ID="P189_ST00003" HPOS="831" VPOS="260" WIDTH="249" HEIGHT="44" CONTENT="Elizabeth." WC="0.83" CC="0000007603"/>
					</TextLine>
				</TextBlock>
				<TextBlock ID="P189_TB00002" HPOS="1290" VPOS="273" WIDTH="51" HEIGHT="27" STYLEREFS="TXT_1 PAR_RIGHT">
					<TextLine ID="P189_TL00002" HPOS="1290" VPOS="273" WIDTH="51" HEIGHT="27">
						<String ID="P189_ST00004" HPOS="1290" VPOS="273" WIDTH="51" HEIGHT="27" CONTENT="161" WC="1.00" CC="000"/>
					</TextLine>
				</TextBlock>
				<TextBlock ID="P189_TB00003" HPOS="197" VPOS="282" WIDTH="115" HEIGHT="21" STYLEREFS="TXT_2 PAR_LEFT">
					<TextLine ID="P189_TL00003" HPOS="197" VPOS="282" WIDTH="115" HEIGHT="21">
						<String ID="P189_ST00005" HPOS="197" VPOS="282" WIDTH="68" HEIGHT="21" CONTENT="Chap." WC="0.57" CC="09604"/>
						<SP ID="P189_SP00003" HPOS="265" VPOS="303" WIDTH="14"/>
						<String ID="P189_ST00006" HPOS="279" VPOS="282" WIDTH="33" HEIGHT="21" CONTENT="X]" WC="0.54" CC="71"/>
					</TextLine>
				</TextBlock>
			</TopMargin>
			<LeftMargin ID="P189_LM00001" HPOS="0" VPOS="302" WIDTH="190" HEIGHT="1921"/>
			<RightMargin ID="P189_RM00001" HPOS="1347" VPOS="302" WIDTH="344" HEIGHT="1921"/>
			<BottomMargin ID="P189_BM00001" HPOS="0" VPOS="2223" WIDTH="1691" HEIGHT="265"/>
			<PrintSpace ID="P189_PS00001" HPOS="190" VPOS="302" WIDTH="1157" HEIGHT="1921">
				<TextBlock ID="P189_TB00004" HPOS="194" VPOS="369" WIDTH="1151" HEIGHT="139" STYLEREFS="TXT_2 PAR_LEFT">
					<TextLine ID="P189_TL00004" HPOS="197" VPOS="370" WIDTH="1148" HEIGHT="39">
						<String ID="P189_ST00007" HPOS="197" VPOS="370" WIDTH="100" HEIGHT="26" CONTENT="When" WC="0.94" CC="0200"/>
						<SP ID="P189_SP00004" HPOS="297" VPOS="396" WIDTH="18"/>
						<String ID="P189_ST00008" HPOS="315" VPOS="370" WIDTH="54" HEIGHT="28" CONTENT="she" WC="0.82" CC="050"/>
						<SP ID="P189_SP00005" HPOS="369" VPOS="398" WIDTH="14"/>
						<String ID="P189_ST00009" HPOS="383" VPOS="380" WIDTH="61" HEIGHT="18" CONTENT="was" WC="1.00" CC="000"/>
						<SP ID="P189_SP00006" HPOS="444" VPOS="398" WIDTH="18"/>
						<String ID="P189_ST00010" HPOS="462" VPOS="376" WIDTH="50" HEIGHT="22" CONTENT="too" WC="0.85" CC="400"/>
						<SP ID="P189_SP00007" HPOS="512" VPOS="398" WIDTH="20"/>
						<String ID="P189_ST00011" HPOS="532" VPOS="373" WIDTH="165" HEIGHT="26" CONTENT="exhausted" WC="0.95" CC="004000000"/>
						<SP ID="P189_SP00008" HPOS="697" VPOS="399" WIDTH="14"/>
						<String ID="P189_ST00012" HPOS="711" VPOS="377" WIDTH="30" HEIGHT="23" CONTENT="to" WC="1.00" CC="00"/>
						<SP ID="P189_SP00009" HPOS="741" VPOS="400" WIDTH="14"/>
						<String ID="P189_ST00013" HPOS="755" VPOS="383" WIDTH="112" HEIGHT="26" CONTENT="oppose" WC="1.00" CC="000000"/>
						<SP ID="P189_SP00010" HPOS="867" VPOS="409" WIDTH="13"/>
						<String ID="P189_ST00014" HPOS="880" VPOS="375" WIDTH="53" HEIGHT="26" CONTENT="her" WC="0.68" CC="603"/>
						<SP ID="P189_SP00011" HPOS="933" VPOS="409" WIDTH="18"/>
						<String ID="P189_ST00015" HPOS="951" VPOS="375" WIDTH="179" HEIGHT="32" CONTENT="attendants," WC="0.91" CC="03200000003"/>
						<SP ID="P189_SP00012" HPOS="1130" VPOS="409" WIDTH="15"/>
						<String ID="P189_ST00016" HPOS="1145" VPOS="375" WIDTH="70" HEIGHT="34" CONTENT="they" WC="0.83" CC="0600"/>
						<SP ID="P189_SP00013" HPOS="1215" VPOS="409" WIDTH="14"/>
						<String ID="P189_ST00017" HPOS="1229" VPOS="378" WIDTH="52" HEIGHT="31" CONTENT="got" WC="0.68" CC="900"/>
						<SP ID="P189_SP00014" HPOS="1281" VPOS="409" WIDTH="12"/>
						<String ID="P189_ST00018" HPOS="1293" VPOS="374" WIDTH="52" HEIGHT="26" CONTENT="her" WC="0.75" CC="700"/>
					</TextLine>
					<TextLine ID="P189_TL00005" HPOS="197" VPOS="419" WIDTH="1148" HEIGHT="38">
						<String ID="P189_ST00019" HPOS="197" VPOS="419" WIDTH="61" HEIGHT="27" CONTENT="into" WC="0.84" CC="3020"/>
						<SP ID="P189_SP00015" HPOS="258" VPOS="446" WIDTH="15"/>
						<String ID="P189_ST00020" HPOS="273" VPOS="420" WIDTH="67" HEIGHT="32" CONTENT="bed," WC="0.98" CC="0000"/>
						<SP ID="P189_SP00016" HPOS="340" VPOS="452" WIDTH="16"/>
						<String ID="P189_ST00021" HPOS="356" VPOS="421" WIDTH="58" HEIGHT="26" CONTENT="and" WC="0.93" CC="020"/>
						<SP ID="P189_SP00017" HPOS="414" VPOS="452" WIDTH="17"/>
						<String ID="P189_ST00022" HPOS="431" VPOS="430" WIDTH="38" HEIGHT="17" CONTENT="on" WC="0.72" CC="05"/>
						<SP ID="P189_SP00018" HPOS="469" VPOS="452" WIDTH="21"/>
						<String ID="P189_ST00023" HPOS="490" VPOS="421" WIDTH="50" HEIGHT="27" CONTENT="the" WC="0.86" CC="040"/>
						<SP ID="P189_SP00019" HPOS="540" VPOS="452" WIDTH="16"/>
						<String ID="P189_ST00024" HPOS="556" VPOS="423" WIDTH="67" HEIGHT="31" CONTENT="24th" WC="0.86" CC="0005"/>
						<SP ID="P189_SP00020" HPOS="623" VPOS="454" WIDTH="15"/>
						<String ID="P189_ST00025" HPOS="638" VPOS="422" WIDTH="33" HEIGHT="27" CONTENT="of" WC="1.00" CC="00"/>
						<SP ID="P189_SP00021" HPOS="671" VPOS="454" WIDTH="15"/>
						<String ID="P189_ST00026" HPOS="686" VPOS="423" WIDTH="114" HEIGHT="33" CONTENT="March," WC="0.88" CC="000042"/>
						<SP ID="P189_SP00022" HPOS="800" VPOS="456" WIDTH="19"/>
						<String ID="P189_ST00027" HPOS="819" VPOS="425" WIDTH="77" HEIGHT="32" CONTENT="1603," WC="0.78" CC="08002"/>
						<SP ID="P189_SP00023" HPOS="896" VPOS="457" WIDTH="15"/>
						<String ID="P189_ST00028" HPOS="911" VPOS="424" WIDTH="53" HEIGHT="27" CONTENT="she" WC="0.85" CC="040"/>
						<SP ID="P189_SP00024" HPOS="964" VPOS="457" WIDTH="13"/>
						<String ID="P189_ST00029" HPOS="977" VPOS="424" WIDTH="69" HEIGHT="26" CONTENT="died" WC="0.86" CC="0500"/>
						<SP ID="P189_SP00025" HPOS="1046" VPOS="457" WIDTH="18"/>
						<String ID="P189_ST00030" HPOS="1064" VPOS="424" WIDTH="29" HEIGHT="26" CONTENT="in" WC="1.00" CC="00"/>
						<SP ID="P189_SP00026" HPOS="1093" VPOS="457" WIDTH="19"/>
						<String ID="P189_ST00031" HPOS="1112" VPOS="424" WIDTH="50" HEIGHT="26" CONTENT="the" WC="0.69" CC="260"/>
						<SP ID="P189_SP00027" HPOS="1162" VPOS="457" WIDTH="20"/>
						<String ID="P189_ST00032" HPOS="1182" VPOS="423" WIDTH="163" HEIGHT="27" CONTENT="seventieth" WC="0.85" CC="0070000006"/>
					</TextLine>
					<TextLine ID="P189_TL00006" HPOS="196" VPOS="469" WIDTH="722" HEIGHT="39">
						<String ID="P189_ST00033" HPOS="196" VPOS="477" WIDTH="72" HEIGHT="26" CONTENT="year" WC="0.95" CC="0002"/>
						<SP ID="P189_SP00028" HPOS="268" VPOS="503" WIDTH="12"/>
						<String ID="P189_ST00034" HPOS="280" VPOS="469" WIDTH="33" HEIGHT="27" CONTENT="of" WC="1.00" CC="00"/>
						<SP ID="P189_SP00029" HPOS="313" VPOS="503" WIDTH="10"/>
						<String ID="P189_ST00035" HPOS="323" VPOS="470" WIDTH="53" HEIGHT="26" CONTENT="her" WC="0.90" CC="200"/>
						<SP ID="P189_SP00030" HPOS="376" VPOS="503" WIDTH="14"/>
						<String ID="P189_ST00036" HPOS="390" VPOS="479" WIDTH="65" HEIGHT="27" CONTENT="age," WC="0.67" CC="0902"/>
						<SP ID="P189_SP00031" HPOS="455" VPOS="506" WIDTH="18"/>
						<String ID="P189_ST00037" HPOS="473" VPOS="471" WIDTH="59" HEIGHT="26" CONTENT="and" WC="1.00" CC="000"/>
						<SP ID="P189_SP00032" HPOS="532" VPOS="506" WIDTH="14"/>
						<String ID="P189_ST00038" HPOS="546" VPOS="470" WIDTH="157" HEIGHT="37" CONTENT="forty-fifth" WC="0.82" CC="01300022072"/>
						<SP ID="P189_SP00033" HPOS="703" VPOS="507" WIDTH="13"/>
						<String ID="P189_ST00039" HPOS="716" VPOS="472" WIDTH="34" HEIGHT="26" CONTENT="of" WC="0.98" CC="00"/>
						<SP ID="P189_SP00034" HPOS="750" VPOS="507" WIDTH="9"/>
						<String ID="P189_ST00040" HPOS="759" VPOS="473" WIDTH="52" HEIGHT="26" CONTENT="her" WC="0.67" CC="603"/>
						<SP ID="P189_SP00035" HPOS="811" VPOS="507" WIDTH="13"/>
						<String ID="P189_ST00041" HPOS="824" VPOS="473" WIDTH="94" HEIGHT="35" CONTENT="reign." WC="1.00" CC="000000"/>
					</TextLine>
				</TextBlock>
				<TextBlock ID="P189_TB00005" HPOS="193" VPOS="544" WIDTH="1149" HEIGHT="823" STYLEREFS="TXT_2 PAR_LEFT">
					<TextLine ID="P189_TL00007" HPOS="252" VPOS="544" WIDTH="1090" HEIGHT="38">
						<String ID="P189_ST00042" HPOS="252" VPOS="544" WIDTH="94" HEIGHT="36" CONTENT="Many" WC="0.87" CC="0050"/>
						<SP ID="P189_SP00036" HPOS="346" VPOS="580" WIDTH="14"/>
						<String ID="P189_ST00043" HPOS="360" VPOS="546" WIDTH="106" HEIGHT="34" CONTENT="people" WC="0.96" CC="000020"/>
						<SP ID="P189_SP00037" HPOS="466" VPOS="580" WIDTH="17"/>
						<String ID="P189_ST00044" HPOS="483" VPOS="546" WIDTH="76" HEIGHT="26" CONTENT="have" WC="0.86" CC="5000"/>
						<SP ID="P189_SP00038" HPOS="559" VPOS="580" WIDTH="14"/>
						<String ID="P189_ST00045" HPOS="573" VPOS="554" WIDTH="18" HEIGHT="18" CONTENT="a" WC="1.00" CC="0"/>
						<SP ID="P189_SP00039" HPOS="591" VPOS="580" WIDTH="13"/>
						<String ID="P189_ST00046" HPOS="604" VPOS="555" WIDTH="72" HEIGHT="27" CONTENT="very" WC="0.96" CC="0010"/>
						<SP ID="P189_SP00040" HPOS="676" VPOS="582" WIDTH="13"/>
						<String ID="P189_ST00047" HPOS="689" VPOS="547" WIDTH="116" HEIGHT="26" CONTENT="natural" WC="0.81" CC="6002400"/>
						<SP ID="P189_SP00041" HPOS="805" VPOS="582" WIDTH="20"/>
						<String ID="P189_ST00048" HPOS="825" VPOS="547" WIDTH="147" HEIGHT="33" CONTENT="objection" WC="0.84" CC="000003404"/>
						<SP ID="P189_SP00042" HPOS="972" VPOS="582" WIDTH="17"/>
						<String ID="P189_ST00049" HPOS="989" VPOS="550" WIDTH="31" HEIGHT="23" CONTENT="to" WC="1.00" CC="00"/>
						<SP ID="P189_SP00043" HPOS="1020" VPOS="582" WIDTH="17"/>
						<String ID="P189_ST00050" HPOS="1037" VPOS="546" WIDTH="117" HEIGHT="27" CONTENT="written" WC="0.96" CC="0100000"/>
						<SP ID="P189_SP00044" HPOS="1154" VPOS="582" WIDTH="15"/>
						<String ID="P189_ST00051" HPOS="1169" VPOS="547" WIDTH="173" HEIGHT="31" CONTENT="characters," WC="0.83" CC="07041000500"/>
					</TextLine>
					<TextLine ID="P189_TL00008" HPOS="196" VPOS="592" WIDTH="1146" HEIGHT="38">
						<String ID="P189_ST00052" HPOS="196" VPOS="592" WIDTH="53" HEIGHT="27" CONTENT="but" WC="1.00" CC="000"/>
						<SP ID="P189_SP00045" HPOS="249" VPOS="619" WIDTH="20"/>
						<String ID="P189_ST00053" HPOS="269" VPOS="602" WIDTH="44" HEIGHT="17" CONTENT="we" WC="1.00" CC="00"/>
						<SP ID="P189_SP00046" HPOS="313" VPOS="619" WIDTH="19"/>
						<String ID="P189_ST00054" HPOS="332" VPOS="593" WIDTH="57" HEIGHT="26" CONTENT="feel" WC="1.00" CC="0000"/>
						<SP ID="P189_SP00047" HPOS="389" VPOS="619" WIDTH="19"/>
						<String ID="P189_ST00055" HPOS="408" VPOS="595" WIDTH="167" HEIGHT="35" CONTENT="compelled" WC="0.88" CC="000005500"/>
						<SP ID="P189_SP00048" HPOS="575" VPOS="630" WIDTH="20"/>
						<String ID="P189_ST00056" HPOS="595" VPOS="599" WIDTH="30" HEIGHT="23" CONTENT="to" WC="0.81" CC="03"/>
						<SP ID="P189_SP00049" HPOS="625" VPOS="630" WIDTH="20"/>
						<String ID="P189_ST00057" HPOS="645" VPOS="595" WIDTH="68" HEIGHT="35" CONTENT="give" WC="0.67" CC="9300"/>
						<SP ID="P189_SP00050" HPOS="713" VPOS="630" WIDTH="20"/>
						<String ID="P189_ST00058" HPOS="733" VPOS="604" WIDTH="18" HEIGHT="17" CONTENT="a" WC="1.00" CC="0"/>
						<SP ID="P189_SP00051" HPOS="751" VPOS="630" WIDTH="19"/>
						<String ID="P189_ST00059" HPOS="770" VPOS="595" WIDTH="117" HEIGHT="27" CONTENT="written" WC="0.89" CC="0000600"/>
						<SP ID="P189_SP00052" HPOS="887" VPOS="630" WIDTH="20"/>
						<String ID="P189_ST00060" HPOS="907" VPOS="596" WIDTH="152" HEIGHT="26" CONTENT="character" WC="0.86" CC="070000005"/>
						<SP ID="P189_SP00053" HPOS="1059" VPOS="630" WIDTH="18"/>
						<String ID="P189_ST00061" HPOS="1077" VPOS="596" WIDTH="32" HEIGHT="26" CONTENT="of" WC="1.00" CC="00"/>
						<SP ID="P189_SP00054" HPOS="1109" VPOS="630" WIDTH="16"/>
						<String ID="P189_ST00062" HPOS="1125" VPOS="596" WIDTH="103" HEIGHT="34" CONTENT="Queen" WC="1.00" CC="00000"/>
						<SP ID="P189_SP00055" HPOS="1228" VPOS="630" WIDTH="19"/>
						<String ID="P189_ST00063" HPOS="1247" VPOS="595" WIDTH="95" HEIGHT="26" CONTENT="Eliza" SUBS_TYPE="HypPart1" SUBS_CONTENT="Elizabeth;" WC="0.81" CC="204400"/>
						<HYP CONTENT="-"/>
					</TextLine>
					<TextLine ID="P189_TL00009" HPOS="195" VPOS="642" WIDTH="1147" HEIGHT="37">
						<String ID="P189_ST00064" HPOS="195" VPOS="642" WIDTH="85" HEIGHT="31" CONTENT="beth;" SUBS_TYPE="HypPart2" SUBS_CONTENT="Elizabeth;" WC="0.86" CC="00051"/>
						<SP ID="P189_SP00056" HPOS="280" VPOS="673" WIDTH="22"/>
						<String ID="P189_ST00065" HPOS="302" VPOS="643" WIDTH="59" HEIGHT="25" CONTENT="and" WC="0.87" CC="030"/>
						<SP ID="P189_SP00057" HPOS="361" VPOS="673" WIDTH="14"/>
						<String ID="P189_ST00066" HPOS="375" VPOS="652" WIDTH="43" HEIGHT="17" CONTENT="we" WC="0.47" CC="90"/>
						<SP ID="P189_SP00058" HPOS="418" VPOS="673" WIDTH="22"/>
						<String ID="P189_ST00067" HPOS="440" VPOS="652" WIDTH="50" HEIGHT="18" CONTENT="are" WC="1.00" CC="000"/>
						<SP ID="P189_SP00059" HPOS="490" VPOS="673" WIDTH="20"/>
						<String ID="P189_ST00068" HPOS="510" VPOS="652" WIDTH="83" HEIGHT="27" CONTENT="sorry" WC="0.86" CC="00240"/>
						<SP ID="P189_SP00060" HPOS="593" VPOS="679" WIDTH="18"/>
						<String ID="P189_ST00069" HPOS="611" VPOS="649" WIDTH="31" HEIGHT="21" CONTENT="to" WC="1.00" CC="00"/>
						<SP ID="P189_SP00061" HPOS="642" VPOS="679" WIDTH="20"/>
						<String ID="P189_ST00070" HPOS="662" VPOS="645" WIDTH="126" HEIGHT="32" CONTENT="remark," WC="0.81" CC="5000052"/>
						<SP ID="P189_SP00062" HPOS="788" VPOS="679" WIDTH="15"/>
						<String ID="P189_ST00071" HPOS="803" VPOS="645" WIDTH="65" HEIGHT="26" CONTENT="that" WC="0.82" CC="0600"/>
						<SP ID="P189_SP00063" HPOS="868" VPOS="679" WIDTH="20"/>
						<String ID="P189_ST00072" HPOS="888" VPOS="653" WIDTH="43" HEIGHT="18" CONTENT="we" WC="1.00" CC="00"/>
						<SP ID="P189_SP00064" HPOS="931" VPOS="679" WIDTH="20"/>
						<String ID="P189_ST00073" HPOS="951" VPOS="653" WIDTH="56" HEIGHT="18" CONTENT="can" WC="0.89" CC="003"/>
						<SP ID="P189_SP00065" HPOS="1007" VPOS="679" WIDTH="20"/>
						<String ID="P189_ST00074" HPOS="1027" VPOS="653" WIDTH="54" HEIGHT="26" CONTENT="say" WC="1.00" CC="000"/>
						<SP ID="P189_SP00066" HPOS="1081" VPOS="679" WIDTH="16"/>
						<String ID="P189_ST00075" HPOS="1097" VPOS="654" WIDTH="71" HEIGHT="25" CONTENT="very" WC="1.00" CC="0000"/>
						<SP ID="P189_SP00067" HPOS="1168" VPOS="679" WIDTH="16"/>
						<String ID="P189_ST00076" HPOS="1184" VPOS="645" WIDTH="75" HEIGHT="25" CONTENT="little" WC="0.89" CC="300030"/>
						<SP ID="P189_SP00068" HPOS="1259" VPOS="679" WIDTH="21"/>
						<String ID="P189_ST00077" HPOS="1280" VPOS="645" WIDTH="62" HEIGHT="25" CONTENT="that" WC="0.74" CC="0703"/>
					</TextLine>
					<TextLine ID="P189_TL00010" HPOS="194" VPOS="691" WIDTH="1148" HEIGHT="38">
						<String ID="P189_ST00078" HPOS="194" VPOS="691" WIDTH="61" HEIGHT="27" CONTENT="will" WC="0.74" CC="0504"/>
						<SP ID="P189_SP00069" HPOS="255" VPOS="718" WIDTH="19"/>
						<String ID="P189_ST00079" HPOS="274" VPOS="692" WIDTH="37" HEIGHT="26" CONTENT="be" WC="1.00" CC="00"/>
						<SP ID="P189_SP00070" HPOS="311" VPOS="718" WIDTH="20"/>
						<String ID="P189_ST00080" HPOS="331" VPOS="692" WIDTH="128" HEIGHT="36" CONTENT="thought" WC="0.81" CC="0500070"/>
						<SP ID="P189_SP00071" HPOS="459" VPOS="728" WIDTH="20"/>
						<String ID="P189_ST00081" HPOS="479" VPOS="693" WIDTH="254" HEIGHT="36" CONTENT="complimentary." WC="0.91" CC="00001600000400"/>
						<SP ID="P189_SP00072" HPOS="733" VPOS="729" WIDTH="50"/>
						<String ID="P189_ST00082" HPOS="783" VPOS="694" WIDTH="36" HEIGHT="25" CONTENT="In" WC="0.69" CC="23"/>
						<SP ID="P189_SP00073" HPOS="819" VPOS="729" WIDTH="19"/>
						<String ID="P189_ST00083" HPOS="838" VPOS="702" WIDTH="108" HEIGHT="26" CONTENT="person" WC="1.00" CC="000000"/>
						<SP ID="P189_SP00074" HPOS="946" VPOS="729" WIDTH="21"/>
						<String ID="P189_ST00084" HPOS="967" VPOS="695" WIDTH="52" HEIGHT="25" CONTENT="she" WC="0.80" CC="050"/>
						<SP ID="P189_SP00075" HPOS="1019" VPOS="729" WIDTH="21"/>
						<String ID="P189_ST00085" HPOS="1040" VPOS="703" WIDTH="61" HEIGHT="17" CONTENT="was" WC="1.00" CC="000"/>
						<SP ID="P189_SP00076" HPOS="1101" VPOS="729" WIDTH="21"/>
						<String ID="P189_ST00086" HPOS="1122" VPOS="695" WIDTH="88" HEIGHT="34" CONTENT="bony," WC="0.86" CC="00402"/>
						<SP ID="P189_SP00077" HPOS="1210" VPOS="729" WIDTH="22"/>
						<String ID="P189_ST00087" HPOS="1232" VPOS="702" WIDTH="110" HEIGHT="22" CONTENT="coarse," WC="1.00" CC="0000000"/>
					</TextLine>
					<TextLine ID="P189_TL00011" HPOS="197" VPOS="741" WIDTH="1145" HEIGHT="34">
						<String ID="P189_ST00088" HPOS="197" VPOS="741" WIDTH="149" HEIGHT="26" CONTENT="muscular" WC="0.90" CC="06000000"/>
						<SP ID="P189_SP00078" HPOS="346" VPOS="767" WIDTH="12"/>
						<String ID="P189_ST00089" HPOS="358" VPOS="742" WIDTH="60" HEIGHT="26" CONTENT="and" WC="0.83" CC="040"/>
						<SP ID="P189_SP00079" HPOS="418" VPOS="768" WIDTH="20"/>
						<String ID="P189_ST00090" HPOS="438" VPOS="742" WIDTH="173" HEIGHT="26" CONTENT="masculine." WC="0.88" CC="0000300800"/>
						<SP ID="P189_SP00080" HPOS="611" VPOS="768" WIDTH="39"/>
						<String ID="P189_ST00091" HPOS="650" VPOS="742" WIDTH="65" HEIGHT="26" CONTENT="Tier" WC="0.66" CC="7005"/>
						<SP ID="P189_SP00081" HPOS="715" VPOS="768" WIDTH="18"/>
						<String ID="P189_ST00092" HPOS="733" VPOS="742" WIDTH="66" HEIGHT="26" CONTENT="hair" WC="0.41" CC="6933"/>
						<SP ID="P189_SP00082" HPOS="799" VPOS="768" WIDTH="18"/>
						<String ID="P189_ST00093" HPOS="817" VPOS="751" WIDTH="62" HEIGHT="18" CONTENT="was" WC="1.00" CC="000"/>
						<SP ID="P189_SP00083" HPOS="879" VPOS="769" WIDTH="20"/>
						<String ID="P189_ST00094" HPOS="899" VPOS="743" WIDTH="60" HEIGHT="32" CONTENT="red," WC="0.83" CC="2004"/>
						<SP ID="P189_SP00084" HPOS="959" VPOS="775" WIDTH="15"/>
						<String ID="P189_ST00095" HPOS="974" VPOS="744" WIDTH="52" HEIGHT="25" CONTENT="but" WC="0.82" CC="050"/>
						<SP ID="P189_SP00085" HPOS="1026" VPOS="775" WIDTH="21"/>
						<String ID="P189_ST00096" HPOS="1047" VPOS="743" WIDTH="59" HEIGHT="26" CONTENT="this" WC="0.82" CC="0510"/>
						<SP ID="P189_SP00086" HPOS="1106" VPOS="775" WIDTH="20"/>
						<String ID="P189_ST00097" HPOS="1126" VPOS="744" WIDTH="52" HEIGHT="25" CONTENT="she" WC="0.60" CC="074"/>
						<SP ID="P189_SP00087" HPOS="1178" VPOS="775" WIDTH="19"/>
						<String ID="P189_ST00098" HPOS="1197" VPOS="743" WIDTH="145" HEIGHT="25" CONTENT="inherited" WC="0.61" CC="577535000"/>
					</TextLine>
					<TextLine ID="P189_TL00012" HPOS="197" VPOS="790" WIDTH="1145" HEIGHT="37">
						<String ID="P189_ST00099" HPOS="197" VPOS="790" WIDTH="74" HEIGHT="26" CONTENT="from" WC="0.86" CC="1003"/>
						<SP ID="P189_SP00088" HPOS="271" VPOS="816" WIDTH="14"/>
						<String ID="P189_ST00100" HPOS="285" VPOS="790" WIDTH="53" HEIGHT="26" CONTENT="her" WC="0.79" CC="600"/>
						<SP ID="P189_SP00089" HPOS="338" VPOS="816" WIDTH="13"/>
						<String ID="P189_ST00101" HPOS="351" VPOS="790" WIDTH="96" HEIGHT="27" CONTENT="father" WC="0.82" CC="000703"/>
						<SP ID="P189_SP00090" HPOS="447" VPOS="817" WIDTH="15"/>
						<String ID="P189_ST00102" HPOS="462" VPOS="791" WIDTH="113" HEIGHT="35" CONTENT="Henry," WC="0.78" CC="507000"/>
						<SP ID="P189_SP00091" HPOS="575" VPOS="826" WIDTH="17"/>
						<String ID="P189_ST00103" HPOS="592" VPOS="792" WIDTH="58" HEIGHT="26" CONTENT="and" WC="0.72" CC="080"/>
						<SP ID="P189_SP00092" HPOS="650" VPOS="826" WIDTH="18"/>
						<String ID="P189_ST00104" HPOS="668" VPOS="792" WIDTH="68" HEIGHT="26" CONTENT="thus" WC="0.85" CC="0500"/>
						<SP ID="P189_SP00093" HPOS="736" VPOS="826" WIDTH="19"/>
						<String ID="P189_ST00105" HPOS="755" VPOS="792" WIDTH="54" HEIGHT="26" CONTENT="her" WC="0.68" CC="504"/>
						<SP ID="P189_SP00094" HPOS="809" VPOS="826" WIDTH="18"/>
						<String ID="P189_ST00106" HPOS="827" VPOS="792" WIDTH="51" HEIGHT="26" CONTENT="red" WC="1.00" CC="000"/>
						<SP ID="P189_SP00095" HPOS="878" VPOS="826" WIDTH="18"/>
						<String ID="P189_ST00107" HPOS="896" VPOS="792" WIDTH="65" HEIGHT="26" CONTENT="hair" WC="0.74" CC="6021"/>
						<SP ID="P189_SP00096" HPOS="961" VPOS="826" WIDTH="19"/>
						<String ID="P189_ST00108" HPOS="980" VPOS="793" WIDTH="54" HEIGHT="25" CONTENT="has" WC="0.81" CC="500"/>
						<SP ID="P189_SP00097" HPOS="1034" VPOS="826" WIDTH="14"/>
						<String ID="P189_ST00109" HPOS="1048" VPOS="793" WIDTH="74" HEIGHT="25" CONTENT="been" WC="1.00" CC="0000"/>
						<SP ID="P189_SP00098" HPOS="1122" VPOS="826" WIDTH="15"/>
						<String ID="P189_ST00110" HPOS="1137" VPOS="792" WIDTH="73" HEIGHT="31" CONTENT="said," WC="0.92" CC="00300"/>
						<SP ID="P189_SP00099" HPOS="1210" VPOS="826" WIDTH="15"/>
						<String ID="P189_ST00111" HPOS="1225" VPOS="793" WIDTH="40" HEIGHT="34" CONTENT="by" WC="0.97" CC="00"/>
						<SP ID="P189_SP00100" HPOS="1265" VPOS="827" WIDTH="14"/>
						<String ID="P189_ST00112" HPOS="1279" VPOS="792" WIDTH="63" HEIGHT="25" CONTENT="that" WC="0.78" CC="4400"/>
					</TextLine>
					<TextLine ID="P189_TL00013" HPOS="197" VPOS="840" WIDTH="1145" HEIGHT="36">
						<String ID="P189_ST00113" HPOS="197" VPOS="840" WIDTH="212" HEIGHT="32" CONTENT="mountebank," WC="0.79" CC="00560050220"/>
						<SP ID="P189_SP00101" HPOS="409" VPOS="872" WIDTH="11"/>
						<String ID="P189_ST00114" HPOS="420" VPOS="840" WIDTH="118" HEIGHT="35" CONTENT="Strype," WC="0.95" CC="0000003"/>
						<SP ID="P189_SP00102" HPOS="538" VPOS="875" WIDTH="13"/>
						<String ID="P189_ST00115" HPOS="551" VPOS="845" WIDTH="29" HEIGHT="22" CONTENT="to" WC="1.00" CC="00"/>
						<SP ID="P189_SP00103" HPOS="580" VPOS="875" WIDTH="15"/>
						<String ID="P189_ST00116" HPOS="595" VPOS="841" WIDTH="75" HEIGHT="26" CONTENT="have" WC="0.88" CC="4000"/>
						<SP ID="P189_SP00104" HPOS="670" VPOS="875" WIDTH="13"/>
						<String ID="P189_ST00117" HPOS="683" VPOS="841" WIDTH="76" HEIGHT="26" CONTENT="been" WC="0.96" CC="0001"/>
						<SP ID="P189_SP00105" HPOS="759" VPOS="875" WIDTH="13"/>
						<String ID="P189_ST00118" HPOS="772" VPOS="841" WIDTH="264" HEIGHT="35" CONTENT="he-red-hair-tary" WC="0.91" CC="6000000501000000"/>
						<SP ID="P189_SP00106" HPOS="1036" VPOS="876" WIDTH="8"/>
						<String ID="P189_ST00119" HPOS="1044" VPOS="845" WIDTH="30" HEIGHT="22" CONTENT="at" WC="1.00" CC="00"/>
						<SP ID="P189_SP00107" HPOS="1074" VPOS="876" WIDTH="13"/>
						<String ID="P189_ST00120" HPOS="1087" VPOS="842" WIDTH="64" HEIGHT="25" CONTENT="that" WC="0.86" CC="0500"/>
						<SP ID="P189_SP00108" HPOS="1151" VPOS="876" WIDTH="14"/>
						<String ID="P189_ST00121" HPOS="1165" VPOS="841" WIDTH="70" HEIGHT="26" CONTENT="time" WC="0.95" CC="0200"/>
						<SP ID="P189_SP00109" HPOS="1235" VPOS="876" WIDTH="15"/>
						<String ID="P189_ST00122" HPOS="1250" VPOS="841" WIDTH="30" HEIGHT="26" CONTENT="in" WC="0.86" CC="20"/>
						<SP ID="P189_SP00110" HPOS="1280" VPOS="876" WIDTH="13"/>
						<String ID="P189_ST00123" HPOS="1293" VPOS="840" WIDTH="49" HEIGHT="27" CONTENT="the" WC="0.83" CC="050"/>
					</TextLine>
					<TextLine ID="P189_TL00014" HPOS="196" VPOS="889" WIDTH="1146" HEIGHT="36">
						<String ID="P189_ST00124" HPOS="196" VPOS="889" WIDTH="83" HEIGHT="34" CONTENT="royal" WC="1.00" CC="00000"/>
						<SP ID="P189_SP00111" HPOS="279" VPOS="923" WIDTH="13"/>
						<String ID="P189_ST00125" HPOS="292" VPOS="889" WIDTH="113" HEIGHT="35" CONTENT="family." WC="0.87" CC="0000090"/>
						<SP ID="P189_SP00112" HPOS="405" VPOS="924" WIDTH="41"/>
						<String ID="P189_ST00126" HPOS="446" VPOS="889" WIDTH="61" HEIGHT="27" CONTENT="She" WC="0.82" CC="050"/>
						<SP ID="P189_SP00113" HPOS="507" VPOS="924" WIDTH="14"/>
						<String ID="P189_ST00127" HPOS="521" VPOS="890" WIDTH="213" HEIGHT="32" CONTENT="endeavoured," WC="0.96" CC="000000030000"/>
						<SP ID="P189_SP00114" HPOS="734" VPOS="924" WIDTH="16"/>
						<String ID="P189_ST00128" HPOS="750" VPOS="891" WIDTH="40" HEIGHT="34" CONTENT="by" WC="0.98" CC="00"/>
						<SP ID="P189_SP00115" HPOS="790" VPOS="925" WIDTH="14"/>
						<String ID="P189_ST00129" HPOS="804" VPOS="890" WIDTH="50" HEIGHT="27" CONTENT="the" WC="0.75" CC="070"/>
						<SP ID="P189_SP00116" HPOS="854" VPOS="925" WIDTH="20"/>
						<String ID="P189_ST00130" HPOS="874" VPOS="890" WIDTH="49" HEIGHT="27" CONTENT="aid" WC="0.86" CC="040"/>
						<SP ID="P189_SP00117" HPOS="923" VPOS="925" WIDTH="19"/>
						<String ID="P189_ST00131" HPOS="942" VPOS="890" WIDTH="32" HEIGHT="27" CONTENT="of" WC="0.77" CC="40"/>
						<SP ID="P189_SP00118" HPOS="974" VPOS="925" WIDTH="16"/>
						<String ID="P189_ST00132" HPOS="990" VPOS="891" WIDTH="91" HEIGHT="31" CONTENT="dress," WC="1.00" CC="000000"/>
						<SP ID="P189_SP00119" HPOS="1081" VPOS="925" WIDTH="16"/>
						<String ID="P189_ST00133" HPOS="1097" VPOS="895" WIDTH="29" HEIGHT="22" CONTENT="to" WC="0.89" CC="02"/>
						<SP ID="P189_SP00120" HPOS="1126" VPOS="925" WIDTH="19"/>
						<String ID="P189_ST00134" HPOS="1145" VPOS="890" WIDTH="86" HEIGHT="26" CONTENT="make" WC="1.00" CC="0000"/>
						<SP ID="P189_SP00121" HPOS="1231" VPOS="925" WIDTH="15"/>
						<String ID="P189_ST00135" HPOS="1246" VPOS="899" WIDTH="39" HEIGHT="24" CONTENT="up" WC="1.00" CC="00"/>
						<SP ID="P189_SP00122" HPOS="1285" VPOS="925" WIDTH="14"/>
						<String ID="P189_ST00136" HPOS="1299" VPOS="889" WIDTH="43" HEIGHT="27" CONTENT="for" WC="1.00" CC="000"/>
					</TextLine>
					<TextLine ID="P189_TL00015" HPOS="195" VPOS="939" WIDTH="1147" HEIGHT="34">
						<String ID="P189_ST00137" HPOS="195" VPOS="939" WIDTH="50" HEIGHT="25" CONTENT="the" WC="0.76" CC="070"/>
						<SP ID="P189_SP00123" HPOS="245" VPOS="964" WIDTH="11"/>
						<String ID="P189_ST00138" HPOS="256" VPOS="939" WIDTH="184" HEIGHT="26" CONTENT="unkindness" WC="0.89" CC="5000004000"/>
						<SP ID="P189_SP00124" HPOS="440" VPOS="965" WIDTH="11"/>
						<String ID="P189_ST00139" HPOS="451" VPOS="939" WIDTH="33" HEIGHT="26" CONTENT="of" WC="1.00" CC="00"/>
						<SP ID="P189_SP00125" HPOS="484" VPOS="965" WIDTH="10"/>
						<String ID="P189_ST00140" HPOS="494" VPOS="939" WIDTH="112" HEIGHT="26" CONTENT="Nature" WC="0.88" CC="000240"/>
						<SP ID="P189_SP00126" HPOS="606" VPOS="965" WIDTH="13"/>
						<String ID="P189_ST00141" HPOS="619" VPOS="950" WIDTH="5" HEIGHT="20" CONTENT=";" WC="1.00" CC="0"/>
						<SP ID="P189_SP00127" HPOS="624" VPOS="970" WIDTH="23"/>
						<String ID="P189_ST00142" HPOS="647" VPOS="939" WIDTH="58" HEIGHT="26" CONTENT="and" WC="0.76" CC="070"/>
						<SP ID="P189_SP00128" HPOS="705" VPOS="970" WIDTH="10"/>
						<String ID="P189_ST00143" HPOS="715" VPOS="939" WIDTH="51" HEIGHT="27" CONTENT="she" WC="0.91" CC="020"/>
						<SP ID="P189_SP00129" HPOS="766" VPOS="970" WIDTH="15"/>
						<String ID="P189_ST00144" HPOS="781" VPOS="940" WIDTH="182" HEIGHT="26" CONTENT="surrounded" WC="0.86" CC="0530050000"/>
						<SP ID="P189_SP00130" HPOS="963" VPOS="970" WIDTH="14"/>
						<String ID="P189_ST00145" HPOS="977" VPOS="939" WIDTH="112" HEIGHT="27" CONTENT="herself" WC="0.94" CC="4000000"/>
						<SP ID="P189_SP00131" HPOS="1089" VPOS="970" WIDTH="9"/>
						<String ID="P189_ST00146" HPOS="1098" VPOS="939" WIDTH="71" HEIGHT="27" CONTENT="with" WC="0.75" CC="0306"/>
						<SP ID="P189_SP00132" HPOS="1169" VPOS="970" WIDTH="10"/>
						<String ID="P189_ST00147" HPOS="1179" VPOS="948" WIDTH="17" HEIGHT="17" CONTENT="a" WC="1.00" CC="0"/>
						<SP ID="P189_SP00133" HPOS="1196" VPOS="970" WIDTH="11"/>
						<String ID="P189_ST00148" HPOS="1207" VPOS="939" WIDTH="135" HEIGHT="34" CONTENT="quantity" WC="0.85" CC="04000600"/>
					</TextLine>
					<TextLine ID="P189_TL00016" HPOS="196" VPOS="988" WIDTH="1146" HEIGHT="35">
						<String ID="P189_ST00149" HPOS="196" VPOS="988" WIDTH="33" HEIGHT="25" CONTENT="of" WC="0.75" CC="05"/>
						<SP ID="P189_SP00134" HPOS="229" VPOS="1013" WIDTH="8"/>
						<String ID="P189_ST00150" HPOS="237" VPOS="989" WIDTH="104" HEIGHT="33" CONTENT="hoops," WC="0.90" CC="000050"/>
						<SP ID="P189_SP00135" HPOS="341" VPOS="1022" WIDTH="15"/>
						<String ID="P189_ST00151" HPOS="356" VPOS="988" WIDTH="105" HEIGHT="32" CONTENT="which," WC="0.80" CC="070050"/>
						<SP ID="P189_SP00136" HPOS="461" VPOS="1022" WIDTH="16"/>
						<String ID="P189_ST00152" HPOS="477" VPOS="996" WIDTH="33" HEIGHT="18" CONTENT="as" WC="1.00" CC="00"/>
						<SP ID="P189_SP00137" HPOS="510" VPOS="1022" WIDTH="13"/>
						<String ID="P189_ST00153" HPOS="523" VPOS="988" WIDTH="54" HEIGHT="26" CONTENT="her" WC="0.70" CC="503"/>
						<SP ID="P189_SP00138" HPOS="577" VPOS="1022" WIDTH="12"/>
						<String ID="P189_ST00154" HPOS="589" VPOS="988" WIDTH="94" HEIGHT="34" CONTENT="figure" WC="0.80" CC="110404"/>
						<SP ID="P189_SP00139" HPOS="683" VPOS="1022" WIDTH="13"/>
						<String ID="P189_ST00155" HPOS="696" VPOS="997" WIDTH="60" HEIGHT="17" CONTENT="was" WC="1.00" CC="000"/>
						<SP ID="P189_SP00140" HPOS="756" VPOS="1022" WIDTH="15"/>
						<String ID="P189_ST00156" HPOS="771" VPOS="989" WIDTH="99" HEIGHT="26" CONTENT="rather" WC="0.81" CC="200603"/>
						<SP ID="P189_SP00141" HPOS="870" VPOS="1022" WIDTH="17"/>
						<String ID="P189_ST00157" HPOS="887" VPOS="989" WIDTH="136" HEIGHT="32" CONTENT="tub-like," WC="0.73" CC="252306002"/>
						<SP ID="P189_SP00142" HPOS="1023" VPOS="1022" WIDTH="15"/>
						<String ID="P189_ST00158" HPOS="1038" VPOS="997" WIDTH="69" HEIGHT="26" CONTENT="may" WC="1.00" CC="000"/>
						<SP ID="P189_SP00143" HPOS="1107" VPOS="1023" WIDTH="12"/>
						<String ID="P189_ST00159" HPOS="1119" VPOS="989" WIDTH="37" HEIGHT="26" CONTENT="be" WC="1.00" CC="00"/>
						<SP ID="P189_SP00144" HPOS="1156" VPOS="1023" WIDTH="14"/>
						<String ID="P189_ST00160" HPOS="1170" VPOS="988" WIDTH="172" HEIGHT="26" CONTENT="considered" WC="0.94" CC="0000500000"/>
					</TextLine>
					<TextLine ID="P189_TL00017" HPOS="197" VPOS="1036" WIDTH="1144" HEIGHT="36">
						<String ID="P189_ST00161" HPOS="197" VPOS="1037" WIDTH="199" HEIGHT="34" CONTENT="appropriate." WC="0.83" CC="309000060000"/>
						<SP ID="P189_SP00145" HPOS="396" VPOS="1071" WIDTH="40"/>
						<String ID="P189_ST00162" HPOS="436" VPOS="1036" WIDTH="61" HEIGHT="27" CONTENT="She" WC="0.78" CC="060"/>
						<SP ID="P189_SP00146" HPOS="497" VPOS="1071" WIDTH="17"/>
						<String ID="P189_ST00163" HPOS="514" VPOS="1046" WIDTH="89" HEIGHT="17" CONTENT="never" WC="1.00" CC="00000"/>
						<SP ID="P189_SP00147" HPOS="603" VPOS="1071" WIDTH="14"/>
						<String ID="P189_ST00164" HPOS="617" VPOS="1045" WIDTH="76" HEIGHT="27" CONTENT="gave" WC="0.85" CC="0500"/>
						<SP ID="P189_SP00148" HPOS="693" VPOS="1072" WIDTH="16"/>
						<String ID="P189_ST00165" HPOS="709" VPOS="1045" WIDTH="85" HEIGHT="27" CONTENT="away" WC="1.00" CC="0000"/>
						<SP ID="P189_SP00149" HPOS="794" VPOS="1072" WIDTH="12"/>
						<String ID="P189_ST00166" HPOS="806" VPOS="1038" WIDTH="53" HEIGHT="25" CONTENT="her" WC="0.70" CC="701"/>
						<SP ID="P189_SP00150" HPOS="859" VPOS="1072" WIDTH="13"/>
						<String ID="P189_ST00167" HPOS="872" VPOS="1038" WIDTH="49" HEIGHT="25" CONTENT="old" WC="1.00" CC="000"/>
						<SP ID="P189_SP00151" HPOS="921" VPOS="1072" WIDTH="15"/>
						<String ID="P189_ST00168" HPOS="936" VPOS="1038" WIDTH="121" HEIGHT="32" CONTENT="clothes," WC="0.83" CC="00006304"/>
						<SP ID="P189_SP00152" HPOS="1057" VPOS="1072" WIDTH="16"/>
						<String ID="P189_ST00169" HPOS="1073" VPOS="1038" WIDTH="58" HEIGHT="25" CONTENT="and" WC="1.00" CC="000"/>
						<SP ID="P189_SP00153" HPOS="1131" VPOS="1072" WIDTH="14"/>
						<String ID="P189_ST00170" HPOS="1145" VPOS="1046" WIDTH="38" HEIGHT="17" CONTENT="no" WC="1.00" CC="00"/>
						<SP ID="P189_SP00154" HPOS="1183" VPOS="1072" WIDTH="14"/>
						<String ID="P189_ST00171" HPOS="1197" VPOS="1038" WIDTH="58" HEIGHT="25" CONTENT="less" WC="1.00" CC="0000"/>
						<SP ID="P189_SP00155" HPOS="1255" VPOS="1072" WIDTH="14"/>
						<String ID="P189_ST00172" HPOS="1269" VPOS="1037" WIDTH="72" HEIGHT="26" CONTENT="than" WC="0.82" CC="0600"/>
					</TextLine>
					<TextLine ID="P189_TL00018" HPOS="196" VPOS="1085" WIDTH="1144" HEIGHT="33">
						<String ID="P189_ST00173" HPOS="196" VPOS="1086" WIDTH="81" HEIGHT="25" CONTENT="three" WC="0.98" CC="00000"/>
						<SP ID="P189_SP00156" HPOS="277" VPOS="1111" WIDTH="14"/>
						<String ID="P189_ST00174" HPOS="291" VPOS="1086" WIDTH="149" HEIGHT="26" CONTENT="thousand" WC="0.85" CC="05060000"/>
						<SP ID="P189_SP00157" HPOS="440" VPOS="1112" WIDTH="14"/>
						<String ID="P189_ST00175" HPOS="454" VPOS="1086" WIDTH="116" HEIGHT="27" CONTENT="dresses" WC="0.96" CC="0200000"/>
						<SP ID="P189_SP00158" HPOS="570" VPOS="1113" WIDTH="13"/>
						<String ID="P189_ST00176" HPOS="583" VPOS="1095" WIDTH="77" HEIGHT="18" CONTENT="were" WC="0.96" CC="0010"/>
						<SP ID="P189_SP00159" HPOS="660" VPOS="1113" WIDTH="13"/>
						<String ID="P189_ST00177" HPOS="673" VPOS="1086" WIDTH="90" HEIGHT="26" CONTENT="found" WC="0.92" CC="00030"/>
						<SP ID="P189_SP00160" HPOS="763" VPOS="1113" WIDTH="15"/>
						<String ID="P189_ST00178" HPOS="778" VPOS="1090" WIDTH="30" HEIGHT="22" CONTENT="at" WC="0.42" CC="82"/>
						<SP ID="P189_SP00161" HPOS="808" VPOS="1113" WIDTH="13"/>
						<String ID="P189_ST00179" HPOS="821" VPOS="1087" WIDTH="54" HEIGHT="25" CONTENT="her" WC="0.84" CC="102"/>
						<SP ID="P189_SP00162" HPOS="875" VPOS="1113" WIDTH="13"/>
						<String ID="P189_ST00180" HPOS="888" VPOS="1087" WIDTH="98" HEIGHT="31" CONTENT="death," WC="0.93" CC="000040"/>
						<SP ID="P189_SP00163" HPOS="986" VPOS="1118" WIDTH="16"/>
						<String ID="P189_ST00181" HPOS="1002" VPOS="1087" WIDTH="50" HEIGHT="26" CONTENT="the" WC="0.84" CC="021"/>
						<SP ID="P189_SP00164" HPOS="1052" VPOS="1118" WIDTH="18"/>
						<String ID="P189_ST00182" HPOS="1070" VPOS="1087" WIDTH="104" HEIGHT="25" CONTENT="bodies" WC="1.00" CC="000000"/>
						<SP ID="P189_SP00165" HPOS="1174" VPOS="1118" WIDTH="14"/>
						<String ID="P189_ST00183" HPOS="1188" VPOS="1086" WIDTH="32" HEIGHT="26" CONTENT="of" WC="1.00" CC="00"/>
						<SP ID="P189_SP00166" HPOS="1220" VPOS="1118" WIDTH="15"/>
						<String ID="P189_ST00184" HPOS="1235" VPOS="1085" WIDTH="105" HEIGHT="31" CONTENT="which," WC="0.81" CC="053020"/>
					</TextLine>
					<TextLine ID="P189_TL00019" HPOS="196" VPOS="1134" WIDTH="1144" HEIGHT="33">
						<String ID="P189_ST00185" HPOS="196" VPOS="1134" WIDTH="23" HEIGHT="26" CONTENT="it" WC="1.00" CC="00"/>
						<SP ID="P189_SP00167" HPOS="219" VPOS="1160" WIDTH="13"/>
						<String ID="P189_ST00186" HPOS="232" VPOS="1135" WIDTH="25" HEIGHT="25" CONTENT="is" WC="0.79" CC="40"/>
						<SP ID="P189_SP00168" HPOS="257" VPOS="1160" WIDTH="15"/>
						<String ID="P189_ST00187" HPOS="272" VPOS="1134" WIDTH="73" HEIGHT="33" CONTENT="said," WC="0.93" CC="00300"/>
						<SP ID="P189_SP00169" HPOS="345" VPOS="1167" WIDTH="16"/>
						<String ID="P189_ST00188" HPOS="361" VPOS="1135" WIDTH="98" HEIGHT="26" CONTENT="would" WC="0.81" CC="00260"/>
						<SP ID="P189_SP00170" HPOS="459" VPOS="1167" WIDTH="14"/>
						<String ID="P189_ST00189" HPOS="473" VPOS="1135" WIDTH="76" HEIGHT="26" CONTENT="have" WC="0.91" CC="3000"/>
						<SP ID="P189_SP00171" HPOS="549" VPOS="1167" WIDTH="15"/>
						<String ID="P189_ST00190" HPOS="564" VPOS="1136" WIDTH="123" HEIGHT="25" CONTENT="covered" WC="0.97" CC="0000200"/>
						<SP ID="P189_SP00172" HPOS="687" VPOS="1167" WIDTH="14"/>
						<String ID="P189_ST00191" HPOS="701" VPOS="1134" WIDTH="66" HEIGHT="27" CONTENT="half" WC="0.81" CC="5010"/>
						<SP ID="P189_SP00173" HPOS="767" VPOS="1167" WIDTH="10"/>
						<String ID="P189_ST00192" HPOS="777" VPOS="1135" WIDTH="123" HEIGHT="26" CONTENT="London" WC="0.95" CC="011000"/>
						<SP ID="P189_SP00174" HPOS="900" VPOS="1167" WIDTH="15"/>
						<String ID="P189_ST00193" HPOS="915" VPOS="1139" WIDTH="31" HEIGHT="22" CONTENT="at" WC="1.00" CC="00"/>
						<SP ID="P189_SP00175" HPOS="946" VPOS="1167" WIDTH="13"/>
						<String ID="P189_ST00194" HPOS="959" VPOS="1135" WIDTH="38" HEIGHT="26" CONTENT="its" WC="1.00" CC="000"/>
						<SP ID="P189_SP00176" HPOS="997" VPOS="1167" WIDTH="14"/>
						<String ID="P189_ST00195" HPOS="1011" VPOS="1135" WIDTH="70" HEIGHT="26" CONTENT="then" WC="0.75" CC="0603"/>
						<SP ID="P189_SP00177" HPOS="1081" VPOS="1167" WIDTH="22"/>
						<String ID="P189_ST00196" HPOS="1103" VPOS="1135" WIDTH="66" HEIGHT="31" CONTENT="size," WC="0.72" CC="02550"/>
						<SP ID="P189_SP00178" HPOS="1169" VPOS="1167" WIDTH="15"/>
						<String ID="P189_ST00197" HPOS="1184" VPOS="1134" WIDTH="87" HEIGHT="26" CONTENT="while" WC="0.71" CC="05340"/>
						<SP ID="P189_SP00179" HPOS="1271" VPOS="1167" WIDTH="20"/>
						<String ID="P189_ST00198" HPOS="1291" VPOS="1134" WIDTH="49" HEIGHT="26" CONTENT="the" WC="0.83" CC="040"/>
					</TextLine>
					<TextLine ID="P189_TL00020" HPOS="196" VPOS="1184" WIDTH="1143" HEIGHT="35">
						<String ID="P189_ST00199" HPOS="196" VPOS="1184" WIDTH="88" HEIGHT="26" CONTENT="skirts" WC="0.88" CC="007000"/>
						<SP ID="P189_SP00180" HPOS="284" VPOS="1210" WIDTH="14"/>
						<String ID="P189_ST00200" HPOS="298" VPOS="1185" WIDTH="98" HEIGHT="26" CONTENT="would" WC="0.77" CC="00460"/>
						<SP ID="P189_SP00181" HPOS="396" VPOS="1211" WIDTH="16"/>
						<String ID="P189_ST00201" HPOS="412" VPOS="1185" WIDTH="76" HEIGHT="26" CONTENT="have" WC="0.85" CC="5000"/>
						<SP ID="P189_SP00182" HPOS="488" VPOS="1211" WIDTH="14"/>
						<String ID="P189_ST00202" HPOS="502" VPOS="1186" WIDTH="125" HEIGHT="25" CONTENT="covered" WC="0.99" CC="0000000"/>
						<SP ID="P189_SP00183" HPOS="627" VPOS="1211" WIDTH="14"/>
						<String ID="P189_ST00203" HPOS="641" VPOS="1186" WIDTH="40" HEIGHT="24" CONTENT="all" WC="0.84" CC="040"/>
						<SP ID="P189_SP00184" HPOS="681" VPOS="1211" WIDTH="14"/>
						<String ID="P189_ST00204" HPOS="695" VPOS="1186" WIDTH="50" HEIGHT="25" CONTENT="the" WC="0.92" CC="020"/>
						<SP ID="P189_SP00185" HPOS="745" VPOS="1211" WIDTH="21"/>
						<String ID="P189_ST00205" HPOS="766" VPOS="1185" WIDTH="150" HEIGHT="26" CONTENT="outskirts." WC="0.83" CC="0500033300"/>
						<SP ID="P189_SP00186" HPOS="916" VPOS="1211" WIDTH="40"/>
						<String ID="P189_ST00206" HPOS="956" VPOS="1185" WIDTH="64" HEIGHT="26" CONTENT="Her" WC="0.72" CC="403"/>
						<SP ID="P189_SP00187" HPOS="1020" VPOS="1211" WIDTH="19"/>
						<String ID="P189_ST00207" HPOS="1039" VPOS="1185" WIDTH="125" HEIGHT="34" CONTENT="portrait" WC="0.91" CC="00200040"/>
						<SP ID="P189_SP00188" HPOS="1164" VPOS="1219" WIDTH="19"/>
						<String ID="P189_ST00208" HPOS="1183" VPOS="1184" WIDTH="25" HEIGHT="26" CONTENT="is" WC="0.66" CC="60"/>
						<SP ID="P189_SP00189" HPOS="1208" VPOS="1219" WIDTH="21"/>
						<String ID="P189_ST00209" HPOS="1229" VPOS="1184" WIDTH="110" HEIGHT="35" CONTENT="always" WC="0.74" CC="059000"/>
					</TextLine>
					<TextLine ID="P189_TL00021" HPOS="195" VPOS="1233" WIDTH="1147" HEIGHT="35">
						<String ID="P189_ST00210" HPOS="195" VPOS="1235" WIDTH="102" HEIGHT="25" CONTENT="drawn" WC="0.95" CC="00002"/>
						<SP ID="P189_SP00190" HPOS="297" VPOS="1260" WIDTH="14"/>
						<String ID="P189_ST00211" HPOS="311" VPOS="1234" WIDTH="72" HEIGHT="26" CONTENT="with" WC="0.68" CC="0606"/>
						<SP ID="P189_SP00191" HPOS="383" VPOS="1260" WIDTH="15"/>
						<String ID="P189_ST00212" HPOS="398" VPOS="1243" WIDTH="38" HEIGHT="17" CONTENT="an" WC="1.00" CC="00"/>
						<SP ID="P189_SP00192" HPOS="436" VPOS="1260" WIDTH="15"/>
						<String ID="P189_ST00213" HPOS="451" VPOS="1243" WIDTH="158" HEIGHT="18" CONTENT="enormous" WC="0.93" CC="03100000"/>
						<SP ID="P189_SP00193" HPOS="609" VPOS="1261" WIDTH="16"/>
						<String ID="P189_ST00214" HPOS="625" VPOS="1234" WIDTH="58" HEIGHT="26" CONTENT="ruff" WC="0.90" CC="0300"/>
						<SP ID="P189_SP00194" HPOS="683" VPOS="1261" WIDTH="16"/>
						<String ID="P189_ST00215" HPOS="699" VPOS="1235" WIDTH="95" HEIGHT="26" CONTENT="round" WC="0.90" CC="00500"/>
						<SP ID="P189_SP00195" HPOS="794" VPOS="1261" WIDTH="13"/>
						<String ID="P189_ST00216" HPOS="807" VPOS="1235" WIDTH="53" HEIGHT="25" CONTENT="her" WC="0.85" CC="400"/>
						<SP ID="P189_SP00196" HPOS="860" VPOS="1261" WIDTH="19"/>
						<String ID="P189_ST00217" HPOS="879" VPOS="1234" WIDTH="84" HEIGHT="33" CONTENT="neck," WC="0.96" CC="00001"/>
						<SP ID="P189_SP00197" HPOS="963" VPOS="1267" WIDTH="14"/>
						<String ID="P189_ST00218" HPOS="977" VPOS="1234" WIDTH="97" HEIGHT="27" CONTENT="which" WC="0.72" CC="07006"/>
						<SP ID="P189_SP00198" HPOS="1074" VPOS="1267" WIDTH="21"/>
						<String ID="P189_ST00219" HPOS="1095" VPOS="1235" WIDTH="52" HEIGHT="25" CONTENT="she" WC="0.78" CC="060"/>
						<SP ID="P189_SP00199" HPOS="1147" VPOS="1267" WIDTH="21"/>
						<String ID="P189_ST00220" HPOS="1168" VPOS="1234" WIDTH="137" HEIGHT="34" CONTENT="adopted," WC="0.97" CC="00000101"/>
						<SP ID="P189_SP00200" HPOS="1305" VPOS="1268" WIDTH="15"/>
						<String ID="P189_ST00221" HPOS="1320" VPOS="1233" WIDTH="22" HEIGHT="26" CONTENT="it" WC="1.00" CC="00"/>
					</TextLine>
					<TextLine ID="P189_TL00022" HPOS="196" VPOS="1283" WIDTH="1146" HEIGHT="35">
						<String ID="P189_ST00222" HPOS="196" VPOS="1283" WIDTH="24" HEIGHT="26" CONTENT="is" WC="0.90" CC="10"/>
						<SP ID="P189_SP00201" HPOS="220" VPOS="1309" WIDTH="15"/>
						<String ID="P189_ST00223" HPOS="235" VPOS="1283" WIDTH="145" HEIGHT="33" CONTENT="believed," WC="0.95" CC="002000001"/>
						<SP ID="P189_SP00202" HPOS="380" VPOS="1316" WIDTH="16"/>
						<String ID="P189_ST00224" HPOS="396" VPOS="1287" WIDTH="30" HEIGHT="22" CONTENT="to" WC="0.95" CC="10"/>
						<SP ID="P189_SP00203" HPOS="426" VPOS="1316" WIDTH="20"/>
						<String ID="P189_ST00225" HPOS="446" VPOS="1284" WIDTH="71" HEIGHT="26" CONTENT="hide" WC="0.81" CC="6100"/>
						<SP ID="P189_SP00204" HPOS="517" VPOS="1316" WIDTH="17"/>
						<String ID="P189_ST00226" HPOS="534" VPOS="1284" WIDTH="51" HEIGHT="26" CONTENT="the" WC="0.66" CC="360"/>
						<SP ID="P189_SP00205" HPOS="585" VPOS="1316" WIDTH="14"/>
						<String ID="P189_ST00227" HPOS="599" VPOS="1284" WIDTH="167" HEIGHT="34" CONTENT="roughness" WC="0.81" CC="100950000"/>
						<SP ID="P189_SP00206" HPOS="766" VPOS="1318" WIDTH="16"/>
						<String ID="P189_ST00228" HPOS="782" VPOS="1283" WIDTH="32" HEIGHT="27" CONTENT="of" WC="1.00" CC="00"/>
						<SP ID="P189_SP00207" HPOS="814" VPOS="1318" WIDTH="15"/>
						<String ID="P189_ST00229" HPOS="829" VPOS="1284" WIDTH="53" HEIGHT="25" CONTENT="her" WC="0.87" CC="300"/>
						<SP ID="P189_SP00208" HPOS="882" VPOS="1318" WIDTH="14"/>
						<String ID="P189_ST00230" HPOS="896" VPOS="1283" WIDTH="76" HEIGHT="33" CONTENT="chin," WC="0.94" CC="02000"/>
						<SP ID="P189_SP00209" HPOS="972" VPOS="1318" WIDTH="15"/>
						<String ID="P189_ST00231" HPOS="987" VPOS="1284" WIDTH="95" HEIGHT="26" CONTENT="which" WC="0.63" CC="06056"/>
						<SP ID="P189_SP00210" HPOS="1082" VPOS="1318" WIDTH="15"/>
						<String ID="P189_ST00232" HPOS="1097" VPOS="1284" WIDTH="118" HEIGHT="26" CONTENT="showed" WC="0.79" CC="060006"/>
						<SP ID="P189_SP00211" HPOS="1215" VPOS="1318" WIDTH="17"/>
						<String ID="P189_ST00233" HPOS="1232" VPOS="1284" WIDTH="110" HEIGHT="25" CONTENT="Nature" WC="0.92" CC="000400"/>
					</TextLine>
					<TextLine ID="P189_TL00023" HPOS="197" VPOS="1332" WIDTH="836" HEIGHT="35">
						<String ID="P189_ST00234" HPOS="197" VPOS="1337" WIDTH="30" HEIGHT="22" CONTENT="to" WC="1.00" CC="00"/>
						<SP ID="P189_SP00212" HPOS="227" VPOS="1359" WIDTH="11"/>
						<String ID="P189_ST00235" HPOS="238" VPOS="1333" WIDTH="37" HEIGHT="26" CONTENT="be" WC="0.82" CC="30"/>
						<SP ID="P189_SP00213" HPOS="275" VPOS="1359" WIDTH="11"/>
						<String ID="P189_ST00236" HPOS="286" VPOS="1333" WIDTH="53" HEIGHT="26" CONTENT="her" WC="0.76" CC="700"/>
						<SP ID="P189_SP00214" HPOS="339" VPOS="1359" WIDTH="14"/>
						<String ID="P189_ST00237" HPOS="353" VPOS="1342" WIDTH="115" HEIGHT="25" CONTENT="enemy," WC="0.62" CC="040493"/>
						<SP ID="P189_SP00215" HPOS="468" VPOS="1367" WIDTH="16"/>
						<String ID="P189_ST00238" HPOS="484" VPOS="1332" WIDTH="44" HEIGHT="27" CONTENT="for" WC="0.90" CC="002"/>
						<SP ID="P189_SP00216" HPOS="528" VPOS="1367" WIDTH="13"/>
						<String ID="P189_ST00239" HPOS="541" VPOS="1333" WIDTH="23" HEIGHT="26" CONTENT="it" WC="1.00" CC="00"/>
						<SP ID="P189_SP00217" HPOS="564" VPOS="1367" WIDTH="14"/>
						<String ID="P189_ST00240" HPOS="578" VPOS="1333" WIDTH="58" HEIGHT="26" CONTENT="had" WC="0.80" CC="600"/>
						<SP ID="P189_SP00218" HPOS="636" VPOS="1367" WIDTH="14"/>
						<String ID="P189_ST00241" HPOS="650" VPOS="1333" WIDTH="130" HEIGHT="26" CONTENT="bearded" WC="1.00" CC="0000000"/>
						<SP ID="P189_SP00219" HPOS="780" VPOS="1367" WIDTH="14"/>
						<String ID="P189_ST00242" HPOS="794" VPOS="1333" WIDTH="53" HEIGHT="26" CONTENT="her" WC="0.60" CC="613"/>
						<SP ID="P189_SP00220" HPOS="847" VPOS="1367" WIDTH="13"/>
						<String ID="P189_ST00243" HPOS="860" VPOS="1332" WIDTH="173" HEIGHT="35" CONTENT="frightfully." WC="0.82" CC="016060002400"/>
					</TextLine>
				</TextBlock>
				<TextBlock ID="P189_TB00006" HPOS="190" VPOS="1405" WIDTH="1157" HEIGHT="777" STYLEREFS="TXT_2 PAR_LEFT">
					<TextLine ID="P189_TL00024" HPOS="253" VPOS="1406" WIDTH="1092" HEIGHT="35">
						<String ID="P189_ST00244" HPOS="253" VPOS="1406" WIDTH="62" HEIGHT="27" CONTENT="She" WC="0.82" CC="050"/>
						<SP ID="P189_SP00221" HPOS="315" VPOS="1433" WIDTH="14"/>
						<String ID="P189_ST00245" HPOS="329" VPOS="1415" WIDTH="62" HEIGHT="18" CONTENT="was" WC="1.00" CC="000"/>
						<SP ID="P189_SP00222" HPOS="391" VPOS="1433" WIDTH="17"/>
						<String ID="P189_ST00246" HPOS="408" VPOS="1407" WIDTH="198" HEIGHT="34" CONTENT="exceedingly" WC="0.92" CC="00000040030"/>
						<SP ID="P189_SP00223" HPOS="606" VPOS="1441" WIDTH="12"/>
						<String ID="P189_ST00247" HPOS="618" VPOS="1406" WIDTH="71" HEIGHT="26" CONTENT="fond" WC="0.97" CC="0010"/>
						<SP ID="P189_SP00224" HPOS="689" VPOS="1441" WIDTH="15"/>
						<String ID="P189_ST00248" HPOS="704" VPOS="1406" WIDTH="32" HEIGHT="26" CONTENT="of" WC="1.00" CC="00"/>
						<SP ID="P189_SP00225" HPOS="736" VPOS="1441" WIDTH="9"/>
						<String ID="P189_ST00249" HPOS="745" VPOS="1406" WIDTH="125" HEIGHT="35" CONTENT="visiting" WC="0.81" CC="01030360"/>
						<SP ID="P189_SP00226" HPOS="870" VPOS="1441" WIDTH="18"/>
						<String ID="P189_ST00250" HPOS="888" VPOS="1407" WIDTH="50" HEIGHT="25" CONTENT="the" WC="0.76" CC="070"/>
						<SP ID="P189_SP00227" HPOS="938" VPOS="1441" WIDTH="20"/>
						<String ID="P189_ST00251" HPOS="958" VPOS="1407" WIDTH="107" HEIGHT="25" CONTENT="houses" WC="0.89" CC="600000"/>
						<SP ID="P189_SP00228" HPOS="1065" VPOS="1441" WIDTH="21"/>
						<String ID="P189_ST00252" HPOS="1086" VPOS="1406" WIDTH="32" HEIGHT="26" CONTENT="of" WC="1.00" CC="00"/>
						<SP ID="P189_SP00229" HPOS="1118" VPOS="1441" WIDTH="14"/>
						<String ID="P189_ST00253" HPOS="1132" VPOS="1407" WIDTH="49" HEIGHT="26" CONTENT="the" WC="0.75" CC="070"/>
						<SP ID="P189_SP00230" HPOS="1181" VPOS="1441" WIDTH="21"/>
						<String ID="P189_ST00254" HPOS="1202" VPOS="1407" WIDTH="125" HEIGHT="34" CONTENT="nobility" WC="0.90" CC="00002500"/>
						<SP ID="P189_SP00231" HPOS="1327" VPOS="1441" WIDTH="13"/>
						<String ID="P189_ST00255" HPOS="1340" VPOS="1417" WIDTH="5" HEIGHT="20" CONTENT=";" WC="0.53" CC="4"/>
					</TextLine>
					<TextLine ID="P189_TL00025" HPOS="194" VPOS="1456" WIDTH="1150" HEIGHT="35">
						<String ID="P189_ST00256" HPOS="194" VPOS="1456" WIDTH="53" HEIGHT="26" CONTENT="but" WC="1.00" CC="000"/>
						<SP ID="P189_SP00232" HPOS="247" VPOS="1482" WIDTH="22"/>
						<String ID="P189_ST00257" HPOS="269" VPOS="1457" WIDTH="51" HEIGHT="25" CONTENT="she" WC="0.76" CC="070"/>
						<SP ID="P189_SP00233" HPOS="320" VPOS="1482" WIDTH="21"/>
						<String ID="P189_ST00258" HPOS="341" VPOS="1457" WIDTH="121" HEIGHT="34" CONTENT="usually" WC="0.82" CC="2000360"/>
						<SP ID="P189_SP00234" HPOS="462" VPOS="1491" WIDTH="15"/>
						<String ID="P189_ST00259" HPOS="477" VPOS="1456" WIDTH="105" HEIGHT="26" CONTENT="ruined" WC="0.84" CC="431000"/>
						<SP ID="P189_SP00235" HPOS="582" VPOS="1491" WIDTH="20"/>
						<String ID="P189_ST00260" HPOS="602" VPOS="1456" WIDTH="40" HEIGHT="25" CONTENT="all" WC="1.00" CC="000"/>
						<SP ID="P189_SP00236" HPOS="642" VPOS="1491" WIDTH="19"/>
						<String ID="P189_ST00261" HPOS="661" VPOS="1456" WIDTH="98" HEIGHT="26" CONTENT="whom" WC="0.83" CC="0600"/>
						<SP ID="P189_SP00237" HPOS="759" VPOS="1491" WIDTH="21"/>
						<String ID="P189_ST00262" HPOS="780" VPOS="1456" WIDTH="52" HEIGHT="26" CONTENT="she" WC="0.79" CC="060"/>
						<SP ID="P189_SP00238" HPOS="832" VPOS="1491" WIDTH="19"/>
						<String ID="P189_ST00263" HPOS="851" VPOS="1456" WIDTH="153" HEIGHT="26" CONTENT="honoured" WC="0.83" CC="70005000"/>
						<SP ID="P189_SP00239" HPOS="1004" VPOS="1491" WIDTH="20"/>
						<String ID="P189_ST00264" HPOS="1024" VPOS="1456" WIDTH="30" HEIGHT="25" CONTENT="in" WC="0.89" CC="20"/>
						<SP ID="P189_SP00240" HPOS="1054" VPOS="1491" WIDTH="20"/>
						<String ID="P189_ST00265" HPOS="1074" VPOS="1456" WIDTH="58" HEIGHT="25" CONTENT="this" WC="0.87" CC="0400"/>
						<SP ID="P189_SP00241" HPOS="1132" VPOS="1491" WIDTH="21"/>
						<String ID="P189_ST00266" HPOS="1153" VPOS="1464" WIDTH="73" HEIGHT="27" CONTENT="way," WC="1.00" CC="0000"/>
						<SP ID="P189_SP00242" HPOS="1226" VPOS="1491" WIDTH="15"/>
						<String ID="P189_ST00267" HPOS="1241" VPOS="1457" WIDTH="40" HEIGHT="34" CONTENT="by" WC="1.00" CC="00"/>
						<SP ID="P189_SP00243" HPOS="1281" VPOS="1491" WIDTH="14"/>
						<String ID="P189_ST00268" HPOS="1295" VPOS="1457" WIDTH="49" HEIGHT="25" CONTENT="the" WC="0.76" CC="070"/>
					</TextLine>
					<TextLine ID="P189_TL00026" HPOS="194" VPOS="1505" WIDTH="1150" HEIGHT="36">
						<String ID="P189_ST00269" HPOS="194" VPOS="1514" WIDTH="131" HEIGHT="26" CONTENT="expense" WC="1.00" CC="0000000"/>
						<SP ID="P189_SP00244" HPOS="325" VPOS="1540" WIDTH="18"/>
						<String ID="P189_ST00270" HPOS="343" VPOS="1506" WIDTH="74" HEIGHT="35" CONTENT="they" WC="0.84" CC="0600"/>
						<SP ID="P189_SP00245" HPOS="417" VPOS="1541" WIDTH="12"/>
						<String ID="P189_ST00271" HPOS="429" VPOS="1514" WIDTH="77" HEIGHT="18" CONTENT="were" WC="0.98" CC="0000"/>
						<SP ID="P189_SP00246" HPOS="506" VPOS="1541" WIDTH="13"/>
						<String ID="P189_ST00272" HPOS="519" VPOS="1508" WIDTH="54" HEIGHT="32" CONTENT="put" WC="0.96" CC="001"/>
						<SP ID="P189_SP00247" HPOS="573" VPOS="1541" WIDTH="14"/>
						<String ID="P189_ST00273" HPOS="587" VPOS="1509" WIDTH="30" HEIGHT="22" CONTENT="to" WC="1.00" CC="00"/>
						<SP ID="P189_SP00248" HPOS="617" VPOS="1541" WIDTH="22"/>
						<String ID="P189_ST00274" HPOS="639" VPOS="1505" WIDTH="29" HEIGHT="25" CONTENT="in" WC="0.93" CC="10"/>
						<SP ID="P189_SP00249" HPOS="668" VPOS="1541" WIDTH="21"/>
						<String ID="P189_ST00275" HPOS="689" VPOS="1505" WIDTH="203" HEIGHT="35" CONTENT="entertaining" WC="0.93" CC="000020000050"/>
						<SP ID="P189_SP00250" HPOS="892" VPOS="1541" WIDTH="18"/>
						<String ID="P189_ST00276" HPOS="910" VPOS="1506" WIDTH="60" HEIGHT="25" CONTENT="her." WC="0.84" CC="6000"/>
						<SP ID="P189_SP00251" HPOS="970" VPOS="1541" WIDTH="40"/>
						<String ID="P189_ST00277" HPOS="1010" VPOS="1505" WIDTH="78" HEIGHT="26" CONTENT="Lord" WC="0.92" CC="2000"/>
						<SP ID="P189_SP00252" HPOS="1088" VPOS="1541" WIDTH="20"/>
						<String ID="P189_ST00278" HPOS="1108" VPOS="1505" WIDTH="155" HEIGHT="32" CONTENT="Leicester," WC="0.90" CC="3020000004"/>
						<SP ID="P189_SP00253" HPOS="1263" VPOS="1541" WIDTH="16"/>
						<String ID="P189_ST00279" HPOS="1279" VPOS="1506" WIDTH="65" HEIGHT="25" CONTENT="who" WC="0.87" CC="030"/>
					</TextLine>
					<TextLine ID="P189_TL00027" HPOS="194" VPOS="1553" WIDTH="1150" HEIGHT="38">
						<String ID="P189_ST00280" HPOS="194" VPOS="1556" WIDTH="60" HEIGHT="25" CONTENT="had" WC="0.92" CC="200"/>
						<SP ID="P189_SP00254" HPOS="254" VPOS="1581" WIDTH="26"/>
						<String ID="P189_ST00281" HPOS="280" VPOS="1556" WIDTH="54" HEIGHT="25" CONTENT="her" WC="0.63" CC="604"/>
						<SP ID="P189_SP00255" HPOS="334" VPOS="1581" WIDTH="23"/>
						<String ID="P189_ST00282" HPOS="357" VPOS="1555" WIDTH="122" HEIGHT="36" CONTENT="staying" WC="0.83" CC="0000109"/>
						<SP ID="P189_SP00256" HPOS="479" VPOS="1591" WIDTH="22"/>
						<String ID="P189_ST00283" HPOS="501" VPOS="1555" WIDTH="72" HEIGHT="27" CONTENT="with" WC="0.69" CC="0065"/>
						<SP ID="P189_SP00257" HPOS="573" VPOS="1591" WIDTH="27"/>
						<String ID="P189_ST00284" HPOS="600" VPOS="1555" WIDTH="61" HEIGHT="25" CONTENT="him" WC="0.60" CC="640"/>
						<SP ID="P189_SP00258" HPOS="661" VPOS="1591" WIDTH="26"/>
						<String ID="P189_ST00285" HPOS="687" VPOS="1559" WIDTH="29" HEIGHT="22" CONTENT="at" WC="1.00" CC="00"/>
						<SP ID="P189_SP00259" HPOS="716" VPOS="1591" WIDTH="24"/>
						<String ID="P189_ST00286" HPOS="740" VPOS="1554" WIDTH="196" HEIGHT="32" CONTENT="Kenilworth," WC="0.89" CC="00006001030"/>
						<SP ID="P189_SP00260" HPOS="936" VPOS="1591" WIDTH="15"/>
						<String ID="P189_ST00287" HPOS="951" VPOS="1554" WIDTH="44" HEIGHT="26" CONTENT="for" WC="0.84" CC="004"/>
						<SP ID="P189_SP00261" HPOS="995" VPOS="1591" WIDTH="24"/>
						<String ID="P189_ST00288" HPOS="1019" VPOS="1563" WIDTH="17" HEIGHT="17" CONTENT="a" WC="1.00" CC="0"/>
						<SP ID="P189_SP00262" HPOS="1036" VPOS="1591" WIDTH="23"/>
						<String ID="P189_ST00289" HPOS="1059" VPOS="1553" WIDTH="54" HEIGHT="27" CONTENT="few" WC="1.00" CC="000"/>
						<SP ID="P189_SP00263" HPOS="1113" VPOS="1591" WIDTH="26"/>
						<String ID="P189_ST00290" HPOS="1139" VPOS="1555" WIDTH="82" HEIGHT="34" CONTENT="days," WC="0.72" CC="80013"/>
						<SP ID="P189_SP00264" HPOS="1221" VPOS="1591" WIDTH="21"/>
						<String ID="P189_ST00291" HPOS="1242" VPOS="1555" WIDTH="102" HEIGHT="34" CONTENT="nearly" WC="1.00" CC="000000"/>
					</TextLine>
					<TextLine ID="P189_TL00028" HPOS="195" VPOS="1603" WIDTH="1149" HEIGHT="36">
						<String ID="P189_ST00292" HPOS="195" VPOS="1605" WIDTH="104" HEIGHT="26" CONTENT="ruined" WC="0.89" CC="050000"/>
						<SP ID="P189_SP00265" HPOS="299" VPOS="1631" WIDTH="16"/>
						<String ID="P189_ST00293" HPOS="315" VPOS="1604" WIDTH="125" HEIGHT="27" CONTENT="himself" WC="0.89" CC="5000001"/>
						<SP ID="P189_SP00266" HPOS="440" VPOS="1631" WIDTH="10"/>
						<String ID="P189_ST00294" HPOS="450" VPOS="1605" WIDTH="30" HEIGHT="25" CONTENT="in" WC="0.67" CC="41"/>
						<SP ID="P189_SP00267" HPOS="480" VPOS="1631" WIDTH="14"/>
						<String ID="P189_ST00295" HPOS="494" VPOS="1605" WIDTH="96" HEIGHT="31" CONTENT="bears," WC="0.85" CC="100303"/>
						<SP ID="P189_SP00268" HPOS="590" VPOS="1636" WIDTH="16"/>
						<String ID="P189_ST00296" HPOS="606" VPOS="1603" WIDTH="33" HEIGHT="27" CONTENT="of" WC="1.00" CC="00"/>
						<SP ID="P189_SP00269" HPOS="639" VPOS="1636" WIDTH="9"/>
						<String ID="P189_ST00297" HPOS="648" VPOS="1603" WIDTH="96" HEIGHT="27" CONTENT="which" WC="0.79" CC="06003"/>
						<SP ID="P189_SP00270" HPOS="744" VPOS="1636" WIDTH="15"/>
						<String ID="P189_ST00298" HPOS="759" VPOS="1604" WIDTH="38" HEIGHT="25" CONTENT="he" WC="0.72" CC="40"/>
						<SP ID="P189_SP00271" HPOS="797" VPOS="1636" WIDTH="14"/>
						<String ID="P189_ST00299" HPOS="811" VPOS="1603" WIDTH="71" HEIGHT="26" CONTENT="took" WC="1.00" CC="0000"/>
						<SP ID="P189_SP00272" HPOS="882" VPOS="1636" WIDTH="13"/>
						<String ID="P189_ST00300" HPOS="895" VPOS="1603" WIDTH="31" HEIGHT="26" CONTENT="in" WC="0.69" CC="60"/>
						<SP ID="P189_SP00273" HPOS="926" VPOS="1636" WIDTH="14"/>
						<String ID="P189_ST00301" HPOS="940" VPOS="1612" WIDTH="17" HEIGHT="17" CONTENT="a" WC="1.00" CC="0"/>
						<SP ID="P189_SP00274" HPOS="957" VPOS="1636" WIDTH="20"/>
						<String ID="P189_ST00302" HPOS="977" VPOS="1607" WIDTH="85" HEIGHT="32" CONTENT="great" WC="0.98" CC="00000"/>
						<SP ID="P189_SP00275" HPOS="1062" VPOS="1639" WIDTH="19"/>
						<String ID="P189_ST00303" HPOS="1081" VPOS="1603" WIDTH="137" HEIGHT="35" CONTENT="quantity" WC="0.89" CC="00000008"/>
						<SP ID="P189_SP00276" HPOS="1218" VPOS="1639" WIDTH="13"/>
						<String ID="P189_ST00304" HPOS="1231" VPOS="1607" WIDTH="30" HEIGHT="22" CONTENT="to" WC="1.00" CC="00"/>
						<SP ID="P189_SP00277" HPOS="1261" VPOS="1639" WIDTH="20"/>
						<String ID="P189_ST00305" HPOS="1281" VPOS="1603" WIDTH="63" HEIGHT="26" CONTENT="bait" WC="0.89" CC="0004"/>
					</TextLine>
					<TextLine ID="P189_TL00029" HPOS="193" VPOS="1652" WIDTH="1150" HEIGHT="35">
						<String ID="P189_ST00306" HPOS="193" VPOS="1653" WIDTH="45" HEIGHT="27" CONTENT="for" WC="0.86" CC="004"/>
						<SP ID="P189_SP00278" HPOS="238" VPOS="1680" WIDTH="19"/>
						<String ID="P189_ST00307" HPOS="257" VPOS="1655" WIDTH="51" HEIGHT="25" CONTENT="the" WC="0.77" CC="060"/>
						<SP ID="P189_SP00279" HPOS="308" VPOS="1680" WIDTH="20"/>
						<String ID="P189_ST00308" HPOS="328" VPOS="1658" WIDTH="186" HEIGHT="22" CONTENT="amusement" WC="0.93" CC="005000000"/>
						<SP ID="P189_SP00280" HPOS="514" VPOS="1680" WIDTH="20"/>
						<String ID="P189_ST00309" HPOS="534" VPOS="1653" WIDTH="33" HEIGHT="27" CONTENT="of" WC="0.93" CC="10"/>
						<SP ID="P189_SP00281" HPOS="567" VPOS="1680" WIDTH="18"/>
						<String ID="P189_ST00310" HPOS="585" VPOS="1653" WIDTH="48" HEIGHT="26" CONTENT="his" WC="0.76" CC="600"/>
						<SP ID="P189_SP00282" HPOS="633" VPOS="1680" WIDTH="23"/>
						<String ID="P189_ST00311" HPOS="656" VPOS="1652" WIDTH="165" HEIGHT="35" CONTENT="sovereign." WC="0.96" CC="0000103000"/>
						<SP ID="P189_SP00283" HPOS="821" VPOS="1687" WIDTH="40"/>
						<String ID="P189_ST00312" HPOS="861" VPOS="1653" WIDTH="36" HEIGHT="26" CONTENT="In" WC="0.75" CC="05"/>
						<SP ID="P189_SP00284" HPOS="897" VPOS="1687" WIDTH="18"/>
						<String ID="P189_ST00313" HPOS="915" VPOS="1652" WIDTH="185" HEIGHT="35" CONTENT="disposition," WC="0.94" CC="000000001003"/>
						<SP ID="P189_SP00285" HPOS="1100" VPOS="1687" WIDTH="18"/>
						<String ID="P189_ST00314" HPOS="1118" VPOS="1661" WIDTH="146" HEIGHT="23" CONTENT="manners," WC="1.00" CC="00000000"/>
						<SP ID="P189_SP00286" HPOS="1264" VPOS="1687" WIDTH="21"/>
						<String ID="P189_ST00315" HPOS="1285" VPOS="1653" WIDTH="58" HEIGHT="26" CONTENT="and" WC="1.00" CC="000"/>
					</TextLine>
					<TextLine ID="P189_TL00030" HPOS="195" VPOS="1701" WIDTH="1146" HEIGHT="38">
						<String ID="P189_ST00316" HPOS="195" VPOS="1712" WIDTH="196" HEIGHT="27" CONTENT="appearance," WC="0.96" CC="00000000003"/>
						<SP ID="P189_SP00287" HPOS="391" VPOS="1739" WIDTH="15"/>
						<String ID="P189_ST00317" HPOS="406" VPOS="1704" WIDTH="84" HEIGHT="26" CONTENT="there" WC="0.87" CC="04010"/>
						<SP ID="P189_SP00288" HPOS="490" VPOS="1739" WIDTH="13"/>
						<String ID="P189_ST00318" HPOS="503" VPOS="1712" WIDTH="63" HEIGHT="18" CONTENT="was" WC="1.00" CC="000"/>
						<SP ID="P189_SP00289" HPOS="566" VPOS="1739" WIDTH="14"/>
						<String ID="P189_ST00319" HPOS="580" VPOS="1702" WIDTH="127" HEIGHT="35" CONTENT="nothing" WC="0.73" CC="0046070"/>
						<SP ID="P189_SP00290" HPOS="707" VPOS="1739" WIDTH="14"/>
						<String ID="P189_ST00320" HPOS="721" VPOS="1701" WIDTH="139" HEIGHT="28" CONTENT="feminine" WC="0.87" CC="40040000"/>
						<SP ID="P189_SP00291" HPOS="860" VPOS="1739" WIDTH="19"/>
						<String ID="P189_ST00321" HPOS="879" VPOS="1711" WIDTH="32" HEIGHT="17" CONTENT="or" WC="0.81" CC="03"/>
						<SP ID="P189_SP00292" HPOS="911" VPOS="1739" WIDTH="14"/>
						<String ID="P189_ST00322" HPOS="925" VPOS="1701" WIDTH="129" HEIGHT="36" CONTENT="graceful" WC="0.90" CC="00000260"/>
						<SP ID="P189_SP00293" HPOS="1054" VPOS="1739" WIDTH="16"/>
						<String ID="P189_ST00323" HPOS="1070" VPOS="1702" WIDTH="88" HEIGHT="26" CONTENT="about" WC="0.91" CC="00040"/>
						<SP ID="P189_SP00294" HPOS="1158" VPOS="1739" WIDTH="15"/>
						<String ID="P189_ST00324" HPOS="1173" VPOS="1701" WIDTH="153" HEIGHT="27" CONTENT="Elizabeth" WC="0.79" CC="102304006"/>
						<String ID="P189_ST00325" HPOS="1336" VPOS="1712" WIDTH="5" HEIGHT="20" CONTENT=";" WC="0.55" CC="4"/>
					</TextLine>
					<TextLine ID="P189_TL00031" HPOS="193" VPOS="1751" WIDTH="1150" HEIGHT="36">
						<String ID="P189_ST00326" HPOS="193" VPOS="1754" WIDTH="54" HEIGHT="26" CONTENT="but" WC="0.75" CC="070"/>
						<SP ID="P189_SP00295" HPOS="247" VPOS="1780" WIDTH="15"/>
						<String ID="P189_ST00327" HPOS="262" VPOS="1754" WIDTH="109" HEIGHT="32" CONTENT="Hume," WC="0.86" CC="40002"/>
						<SP ID="P189_SP00296" HPOS="371" VPOS="1786" WIDTH="14"/>
						<String ID="P189_ST00328" HPOS="385" VPOS="1754" WIDTH="67" HEIGHT="26" CONTENT="who" WC="0.78" CC="060"/>
						<SP ID="P189_SP00297" HPOS="452" VPOS="1786" WIDTH="16"/>
						<String ID="P189_ST00329" HPOS="468" VPOS="1762" WIDTH="95" HEIGHT="17" CONTENT="seems" WC="1.00" CC="00000"/>
						<SP ID="P189_SP00298" HPOS="563" VPOS="1786" WIDTH="14"/>
						<String ID="P189_ST00330" HPOS="577" VPOS="1761" WIDTH="72" HEIGHT="26" CONTENT="very" WC="1.00" CC="0000"/>
						<SP ID="P189_SP00299" HPOS="649" VPOS="1787" WIDTH="12"/>
						<String ID="P189_ST00331" HPOS="661" VPOS="1751" WIDTH="71" HEIGHT="27" CONTENT="fond" WC="0.95" CC="1000"/>
						<SP ID="P189_SP00300" HPOS="732" VPOS="1787" WIDTH="14"/>
						<String ID="P189_ST00332" HPOS="746" VPOS="1751" WIDTH="33" HEIGHT="27" CONTENT="of" WC="1.00" CC="00"/>
						<SP ID="P189_SP00301" HPOS="779" VPOS="1787" WIDTH="9"/>
						<String ID="P189_ST00333" HPOS="788" VPOS="1751" WIDTH="61" HEIGHT="33" CONTENT="her," WC="0.77" CC="6002"/>
						<SP ID="P189_SP00302" HPOS="849" VPOS="1787" WIDTH="11"/>
						<String ID="P189_ST00334" HPOS="860" VPOS="1752" WIDTH="67" HEIGHT="26" CONTENT="tells" WC="0.84" CC="00070"/>
						<SP ID="P189_SP00303" HPOS="927" VPOS="1787" WIDTH="14"/>
						<String ID="P189_ST00335" HPOS="941" VPOS="1760" WIDTH="43" HEIGHT="24" CONTENT="us," WC="0.87" CC="003"/>
						<SP ID="P189_SP00304" HPOS="984" VPOS="1787" WIDTH="12"/>
						<String ID="P189_ST00336" HPOS="996" VPOS="1751" WIDTH="64" HEIGHT="27" CONTENT="that" WC="0.67" CC="0651"/>
						<SP ID="P189_SP00305" HPOS="1060" VPOS="1787" WIDTH="14"/>
						<String ID="P189_ST00337" HPOS="1074" VPOS="1751" WIDTH="30" HEIGHT="26" CONTENT="in" WC="0.72" CC="50"/>
						<SP ID="P189_SP00306" HPOS="1104" VPOS="1787" WIDTH="14"/>
						<String ID="P189_ST00338" HPOS="1118" VPOS="1751" WIDTH="151" HEIGHT="34" CONTENT="weighing" WC="0.67" CC="00596400"/>
						<SP ID="P189_SP00307" HPOS="1269" VPOS="1787" WIDTH="14"/>
						<String ID="P189_ST00339" HPOS="1283" VPOS="1751" WIDTH="60" HEIGHT="32" CONTENT="her," WC="0.76" CC="5003"/>
					</TextLine>
					<TextLine ID="P189_TL00032" HPOS="194" VPOS="1800" WIDTH="1151" HEIGHT="39">
						<String ID="P189_ST00340" HPOS="194" VPOS="1812" WIDTH="57" HEIGHT="18" CONTENT="one" WC="1.00" CC="000"/>
						<SP ID="P189_SP00308" HPOS="251" VPOS="1830" WIDTH="14"/>
						<String ID="P189_ST00341" HPOS="265" VPOS="1804" WIDTH="94" HEIGHT="35" CONTENT="ought" WC="0.88" CC="00060"/>
						<SP ID="P189_SP00309" HPOS="359" VPOS="1839" WIDTH="15"/>
						<String ID="P189_ST00342" HPOS="374" VPOS="1807" WIDTH="31" HEIGHT="23" CONTENT="to" WC="1.00" CC="00"/>
						<SP ID="P189_SP00310" HPOS="405" VPOS="1839" WIDTH="20"/>
						<String ID="P189_ST00343" HPOS="425" VPOS="1803" WIDTH="69" HEIGHT="26" CONTENT="sink" WC="0.96" CC="0100"/>
						<SP ID="P189_SP00311" HPOS="494" VPOS="1839" WIDTH="19"/>
						<String ID="P189_ST00344" HPOS="513" VPOS="1803" WIDTH="51" HEIGHT="25" CONTENT="the" WC="0.94" CC="010"/>
						<SP ID="P189_SP00312" HPOS="564" VPOS="1839" WIDTH="14"/>
						<String ID="P189_ST00345" HPOS="578" VPOS="1801" WIDTH="106" HEIGHT="27" CONTENT="female" WC="1.00" CC="000000"/>
						<SP ID="P189_SP00313" HPOS="684" VPOS="1839" WIDTH="21"/>
						<String ID="P189_ST00346" HPOS="705" VPOS="1800" WIDTH="59" HEIGHT="27" CONTENT="and" WC="0.86" CC="040"/>
						<SP ID="P189_SP00314" HPOS="764" VPOS="1839" WIDTH="19"/>
						<String ID="P189_ST00347" HPOS="783" VPOS="1800" WIDTH="88" HEIGHT="27" CONTENT="think" WC="0.75" CC="07500"/>
						<SP ID="P189_SP00315" HPOS="871" VPOS="1839" WIDTH="18"/>
						<String ID="P189_ST00348" HPOS="889" VPOS="1800" WIDTH="71" HEIGHT="36" CONTENT="only" WC="0.99" CC="0000"/>
						<SP ID="P189_SP00316" HPOS="960" VPOS="1839" WIDTH="14"/>
						<String ID="P189_ST00349" HPOS="974" VPOS="1800" WIDTH="32" HEIGHT="27" CONTENT="of" WC="1.00" CC="00"/>
						<SP ID="P189_SP00317" HPOS="1006" VPOS="1839" WIDTH="15"/>
						<String ID="P189_ST00350" HPOS="1021" VPOS="1800" WIDTH="49" HEIGHT="26" CONTENT="the" WC="0.72" CC="260"/>
						<SP ID="P189_SP00318" HPOS="1070" VPOS="1839" WIDTH="15"/>
						<String ID="P189_ST00351" HPOS="1085" VPOS="1800" WIDTH="163" HEIGHT="35" CONTENT="sovereign." WC="0.96" CC="0000004000"/>
						<SP ID="P189_SP00319" HPOS="1248" VPOS="1839" WIDTH="39"/>
						<String ID="P189_ST00352" HPOS="1287" VPOS="1800" WIDTH="58" HEIGHT="26" CONTENT="We" WC="1.00" CC="00"/>
					</TextLine>
					<TextLine ID="P189_TL00033" HPOS="194" VPOS="1849" WIDTH="1152" HEIGHT="36">
						<String ID="P189_ST00353" HPOS="194" VPOS="1857" WIDTH="119" HEIGHT="28" CONTENT="cannot," WC="0.93" CC="0030001"/>
						<SP ID="P189_SP00320" HPOS="313" VPOS="1885" WIDTH="16"/>
						<String ID="P189_ST00354" HPOS="329" VPOS="1853" WIDTH="144" HEIGHT="31" CONTENT="however," WC="0.89" CC="50000003"/>
						<SP ID="P189_SP00321" HPOS="473" VPOS="1885" WIDTH="16"/>
						<String ID="P189_ST00355" HPOS="489" VPOS="1850" WIDTH="183" HEIGHT="28" CONTENT="understand" WC="0.91" CC="4000100020"/>
						<SP ID="P189_SP00322" HPOS="672" VPOS="1885" WIDTH="15"/>
						<String ID="P189_ST00356" HPOS="687" VPOS="1859" WIDTH="17" HEIGHT="17" CONTENT="a" WC="1.00" CC="0"/>
						<SP ID="P189_SP00323" HPOS="704" VPOS="1885" WIDTH="18"/>
						<String ID="P189_ST00357" HPOS="722" VPOS="1858" WIDTH="107" HEIGHT="26" CONTENT="person" WC="0.79" CC="001055"/>
						<SP ID="P189_SP00324" HPOS="829" VPOS="1885" WIDTH="14"/>
						<String ID="P189_ST00358" HPOS="843" VPOS="1850" WIDTH="91" HEIGHT="34" CONTENT="being" WC="1.00" CC="00000"/>
						<SP ID="P189_SP00325" HPOS="934" VPOS="1885" WIDTH="14"/>
						<String ID="P189_ST00359" HPOS="948" VPOS="1854" WIDTH="29" HEIGHT="22" CONTENT="at" WC="1.00" CC="00"/>
						<SP ID="P189_SP00326" HPOS="977" VPOS="1885" WIDTH="15"/>
						<String ID="P189_ST00360" HPOS="992" VPOS="1850" WIDTH="50" HEIGHT="25" CONTENT="the" WC="0.81" CC="050"/>
						<SP ID="P189_SP00327" HPOS="1042" VPOS="1885" WIDTH="14"/>
						<String ID="P189_ST00361" HPOS="1056" VPOS="1858" WIDTH="80" HEIGHT="17" CONTENT="same" WC="1.00" CC="0000"/>
						<SP ID="P189_SP00328" HPOS="1136" VPOS="1885" WIDTH="15"/>
						<String ID="P189_ST00362" HPOS="1151" VPOS="1849" WIDTH="71" HEIGHT="27" CONTENT="time" WC="0.92" CC="0300"/>
						<SP ID="P189_SP00329" HPOS="1222" VPOS="1885" WIDTH="14"/>
						<String ID="P189_ST00363" HPOS="1236" VPOS="1857" WIDTH="17" HEIGHT="18" CONTENT="a" WC="1.00" CC="0"/>
						<SP ID="P189_SP00330" HPOS="1253" VPOS="1885" WIDTH="15"/>
						<String ID="P189_ST00364" HPOS="1268" VPOS="1850" WIDTH="78" HEIGHT="34" CONTENT="good" WC="1.00" CC="0000"/>
					</TextLine>
					<TextLine ID="P189_TL00034" HPOS="194" VPOS="1899" WIDTH="1152" HEIGHT="39">
						<String ID="P189_ST00365" HPOS="194" VPOS="1911" WIDTH="97" HEIGHT="27" CONTENT="queen" WC="0.77" CC="05005"/>
						<SP ID="P189_SP00331" HPOS="291" VPOS="1938" WIDTH="14"/>
						<String ID="P189_ST00366" HPOS="305" VPOS="1903" WIDTH="59" HEIGHT="26" CONTENT="and" WC="0.94" CC="010"/>
						<SP ID="P189_SP00332" HPOS="364" VPOS="1938" WIDTH="16"/>
						<String ID="P189_ST00367" HPOS="380" VPOS="1911" WIDTH="16" HEIGHT="17" CONTENT="a" WC="0.42" CC="5"/>
						<SP ID="P189_SP00333" HPOS="396" VPOS="1938" WIDTH="14"/>
						<String ID="P189_ST00368" HPOS="410" VPOS="1902" WIDTH="60" HEIGHT="26" CONTENT="bad" WC="1.00" CC="000"/>
						<SP ID="P189_SP00334" HPOS="470" VPOS="1938" WIDTH="14"/>
						<String ID="P189_ST00369" HPOS="484" VPOS="1910" WIDTH="126" HEIGHT="23" CONTENT="woman," WC="0.96" CC="000002"/>
						<SP ID="P189_SP00335" HPOS="610" VPOS="1938" WIDTH="15"/>
						<String ID="P189_ST00370" HPOS="625" VPOS="1900" WIDTH="100" HEIGHT="27" CONTENT="unless" WC="0.84" CC="305000"/>
						<SP ID="P189_SP00336" HPOS="725" VPOS="1938" WIDTH="18"/>
						<String ID="P189_ST00371" HPOS="743" VPOS="1900" WIDTH="51" HEIGHT="26" CONTENT="the" WC="0.75" CC="070"/>
						<SP ID="P189_SP00337" HPOS="794" VPOS="1938" WIDTH="12"/>
						<String ID="P189_ST00372" HPOS="806" VPOS="1908" WIDTH="117" HEIGHT="18" CONTENT="woman" WC="1.00" CC="00000"/>
						<SP ID="P189_SP00338" HPOS="923" VPOS="1938" WIDTH="16"/>
						<String ID="P189_ST00373" HPOS="939" VPOS="1899" WIDTH="135" HEIGHT="34" CONTENT="happens" WC="0.91" CC="6000000"/>
						<SP ID="P189_SP00339" HPOS="1074" VPOS="1938" WIDTH="14"/>
						<String ID="P189_ST00374" HPOS="1088" VPOS="1902" WIDTH="31" HEIGHT="23" CONTENT="to" WC="1.00" CC="00"/>
						<SP ID="P189_SP00340" HPOS="1119" VPOS="1938" WIDTH="13"/>
						<String ID="P189_ST00375" HPOS="1132" VPOS="1900" WIDTH="37" HEIGHT="25" CONTENT="be" WC="1.00" CC="00"/>
						<SP ID="P189_SP00341" HPOS="1169" VPOS="1938" WIDTH="14"/>
						<String ID="P189_ST00376" HPOS="1183" VPOS="1899" WIDTH="163" HEIGHT="34" CONTENT="somebody" WC="1.00" CC="00000000"/>
					</TextLine>
					<TextLine ID="P189_TL00035" HPOS="193" VPOS="1948" WIDTH="1152" HEIGHT="36">
						<String ID="P189_ST00377" HPOS="193" VPOS="1952" WIDTH="104" HEIGHT="27" CONTENT="beside" WC="0.86" CC="400300"/>
						<SP ID="P189_SP00342" HPOS="297" VPOS="1979" WIDTH="22"/>
						<String ID="P189_ST00378" HPOS="319" VPOS="1951" WIDTH="119" HEIGHT="33" CONTENT="herself," WC="0.90" CC="50000002"/>
						<SP ID="P189_SP00343" HPOS="438" VPOS="1984" WIDTH="18"/>
						<String ID="P189_ST00379" HPOS="456" VPOS="1952" WIDTH="86" HEIGHT="26" CONTENT="when" WC="0.87" CC="0500"/>
						<SP ID="P189_SP00344" HPOS="542" VPOS="1984" WIDTH="22"/>
						<String ID="P189_ST00380" HPOS="564" VPOS="1950" WIDTH="52" HEIGHT="27" CONTENT="she" WC="0.65" CC="450"/>
						<SP ID="P189_SP00345" HPOS="616" VPOS="1984" WIDTH="19"/>
						<String ID="P189_ST00381" HPOS="635" VPOS="1949" WIDTH="25" HEIGHT="27" CONTENT="is" WC="0.72" CC="50"/>
						<SP ID="P189_SP00346" HPOS="660" VPOS="1984" WIDTH="23"/>
						<String ID="P189_ST00382" HPOS="683" VPOS="1949" WIDTH="156" HEIGHT="35" CONTENT="obviously" WC="0.89" CC="020002040"/>
						<SP ID="P189_SP00347" HPOS="839" VPOS="1984" WIDTH="22"/>
						<String ID="P189_ST00383" HPOS="861" VPOS="1948" WIDTH="73" HEIGHT="27" CONTENT="unfit" WC="0.91" CC="20002"/>
						<SP ID="P189_SP00348" HPOS="934" VPOS="1984" WIDTH="23"/>
						<String ID="P189_ST00384" HPOS="957" VPOS="1952" WIDTH="30" HEIGHT="22" CONTENT="to" WC="1.00" CC="00"/>
						<SP ID="P189_SP00349" HPOS="987" VPOS="1984" WIDTH="23"/>
						<String ID="P189_ST00385" HPOS="1010" VPOS="1949" WIDTH="37" HEIGHT="25" CONTENT="be" WC="1.00" CC="00"/>
						<SP ID="P189_SP00350" HPOS="1047" VPOS="1984" WIDTH="19"/>
						<String ID="P189_ST00386" HPOS="1066" VPOS="1949" WIDTH="113" HEIGHT="26" CONTENT="trusted" WC="0.93" CC="0040000"/>
						<SP ID="P189_SP00351" HPOS="1179" VPOS="1984" WIDTH="22"/>
						<String ID="P189_ST00387" HPOS="1201" VPOS="1949" WIDTH="71" HEIGHT="26" CONTENT="with" WC="0.98" CC="0000"/>
						<SP ID="P189_SP00352" HPOS="1272" VPOS="1984" WIDTH="23"/>
						<String ID="P189_ST00388" HPOS="1295" VPOS="1948" WIDTH="50" HEIGHT="26" CONTENT="the" WC="0.82" CC="050"/>
					</TextLine>
					<TextLine ID="P189_TL00036" HPOS="192" VPOS="1997" WIDTH="1155" HEIGHT="40">
						<String ID="P189_ST00389" HPOS="192" VPOS="2002" WIDTH="226" HEIGHT="35" CONTENT="responsibility" WC="0.88" CC="00000000060009"/>
						<SP ID="P189_SP00353" HPOS="418" VPOS="2037" WIDTH="19"/>
						<String ID="P189_ST00390" HPOS="437" VPOS="2000" WIDTH="33" HEIGHT="27" CONTENT="of" WC="0.88" CC="02"/>
						<SP ID="P189_SP00354" HPOS="470" VPOS="2037" WIDTH="19"/>
						<String ID="P189_ST00391" HPOS="489" VPOS="2003" WIDTH="205" HEIGHT="33" CONTENT="government." WC="0.91" CC="00004031000"/>
						<SP ID="P189_SP00355" HPOS="694" VPOS="2037" WIDTH="39"/>
						<String ID="P189_ST00392" HPOS="733" VPOS="1998" WIDTH="156" HEIGHT="26" CONTENT="Elizabeth" WC="0.79" CC="406500002"/>
						<SP ID="P189_SP00356" HPOS="889" VPOS="2037" WIDTH="24"/>
						<String ID="P189_ST00393" HPOS="913" VPOS="1998" WIDTH="58" HEIGHT="25" CONTENT="had" WC="0.79" CC="600"/>
						<SP ID="P189_SP00357" HPOS="971" VPOS="2037" WIDTH="28"/>
						<String ID="P189_ST00394" HPOS="999" VPOS="2006" WIDTH="17" HEIGHT="17" CONTENT="a" WC="1.00" CC="0"/>
						<SP ID="P189_SP00358" HPOS="1016" VPOS="2037" WIDTH="21"/>
						<String ID="P189_ST00395" HPOS="1037" VPOS="1998" WIDTH="112" HEIGHT="26" CONTENT="certain" WC="0.97" CC="0000000"/>
						<SP ID="P189_SP00359" HPOS="1149" VPOS="2037" WIDTH="23"/>
						<String ID="P189_ST00396" HPOS="1172" VPOS="2001" WIDTH="122" HEIGHT="23" CONTENT="amount" WC="1.00" CC="000000"/>
						<SP ID="P189_SP00360" HPOS="1294" VPOS="2037" WIDTH="22"/>
						<String ID="P189_ST00397" HPOS="1316" VPOS="1997" WIDTH="31" HEIGHT="27" CONTENT="of" WC="1.00" CC="00"/>
					</TextLine>
					<TextLine ID="P189_TL00037" HPOS="192" VPOS="2047" WIDTH="1151" HEIGHT="38">
						<String ID="P189_ST00398" HPOS="192" VPOS="2053" WIDTH="96" HEIGHT="26" CONTENT="talent" WC="1.00" CC="000000"/>
						<String ID="P189_ST00399" HPOS="300" VPOS="2063" WIDTH="6" HEIGHT="20" CONTENT=";" WC="0.50" CC="4"/>
						<SP ID="P189_SP00361" HPOS="306" VPOS="2083" WIDTH="29"/>
						<String ID="P189_ST00400" HPOS="335" VPOS="2055" WIDTH="17" HEIGHT="11" CONTENT='"' WC="1.00" CC="0"/>
						<SP ID="P189_SP00362" HPOS="352" VPOS="2083" WIDTH="11"/>
						<String ID="P189_ST00401" HPOS="363" VPOS="2052" WIDTH="44" HEIGHT="26" CONTENT="for" WC="0.95" CC="001"/>
						<SP ID="P189_SP00363" HPOS="407" VPOS="2083" WIDTH="20"/>
						<String ID="P189_ST00402" HPOS="427" VPOS="2052" WIDTH="52" HEIGHT="26" CONTENT="she" WC="0.70" CC="260"/>
						<SP ID="P189_SP00364" HPOS="479" VPOS="2083" WIDTH="21"/>
						<String ID="P189_ST00403" HPOS="500" VPOS="2050" WIDTH="88" HEIGHT="32" CONTENT='had,"' WC="0.75" CC="50023"/>
						<SP ID="P189_SP00365" HPOS="588" VPOS="2083" WIDTH="22"/>
						<String ID="P189_ST00404" HPOS="610" VPOS="2057" WIDTH="69" HEIGHT="28" CONTENT="says" WC="0.83" CC="0060"/>
						<SP ID="P189_SP00366" HPOS="679" VPOS="2085" WIDTH="20"/>
						<String ID="P189_ST00405" HPOS="699" VPOS="2049" WIDTH="108" HEIGHT="31" CONTENT="Hume," WC="0.85" CC="41001"/>
						<SP ID="P189_SP00367" HPOS="807" VPOS="2085" WIDTH="20"/>
						<String ID="P189_ST00406" HPOS="827" VPOS="2050" WIDTH="18" HEIGHT="12" CONTENT='"' WC="0.65" CC="3"/>
						<SP ID="P189_SP00368" HPOS="845" VPOS="2085" WIDTH="11"/>
						<String ID="P189_ST00407" HPOS="856" VPOS="2047" WIDTH="73" HEIGHT="27" CONTENT="both" WC="0.78" CC="0025"/>
						<SP ID="P189_SP00369" HPOS="929" VPOS="2085" WIDTH="19"/>
						<String ID="P189_ST00408" HPOS="948" VPOS="2051" WIDTH="114" HEIGHT="31" CONTENT="temper" WC="0.92" CC="000004"/>
						<SP ID="P189_SP00370" HPOS="1062" VPOS="2085" WIDTH="19"/>
						<String ID="P189_ST00409" HPOS="1081" VPOS="2048" WIDTH="59" HEIGHT="25" CONTENT="and" WC="1.00" CC="000"/>
						<SP ID="P189_SP00371" HPOS="1140" VPOS="2085" WIDTH="24"/>
						<String ID="P189_ST00410" HPOS="1164" VPOS="2047" WIDTH="135" HEIGHT="35" CONTENT="capacity" WC="0.99" CC="00000000"/>
						<SP ID="P189_SP00372" HPOS="1299" VPOS="2085" WIDTH="11"/>
						<String ID="P189_ST00411" HPOS="1310" VPOS="2057" WIDTH="6" HEIGHT="20" CONTENT=";" WC="1.00" CC="0"/>
						<SP ID="P189_SP00373" HPOS="1316" VPOS="2085" WIDTH="11"/>
						<String ID="P189_ST00412" HPOS="1327" VPOS="2047" WIDTH="16" HEIGHT="9" CONTENT='"' WC="0.32" CC="6"/>
					</TextLine>
					<TextLine ID="P189_TL00038" HPOS="192" VPOS="2097" WIDTH="1152" HEIGHT="40">
						<String ID="P189_ST00413" HPOS="192" VPOS="2103" WIDTH="53" HEIGHT="26" CONTENT="but" WC="0.91" CC="200"/>
						<SP ID="P189_SP00374" HPOS="245" VPOS="2129" WIDTH="21"/>
						<String ID="P189_ST00414" HPOS="266" VPOS="2102" WIDTH="138" HEIGHT="35" CONTENT="capacity" WC="0.99" CC="00000010"/>
						<SP ID="P189_SP00375" HPOS="404" VPOS="2137" WIDTH="17"/>
						<String ID="P189_ST00415" HPOS="421" VPOS="2110" WIDTH="97" HEIGHT="18" CONTENT="seems" WC="1.00" CC="00000"/>
						<SP ID="P189_SP00376" HPOS="518" VPOS="2137" WIDTH="21"/>
						<String ID="P189_ST00416" HPOS="539" VPOS="2104" WIDTH="30" HEIGHT="23" CONTENT="to" WC="0.87" CC="02"/>
						<SP ID="P189_SP00377" HPOS="569" VPOS="2137" WIDTH="20"/>
						<String ID="P189_ST00417" HPOS="589" VPOS="2100" WIDTH="76" HEIGHT="26" CONTENT="have" WC="0.84" CC="6000"/>
						<SP ID="P189_SP00378" HPOS="665" VPOS="2137" WIDTH="19"/>
						<String ID="P189_ST00418" HPOS="684" VPOS="2097" WIDTH="149" HEIGHT="36" CONTENT="belonged" WC="0.87" CC="00405000"/>
						<SP ID="P189_SP00379" HPOS="833" VPOS="2137" WIDTH="21"/>
						<String ID="P189_ST00419" HPOS="854" VPOS="2098" WIDTH="99" HEIGHT="26" CONTENT="rather" WC="0.82" CC="001603"/>
						<SP ID="P189_SP00380" HPOS="953" VPOS="2137" WIDTH="20"/>
						<String ID="P189_ST00420" HPOS="973" VPOS="2101" WIDTH="31" HEIGHT="23" CONTENT="to" WC="1.00" CC="00"/>
						<SP ID="P189_SP00381" HPOS="1004" VPOS="2137" WIDTH="20"/>
						<String ID="P189_ST00421" HPOS="1024" VPOS="2097" WIDTH="49" HEIGHT="26" CONTENT="the" WC="0.77" CC="060"/>
						<SP ID="P189_SP00382" HPOS="1073" VPOS="2137" WIDTH="20"/>
						<String ID="P189_ST00422" HPOS="1093" VPOS="2098" WIDTH="80" HEIGHT="35" CONTENT="bony" WC="0.93" CC="2000"/>
						<SP ID="P189_SP00383" HPOS="1173" VPOS="2137" WIDTH="19"/>
						<String ID="P189_ST00423" HPOS="1192" VPOS="2097" WIDTH="152" HEIGHT="26" CONTENT="bulkiness" WC="0.95" CC="000130000"/>
					</TextLine>
					<TextLine ID="P189_TL00039" HPOS="192" VPOS="2147" WIDTH="965" HEIGHT="35">
						<String ID="P189_ST00424" HPOS="192" VPOS="2153" WIDTH="33" HEIGHT="27" CONTENT="of" WC="0.79" CC="40"/>
						<SP ID="P189_SP00384" HPOS="225" VPOS="2180" WIDTH="10"/>
						<String ID="P189_ST00425" HPOS="235" VPOS="2154" WIDTH="53" HEIGHT="25" CONTENT="her" WC="0.84" CC="400"/>
						<SP ID="P189_SP00385" HPOS="288" VPOS="2180" WIDTH="13"/>
						<String ID="P189_ST00426" HPOS="301" VPOS="2152" WIDTH="183" HEIGHT="27" CONTENT="unfeminine" WC="0.95" CC="0400000000"/>
						<SP ID="P189_SP00386" HPOS="484" VPOS="2180" WIDTH="15"/>
						<String ID="P189_ST00427" HPOS="499" VPOS="2151" WIDTH="84" HEIGHT="31" CONTENT="form," WC="0.75" CC="00443"/>
						<SP ID="P189_SP00387" HPOS="583" VPOS="2182" WIDTH="15"/>
						<String ID="P189_ST00428" HPOS="598" VPOS="2150" WIDTH="74" HEIGHT="26" CONTENT="than" WC="0.78" CC="0602"/>
						<SP ID="P189_SP00388" HPOS="672" VPOS="2182" WIDTH="13"/>
						<String ID="P189_ST00429" HPOS="685" VPOS="2154" WIDTH="31" HEIGHT="22" CONTENT="to" WC="0.82" CC="30"/>
						<SP ID="P189_SP00389" HPOS="716" VPOS="2182" WIDTH="14"/>
						<String ID="P189_ST00430" HPOS="730" VPOS="2148" WIDTH="49" HEIGHT="28" CONTENT="the" WC="0.72" CC="160"/>
						<SP ID="P189_SP00390" HPOS="779" VPOS="2182" WIDTH="15"/>
						<String ID="P189_ST00431" HPOS="794" VPOS="2151" WIDTH="101" HEIGHT="23" CONTENT="extent" WC="1.00" CC="000000"/>
						<SP ID="P189_SP00391" HPOS="895" VPOS="2182" WIDTH="14"/>
						<String ID="P189_ST00432" HPOS="909" VPOS="2147" WIDTH="33" HEIGHT="27" CONTENT="of" WC="1.00" CC="00"/>
						<SP ID="P189_SP00392" HPOS="942" VPOS="2182" WIDTH="8"/>
						<String ID="P189_ST00433" HPOS="950" VPOS="2148" WIDTH="54" HEIGHT="26" CONTENT="her" WC="0.79" CC="600"/>
						<SP ID="P189_SP00393" HPOS="1004" VPOS="2182" WIDTH="13"/>
						<String ID="P189_ST00434" HPOS="1017" VPOS="2148" WIDTH="140" HEIGHT="26" CONTENT="intellect." WC="0.89" CC="0400230000"/>
					</TextLine>
				</TextBlock>
				<TextBlock ID="P189_TB00007" HPOS="247" VPOS="2202" WIDTH="986" HEIGHT="21" STYLEREFS="TXT_2 PAR_LEFT">
					<TextLine ID="P189_TL00040" HPOS="247" VPOS="2202" WIDTH="986" HEIGHT="21">
						<String ID="P189_ST00435" HPOS="247" VPOS="2208" WIDTH="55" HEIGHT="15" CONTENT="VOL." WC="0.64" CC="0184"/>
						<SP ID="P189_SP00394" HPOS="302" VPOS="2223" WIDTH="17"/>
						<String ID="P189_ST00436" HPOS="319" VPOS="2208" WIDTH="27" HEIGHT="15" CONTENT="II." WC="0.86" CC="400"/>
						<SP ID="P189_SP00395" HPOS="346" VPOS="2223" WIDTH="874"/>
						<String ID="P189_ST00437" HPOS="1220" VPOS="2202" WIDTH="13" HEIGHT="14" CONTENT="Y" WC="0.36" CC="6"/>
					</TextLine>
				</TextBlock>
			</PrintSpace>
		</Page>
	</Layout>
</alto>
