<?xml version="1.0" encoding="UTF-8"?>
<alto xmlns:xsi="http://www.w3.org/2001/XMLSchema-instance" xsi:noNamespaceSchemaLocation="http://www.bl.uk/schemas/alto/alto-1-4.xsd" xmlns:xlink="http://www.w3.org/1999/xlink">
	<Description>
		<MeasurementUnit>mm10</MeasurementUnit>
		<sourceImageInformation>
			<fileName>//head1/IN/2008-50/A0012346969.2/003824.jp2</fileName>
		</sourceImageInformation>
		<OCRProcessing ID="OCRPROCESSING_1">
			<preProcessingStep>
				<processingSoftware>
					<softwareCreator>CCS Content Conversion Specialists GmbH, Germany</softwareCreator>
					<softwareName>CCS docWORKS</softwareName>
					<softwareVersion>6.1-0.67</softwareVersion>
				</processingSoftware>
			</preProcessingStep>
			<ocrProcessingStep>
				<processingSoftware>
					<softwareCreator>ABBYY (BIT Software), Russia</softwareCreator>
					<softwareName>Finereader</softwareName>
				</processingSoftware>
			</ocrProcessingStep>
		</OCRProcessing>
	</Description>
	<Styles>
		<TextStyle ID="TXT_0" FONTSIZE="11" FONTFAMILY="Courier New"/>
		<TextStyle ID="TXT_1" FONTSIZE="11" FONTFAMILY="Fraktur"/>
		<TextStyle ID="TXT_2" FONTSIZE="9" FONTFAMILY="Courier New"/>
		<ParagraphStyle ID="PAR_RIGHT" ALIGN="Right"/>
		<ParagraphStyle ID="PAR_LEFT" ALIGN="Left"/>
	</Styles>
	<Layout>
		<Page ID="P164" PHYSICAL_IMG_NR="164" HEIGHT="2488" WIDTH="1692" PRINTED_IMG_NR="138" POSITION="Left" ACCURACY="88.11">
			<TopMargin ID="P164_TM00001" HPOS="0" VPOS="0" WIDTH="1691" HEIGHT="321">
				<TextBlock ID="P164_TB00001" HPOS="556" VPOS="260" WIDTH="714" HEIGHT="61" STYLEREFS="TXT_0 PAR_RIGHT">
					<TextLine ID="P164_TL00001" HPOS="556" VPOS="262" WIDTH="714" HEIGHT="59">
						<String ID="P164_ST00001" HPOS="556" VPOS="264" WIDTH="152" HEIGHT="45" CONTENT="Comic" WC="0.96" CC="02000"/>
						<SP ID="P164_SP00001" HPOS="708" VPOS="309" WIDTH="30"/>
						<String ID="P164_ST00002" HPOS="738" VPOS="264" WIDTH="192" HEIGHT="57" CONTENT="History" WC="0.99" CC="0000000"/>
						<SP ID="P164_SP00002" HPOS="930" VPOS="321" WIDTH="34"/>
						<String ID="P164_ST00003" HPOS="964" VPOS="264" WIDTH="55" HEIGHT="57" CONTENT="of" WC="0.77" CC="40"/>
						<SP ID="P164_SP00003" HPOS="1019" VPOS="321" WIDTH="17"/>
						<String ID="P164_ST00004" HPOS="1036" VPOS="262" WIDTH="234" HEIGHT="59" CONTENT="England." WC="0.76" CC="08040600"/>
					</TextLine>
				</TextBlock>
				<TextBlock ID="P164_TB00002" HPOS="341" VPOS="275" WIDTH="56" HEIGHT="37" STYLEREFS="TXT_1 PAR_LEFT">
					<TextLine ID="P164_TL00002" HPOS="341" VPOS="275" WIDTH="56" HEIGHT="37">
						<String ID="P164_ST00005" HPOS="341" VPOS="275" WIDTH="56" HEIGHT="37" CONTENT="138" WC="1.00" CC="000"/>
					</TextLine>
				</TextBlock>
				<TextBlock ID="P164_TB00003" HPOS="1391" VPOS="287" WIDTH="108" HEIGHT="21" STYLEREFS="TXT_2 PAR_RIGHT">
					<TextLine ID="P164_TL00003" HPOS="1392" VPOS="288" WIDTH="107" HEIGHT="20">
						<String ID="P164_ST00006" HPOS="1392" VPOS="289" WIDTH="70" HEIGHT="19" CONTENT="[Book" WC="0.32" CC="26779"/>
						<SP ID="P164_SP00004" HPOS="1462" VPOS="308" WIDTH="11"/>
						<String ID="P164_ST00007" HPOS="1473" VPOS="288" WIDTH="26" HEIGHT="18" CONTENT="V." WC="0.50" CC="90"/>
					</TextLine>
				</TextBlock>
			</TopMargin>
			<LeftMargin ID="P164_LM00001" HPOS="0" VPOS="314" WIDTH="338" HEIGHT="1898"/>
			<RightMargin ID="P164_RM00001" HPOS="1501" VPOS="314" WIDTH="190" HEIGHT="1898"/>
			<BottomMargin ID="P164_BM00001" HPOS="0" VPOS="2212" WIDTH="1691" HEIGHT="276"/>
			<PrintSpace ID="P164_PS00001" HPOS="338" VPOS="314" WIDTH="1163" HEIGHT="1898">
				<TextBlock ID="P164_TB00004" HPOS="340" VPOS="377" WIDTH="1161" HEIGHT="388" STYLEREFS="TXT_2 PAR_LEFT">
					<TextLine ID="P164_TL00004" HPOS="341" VPOS="378" WIDTH="1160" HEIGHT="39">
						<String ID="P164_ST00008" HPOS="341" VPOS="390" WIDTH="69" HEIGHT="18" CONTENT="men" WC="1.00" CC="000"/>
						<SP ID="P164_SP00005" HPOS="410" VPOS="408" WIDTH="12"/>
						<String ID="P164_ST00009" HPOS="422" VPOS="382" WIDTH="32" HEIGHT="27" CONTENT="of" WC="1.00" CC="00"/>
						<SP ID="P164_SP00006" HPOS="454" VPOS="409" WIDTH="9"/>
						<String ID="P164_ST00010" HPOS="463" VPOS="382" WIDTH="230" HEIGHT="35" CONTENT="prepossessing" WC="0.96" CC="0000000000220"/>
						<SP ID="P164_SP00007" HPOS="693" VPOS="417" WIDTH="14"/>
						<String ID="P164_ST00011" HPOS="707" VPOS="389" WIDTH="196" HEIGHT="27" CONTENT="appearance," WC="0.94" CC="00000006000"/>
						<SP ID="P164_SP00008" HPOS="903" VPOS="417" WIDTH="12"/>
						<String ID="P164_ST00012" HPOS="915" VPOS="379" WIDTH="209" HEIGHT="36" CONTENT="gentlemanly" WC="0.75" CC="00005100648"/>
						<SP ID="P164_SP00009" HPOS="1124" VPOS="417" WIDTH="10"/>
						<String ID="P164_ST00013" HPOS="1134" VPOS="386" WIDTH="150" HEIGHT="25" CONTENT="manners," WC="0.90" CC="00600000"/>
						<SP ID="P164_SP00010" HPOS="1284" VPOS="417" WIDTH="12"/>
						<String ID="P164_ST00014" HPOS="1296" VPOS="378" WIDTH="60" HEIGHT="27" CONTENT="and" WC="0.79" CC="060"/>
						<SP ID="P164_SP00011" HPOS="1356" VPOS="417" WIDTH="15"/>
						<String ID="P164_ST00015" HPOS="1371" VPOS="378" WIDTH="130" HEIGHT="26" CONTENT="amiable" WC="0.91" CC="0010050"/>
					</TextLine>
					<TextLine ID="P164_TL00005" HPOS="340" VPOS="428" WIDTH="1161" HEIGHT="39">
						<String ID="P164_ST00016" HPOS="340" VPOS="433" WIDTH="188" HEIGHT="34" CONTENT="disposition," WC="0.90" CC="060001040000"/>
						<SP ID="P164_SP00012" HPOS="528" VPOS="467" WIDTH="27"/>
						<String ID="P164_ST00017" HPOS="555" VPOS="433" WIDTH="67" HEIGHT="26" CONTENT="who" WC="0.53" CC="760"/>
						<SP ID="P164_SP00013" HPOS="622" VPOS="467" WIDTH="27"/>
						<String ID="P164_ST00018" HPOS="649" VPOS="441" WIDTH="76" HEIGHT="18" CONTENT="were" WC="0.93" CC="0020"/>
						<SP ID="P164_SP00014" HPOS="725" VPOS="467" WIDTH="34"/>
						<String ID="P164_ST00019" HPOS="759" VPOS="431" WIDTH="126" HEIGHT="27" CONTENT="anxious" WC="0.90" CC="0004020"/>
						<SP ID="P164_SP00015" HPOS="885" VPOS="467" WIDTH="33"/>
						<String ID="P164_ST00020" HPOS="918" VPOS="434" WIDTH="29" HEIGHT="23" CONTENT="to" WC="1.00" CC="00"/>
						<SP ID="P164_SP00016" HPOS="947" VPOS="467" WIDTH="33"/>
						<String ID="P164_ST00021" HPOS="980" VPOS="430" WIDTH="71" HEIGHT="26" CONTENT="take" WC="0.85" CC="5000"/>
						<SP ID="P164_SP00017" HPOS="1051" VPOS="467" WIDTH="27"/>
						<String ID="P164_ST00022" HPOS="1078" VPOS="429" WIDTH="61" HEIGHT="27" CONTENT="this" WC="0.79" CC="2060"/>
						<SP ID="P164_SP00018" HPOS="1139" VPOS="467" WIDTH="33"/>
						<String ID="P164_ST00023" HPOS="1172" VPOS="429" WIDTH="167" HEIGHT="27" CONTENT="somewhat" WC="0.86" CC="60000500"/>
						<SP ID="P164_SP00019" HPOS="1339" VPOS="467" WIDTH="33"/>
						<String ID="P164_ST00024" HPOS="1372" VPOS="428" WIDTH="129" HEIGHT="27" CONTENT="unusual" WC="0.63" CC="7067500"/>
					</TextLine>
					<TextLine ID="P164_TL00006" HPOS="340" VPOS="478" WIDTH="1160" HEIGHT="39">
						<String ID="P164_ST00025" HPOS="340" VPOS="483" WIDTH="122" HEIGHT="26" CONTENT="method" WC="0.89" CC="000600"/>
						<SP ID="P164_SP00020" HPOS="462" VPOS="509" WIDTH="27"/>
						<String ID="P164_ST00026" HPOS="489" VPOS="482" WIDTH="33" HEIGHT="26" CONTENT="of" WC="0.93" CC="10"/>
						<SP ID="P164_SP00021" HPOS="522" VPOS="509" WIDTH="22"/>
						<String ID="P164_ST00027" HPOS="544" VPOS="483" WIDTH="123" HEIGHT="34" CONTENT="placing" WC="0.73" CC="0500209"/>
						<SP ID="P164_SP00022" HPOS="667" VPOS="517" WIDTH="25"/>
						<String ID="P164_ST00028" HPOS="692" VPOS="482" WIDTH="77" HEIGHT="26" CONTENT="their" WC="0.73" CC="07050"/>
						<SP ID="P164_SP00023" HPOS="769" VPOS="517" WIDTH="25"/>
						<String ID="P164_ST00029" HPOS="794" VPOS="482" WIDTH="97" HEIGHT="25" CONTENT="hands" WC="0.88" CC="60000"/>
						<SP ID="P164_SP00024" HPOS="891" VPOS="517" WIDTH="28"/>
						<String ID="P164_ST00030" HPOS="919" VPOS="481" WIDTH="58" HEIGHT="26" CONTENT="and" WC="1.00" CC="000"/>
						<SP ID="P164_SP00025" HPOS="977" VPOS="517" WIDTH="23"/>
						<String ID="P164_ST00031" HPOS="1000" VPOS="480" WIDTH="102" HEIGHT="26" CONTENT="hearts" WC="0.85" CC="700100"/>
						<SP ID="P164_SP00026" HPOS="1102" VPOS="517" WIDTH="21"/>
						<String ID="P164_ST00032" HPOS="1123" VPOS="483" WIDTH="30" HEIGHT="23" CONTENT="at" WC="0.83" CC="03"/>
						<SP ID="P164_SP00027" HPOS="1153" VPOS="517" WIDTH="27"/>
						<String ID="P164_ST00033" HPOS="1180" VPOS="480" WIDTH="51" HEIGHT="25" CONTENT="the" WC="0.88" CC="030"/>
						<SP ID="P164_SP00028" HPOS="1231" VPOS="517" WIDTH="27"/>
						<String ID="P164_ST00034" HPOS="1258" VPOS="479" WIDTH="113" HEIGHT="26" CONTENT="service" WC="0.97" CC="0020000"/>
						<SP ID="P164_SP00029" HPOS="1371" VPOS="517" WIDTH="23"/>
						<String ID="P164_ST00035" HPOS="1394" VPOS="478" WIDTH="34" HEIGHT="27" CONTENT="of" WC="0.95" CC="10"/>
						<SP ID="P164_SP00030" HPOS="1428" VPOS="517" WIDTH="22"/>
						<String ID="P164_ST00036" HPOS="1450" VPOS="478" WIDTH="50" HEIGHT="27" CONTENT="the" WC="0.78" CC="060"/>
					</TextLine>
					<TextLine ID="P164_TL00007" HPOS="342" VPOS="529" WIDTH="1158" HEIGHT="38">
						<String ID="P164_ST00037" HPOS="342" VPOS="532" WIDTH="103" HEIGHT="34" CONTENT="Queen" WC="1.00" CC="00000"/>
						<SP ID="P164_SP00031" HPOS="445" VPOS="566" WIDTH="15"/>
						<String ID="P164_ST00038" HPOS="460" VPOS="532" WIDTH="33" HEIGHT="27" CONTENT="of" WC="1.00" CC="00"/>
						<SP ID="P164_SP00032" HPOS="493" VPOS="566" WIDTH="16"/>
						<String ID="P164_ST00039" HPOS="509" VPOS="532" WIDTH="150" HEIGHT="35" CONTENT="England." WC="0.97" CC="00000100"/>
						<SP ID="P164_SP00033" HPOS="659" VPOS="567" WIDTH="40"/>
						<String ID="P164_ST00040" HPOS="699" VPOS="532" WIDTH="36" HEIGHT="26" CONTENT="In" WC="0.76" CC="04"/>
						<SP ID="P164_SP00034" HPOS="735" VPOS="567" WIDTH="14"/>
						<String ID="P164_ST00041" HPOS="749" VPOS="532" WIDTH="50" HEIGHT="26" CONTENT="the" WC="0.73" CC="160"/>
						<SP ID="P164_SP00035" HPOS="799" VPOS="567" WIDTH="14"/>
						<String ID="P164_ST00042" HPOS="813" VPOS="540" WIDTH="72" HEIGHT="26" CONTENT="very" WC="0.72" CC="6040"/>
						<SP ID="P164_SP00036" HPOS="885" VPOS="567" WIDTH="13"/>
						<String ID="P164_ST00043" HPOS="898" VPOS="532" WIDTH="113" HEIGHT="34" CONTENT="largest" WC="0.85" CC="0009000"/>
						<SP ID="P164_SP00037" HPOS="1011" VPOS="567" WIDTH="14"/>
						<String ID="P164_ST00044" HPOS="1025" VPOS="530" WIDTH="70" HEIGHT="26" CONTENT="field" WC="0.87" CC="22000"/>
						<SP ID="P164_SP00038" HPOS="1095" VPOS="567" WIDTH="14"/>
						<String ID="P164_ST00045" HPOS="1109" VPOS="530" WIDTH="83" HEIGHT="26" CONTENT="there" WC="0.85" CC="07000"/>
						<SP ID="P164_SP00039" HPOS="1192" VPOS="567" WIDTH="14"/>
						<String ID="P164_ST00046" HPOS="1206" VPOS="529" WIDTH="61" HEIGHT="27" CONTENT="will" WC="0.73" CC="0640"/>
						<SP ID="P164_SP00040" HPOS="1267" VPOS="567" WIDTH="19"/>
						<String ID="P164_ST00047" HPOS="1286" VPOS="529" WIDTH="157" HEIGHT="36" CONTENT="generally" WC="0.88" CC="005000500"/>
						<SP ID="P164_SP00041" HPOS="1443" VPOS="567" WIDTH="19"/>
						<String ID="P164_ST00048" HPOS="1462" VPOS="529" WIDTH="38" HEIGHT="25" CONTENT="be" WC="0.66" CC="23"/>
					</TextLine>
					<TextLine ID="P164_TL00008" HPOS="341" VPOS="580" WIDTH="1160" HEIGHT="35">
						<String ID="P164_ST00049" HPOS="341" VPOS="591" WIDTH="57" HEIGHT="17" CONTENT="one" WC="1.00" CC="000"/>
						<SP ID="P164_SP00042" HPOS="398" VPOS="608" WIDTH="14"/>
						<String ID="P164_ST00050" HPOS="412" VPOS="591" WIDTH="33" HEIGHT="17" CONTENT="or" WC="0.81" CC="03"/>
						<SP ID="P164_SP00043" HPOS="445" VPOS="608" WIDTH="13"/>
						<String ID="P164_ST00051" HPOS="458" VPOS="586" WIDTH="59" HEIGHT="23" CONTENT="two" WC="1.00" CC="000"/>
						<SP ID="P164_SP00044" HPOS="517" VPOS="609" WIDTH="19"/>
						<String ID="P164_ST00052" HPOS="536" VPOS="582" WIDTH="169" HEIGHT="32" CONTENT="favourites," WC="0.88" CC="00006030002"/>
						<SP ID="P164_SP00045" HPOS="705" VPOS="614" WIDTH="19"/>
						<String ID="P164_ST00053" HPOS="724" VPOS="582" WIDTH="59" HEIGHT="25" CONTENT="and" WC="0.80" CC="050"/>
						<SP ID="P164_SP00046" HPOS="783" VPOS="614" WIDTH="21"/>
						<String ID="P164_ST00054" HPOS="804" VPOS="581" WIDTH="29" HEIGHT="26" CONTENT="in" WC="0.80" CC="04"/>
						<SP ID="P164_SP00047" HPOS="833" VPOS="614" WIDTH="21"/>
						<String ID="P164_ST00055" HPOS="854" VPOS="581" WIDTH="183" HEIGHT="26" CONTENT="Elizabeth's" WC="0.89" CC="20010000520"/>
						<SP ID="P164_SP00048" HPOS="1037" VPOS="614" WIDTH="21"/>
						<String ID="P164_ST00056" HPOS="1058" VPOS="581" WIDTH="80" HEIGHT="34" CONTENT="gocd" WC="1.00" CC="0000"/>
						<SP ID="P164_SP00049" HPOS="1138" VPOS="615" WIDTH="20"/>
						<String ID="P164_ST00057" HPOS="1158" VPOS="580" WIDTH="95" HEIGHT="26" CONTENT="books" WC="1.00" CC="00000"/>
						<SP ID="P164_SP00050" HPOS="1253" VPOS="615" WIDTH="21"/>
						<String ID="P164_ST00058" HPOS="1274" VPOS="580" WIDTH="51" HEIGHT="26" CONTENT="the" WC="0.77" CC="060"/>
						<SP ID="P164_SP00051" HPOS="1325" VPOS="615" WIDTH="21"/>
						<String ID="P164_ST00059" HPOS="1346" VPOS="588" WIDTH="104" HEIGHT="17" CONTENT="names" WC="0.96" CC="00100"/>
						<SP ID="P164_SP00052" HPOS="1450" VPOS="615" WIDTH="22"/>
						<String ID="P164_ST00060" HPOS="1472" VPOS="586" WIDTH="29" HEIGHT="19" CONTENT="ot" WC="0.64" CC="07"/>
					</TextLine>
					<TextLine ID="P164_TL00009" HPOS="342" VPOS="629" WIDTH="1156" HEIGHT="39">
						<String ID="P164_ST00061" HPOS="342" VPOS="632" WIDTH="116" HEIGHT="27" CONTENT="Robert" WC="0.92" CC="000040"/>
						<SP ID="P164_SP00053" HPOS="458" VPOS="659" WIDTH="26"/>
						<String ID="P164_ST00062" HPOS="484" VPOS="633" WIDTH="128" HEIGHT="35" CONTENT="Dudley," WC="0.98" CC="0100000"/>
						<SP ID="P164_SP00054" HPOS="612" VPOS="668" WIDTH="26"/>
						<String ID="P164_ST00063" HPOS="638" VPOS="632" WIDTH="71" HEIGHT="27" CONTENT="Earl" WC="0.91" CC="2010"/>
						<SP ID="P164_SP00055" HPOS="709" VPOS="668" WIDTH="27"/>
						<String ID="P164_ST00064" HPOS="736" VPOS="632" WIDTH="33" HEIGHT="26" CONTENT="of" WC="1.00" CC="00"/>
						<SP ID="P164_SP00056" HPOS="769" VPOS="668" WIDTH="21"/>
						<String ID="P164_ST00065" HPOS="790" VPOS="632" WIDTH="157" HEIGHT="33" CONTENT="Leicester," WC="0.94" CC="0050000000"/>
						<SP ID="P164_SP00057" HPOS="947" VPOS="668" WIDTH="24"/>
						<String ID="P164_ST00066" HPOS="971" VPOS="632" WIDTH="59" HEIGHT="25" CONTENT="and" WC="0.94" CC="010"/>
						<SP ID="P164_SP00058" HPOS="1030" VPOS="668" WIDTH="22"/>
						<String ID="P164_ST00067" HPOS="1052" VPOS="630" WIDTH="152" HEIGHT="34" CONTENT="Ratcliffe," WC="0.97" CC="0000000003"/>
						<SP ID="P164_SP00059" HPOS="1204" VPOS="668" WIDTH="25"/>
						<String ID="P164_ST00068" HPOS="1229" VPOS="631" WIDTH="72" HEIGHT="26" CONTENT="Earl" WC="0.98" CC="0000"/>
						<SP ID="P164_SP00060" HPOS="1301" VPOS="668" WIDTH="24"/>
						<String ID="P164_ST00069" HPOS="1325" VPOS="630" WIDTH="33" HEIGHT="26" CONTENT="of" WC="1.00" CC="00"/>
						<SP ID="P164_SP00061" HPOS="1358" VPOS="668" WIDTH="16"/>
						<String ID="P164_ST00070" HPOS="1374" VPOS="629" WIDTH="124" HEIGHT="33" CONTENT="Sussex," WC="0.87" CC="0500003"/>
					</TextLine>
					<TextLine ID="P164_TL00010" HPOS="342" VPOS="679" WIDTH="1156" HEIGHT="38">
						<String ID="P164_ST00071" HPOS="342" VPOS="682" WIDTH="86" HEIGHT="26" CONTENT="stood" WC="1.00" CC="00000"/>
						<SP ID="P164_SP00062" HPOS="428" VPOS="708" WIDTH="14"/>
						<String ID="P164_ST00072" HPOS="442" VPOS="691" WIDTH="32" HEIGHT="18" CONTENT="so" WC="1.00" CC="00"/>
						<SP ID="P164_SP00063" HPOS="474" VPOS="709" WIDTH="15"/>
						<String ID="P164_ST00073" HPOS="489" VPOS="682" WIDTH="83" HEIGHT="35" CONTENT="high," WC="0.48" CC="55833"/>
						<SP ID="P164_SP00064" HPOS="572" VPOS="717" WIDTH="15"/>
						<String ID="P164_ST00074" HPOS="587" VPOS="682" WIDTH="65" HEIGHT="26" CONTENT="that" WC="0.83" CC="0600"/>
						<SP ID="P164_SP00065" HPOS="652" VPOS="717" WIDTH="20"/>
						<String ID="P164_ST00075" HPOS="672" VPOS="682" WIDTH="82" HEIGHT="26" CONTENT="there" WC="0.82" CC="07010"/>
						<SP ID="P164_SP00066" HPOS="754" VPOS="717" WIDTH="17"/>
						<String ID="P164_ST00076" HPOS="771" VPOS="681" WIDTH="97" HEIGHT="35" CONTENT="might" WC="0.75" CC="06050"/>
						<SP ID="P164_SP00067" HPOS="868" VPOS="717" WIDTH="19"/>
						<String ID="P164_ST00077" HPOS="887" VPOS="681" WIDTH="77" HEIGHT="26" CONTENT="have" WC="0.86" CC="5000"/>
						<SP ID="P164_SP00068" HPOS="964" VPOS="717" WIDTH="20"/>
						<String ID="P164_ST00078" HPOS="984" VPOS="681" WIDTH="75" HEIGHT="26" CONTENT="been" WC="1.00" CC="0000"/>
						<SP ID="P164_SP00069" HPOS="1059" VPOS="717" WIDTH="21"/>
						<String ID="P164_ST00079" HPOS="1080" VPOS="688" WIDTH="75" HEIGHT="18" CONTENT="even" WC="1.00" CC="0000"/>
						<SP ID="P164_SP00070" HPOS="1155" VPOS="717" WIDTH="20"/>
						<String ID="P164_ST00080" HPOS="1175" VPOS="680" WIDTH="120" HEIGHT="35" CONTENT="betting" WC="0.91" CC="0000140"/>
						<SP ID="P164_SP00071" HPOS="1295" VPOS="717" WIDTH="19"/>
						<String ID="P164_ST00081" HPOS="1314" VPOS="688" WIDTH="80" HEIGHT="27" CONTENT="upon" WC="0.96" CC="0001"/>
						<SP ID="P164_SP00072" HPOS="1394" VPOS="717" WIDTH="21"/>
						<String ID="P164_ST00082" HPOS="1415" VPOS="679" WIDTH="83" HEIGHT="32" CONTENT="both," WC="0.70" CC="70070"/>
					</TextLine>
					<TextLine ID="P164_TL00011" HPOS="340" VPOS="730" WIDTH="872" HEIGHT="35">
						<String ID="P164_ST00083" HPOS="340" VPOS="731" WIDTH="72" HEIGHT="27" CONTENT="with" WC="0.64" CC="9400"/>
						<SP ID="P164_SP00073" HPOS="412" VPOS="758" WIDTH="16"/>
						<String ID="P164_ST00084" HPOS="428" VPOS="741" WIDTH="17" HEIGHT="17" CONTENT="a" WC="1.00" CC="0"/>
						<SP ID="P164_SP00074" HPOS="445" VPOS="758" WIDTH="14"/>
						<String ID="P164_ST00085" HPOS="459" VPOS="732" WIDTH="92" HEIGHT="26" CONTENT="shade" WC="0.85" CC="07000"/>
						<SP ID="P164_SP00075" HPOS="551" VPOS="758" WIDTH="15"/>
						<String ID="P164_ST00086" HPOS="566" VPOS="741" WIDTH="32" HEIGHT="17" CONTENT="or" WC="1.00" CC="00"/>
						<SP ID="P164_SP00076" HPOS="598" VPOS="758" WIDTH="13"/>
						<String ID="P164_ST00087" HPOS="611" VPOS="736" WIDTH="66" HEIGHT="28" CONTENT="two," WC="0.97" CC="0000"/>
						<SP ID="P164_SP00077" HPOS="677" VPOS="764" WIDTH="16"/>
						<String ID="P164_ST00088" HPOS="693" VPOS="731" WIDTH="138" HEIGHT="34" CONTENT="perhaps," WC="0.88" CC="00350000"/>
						<SP ID="P164_SP00078" HPOS="831" VPOS="765" WIDTH="16"/>
						<String ID="P164_ST00089" HPOS="847" VPOS="731" WIDTH="29" HEIGHT="25" CONTENT="in" WC="0.91" CC="01"/>
						<SP ID="P164_SP00079" HPOS="876" VPOS="765" WIDTH="15"/>
						<String ID="P164_ST00090" HPOS="891" VPOS="731" WIDTH="50" HEIGHT="26" CONTENT="the" WC="0.75" CC="070"/>
						<SP ID="P164_SP00080" HPOS="941" VPOS="765" WIDTH="14"/>
						<String ID="P164_ST00091" HPOS="955" VPOS="730" WIDTH="132" HEIGHT="27" CONTENT="former's" WC="0.97" CC="00000020"/>
						<SP ID="P164_SP00081" HPOS="1087" VPOS="765" WIDTH="14"/>
						<String ID="P164_ST00092" HPOS="1101" VPOS="730" WIDTH="111" HEIGHT="26" CONTENT="favour." WC="0.99" CC="0000000"/>
					</TextLine>
				</TextBlock>
				<TextBlock ID="P164_TB00005" HPOS="338" VPOS="804" WIDTH="1160" HEIGHT="1276" STYLEREFS="TXT_2 PAR_LEFT">
					<TextLine ID="P164_TL00012" HPOS="396" VPOS="804" WIDTH="1102" HEIGHT="37">
						<String ID="P164_ST00093" HPOS="396" VPOS="806" WIDTH="89" HEIGHT="35" CONTENT="Mary" WC="0.82" CC="7000"/>
						<SP ID="P164_SP00082" HPOS="485" VPOS="841" WIDTH="14"/>
						<String ID="P164_ST00094" HPOS="499" VPOS="805" WIDTH="33" HEIGHT="27" CONTENT="of" WC="1.00" CC="00"/>
						<SP ID="P164_SP00083" HPOS="532" VPOS="841" WIDTH="14"/>
						<String ID="P164_ST00095" HPOS="546" VPOS="805" WIDTH="144" HEIGHT="27" CONTENT="Scotland" WC="0.89" CC="00001700"/>
						<SP ID="P164_SP00084" HPOS="690" VPOS="841" WIDTH="14"/>
						<String ID="P164_ST00096" HPOS="704" VPOS="815" WIDTH="61" HEIGHT="17" CONTENT="was" WC="1.00" CC="000"/>
						<SP ID="P164_SP00085" HPOS="765" VPOS="841" WIDTH="14"/>
						<String ID="P164_ST00097" HPOS="779" VPOS="806" WIDTH="58" HEIGHT="26" CONTENT="less" WC="0.90" CC="4000"/>
						<SP ID="P164_SP00086" HPOS="837" VPOS="841" WIDTH="15"/>
						<String ID="P164_ST00098" HPOS="852" VPOS="805" WIDTH="168" HEIGHT="26" CONTENT="indifferent" WC="0.92" CC="40010000030"/>
						<SP ID="P164_SP00087" HPOS="1020" VPOS="841" WIDTH="17"/>
						<String ID="P164_ST00099" HPOS="1037" VPOS="814" WIDTH="38" HEIGHT="17" CONTENT="on" WC="0.80" CC="04"/>
						<SP ID="P164_SP00088" HPOS="1075" VPOS="841" WIDTH="17"/>
						<String ID="P164_ST00100" HPOS="1092" VPOS="805" WIDTH="51" HEIGHT="26" CONTENT="the" WC="0.75" CC="070"/>
						<SP ID="P164_SP00089" HPOS="1143" VPOS="841" WIDTH="19"/>
						<String ID="P164_ST00101" HPOS="1162" VPOS="805" WIDTH="115" HEIGHT="35" CONTENT="subject" WC="0.94" CC="0004000"/>
						<SP ID="P164_SP00090" HPOS="1277" VPOS="841" WIDTH="21"/>
						<String ID="P164_ST00102" HPOS="1298" VPOS="805" WIDTH="33" HEIGHT="26" CONTENT="of" WC="0.88" CC="02"/>
						<SP ID="P164_SP00091" HPOS="1331" VPOS="841" WIDTH="16"/>
						<String ID="P164_ST00103" HPOS="1347" VPOS="804" WIDTH="151" HEIGHT="36" CONTENT="marriage" WC="0.95" CC="00012000"/>
					</TextLine>
					<TextLine ID="P164_TL00013" HPOS="342" VPOS="855" WIDTH="1156" HEIGHT="35">
						<String ID="P164_ST00104" HPOS="342" VPOS="856" WIDTH="73" HEIGHT="26" CONTENT="than" WC="0.81" CC="0600"/>
						<SP ID="P164_SP00092" HPOS="415" VPOS="882" WIDTH="21"/>
						<String ID="P164_ST00105" HPOS="436" VPOS="856" WIDTH="51" HEIGHT="26" CONTENT="the" WC="0.81" CC="050"/>
						<SP ID="P164_SP00093" HPOS="487" VPOS="882" WIDTH="21"/>
						<String ID="P164_ST00106" HPOS="508" VPOS="855" WIDTH="128" HEIGHT="35" CONTENT="English" WC="0.73" CC="1302405"/>
						<SP ID="P164_SP00094" HPOS="636" VPOS="890" WIDTH="22"/>
						<String ID="P164_ST00107" HPOS="658" VPOS="864" WIDTH="104" HEIGHT="26" CONTENT="queen," WC="0.89" CC="020003"/>
						<SP ID="P164_SP00095" HPOS="762" VPOS="890" WIDTH="16"/>
						<String ID="P164_ST00108" HPOS="778" VPOS="855" WIDTH="68" HEIGHT="32" CONTENT="and," WC="1.00" CC="0000"/>
						<SP ID="P164_SP00096" HPOS="846" VPOS="890" WIDTH="16"/>
						<String ID="P164_ST00109" HPOS="862" VPOS="855" WIDTH="116" HEIGHT="32" CONTENT="indeed," WC="0.88" CC="0500002"/>
						<SP ID="P164_SP00097" HPOS="978" VPOS="890" WIDTH="21"/>
						<String ID="P164_ST00110" HPOS="999" VPOS="856" WIDTH="51" HEIGHT="25" CONTENT="the" WC="0.78" CC="060"/>
						<SP ID="P164_SP00098" HPOS="1050" VPOS="890" WIDTH="18"/>
						<String ID="P164_ST00111" HPOS="1068" VPOS="855" WIDTH="108" HEIGHT="27" CONTENT="former" WC="0.97" CC="001000"/>
						<SP ID="P164_SP00099" HPOS="1176" VPOS="890" WIDTH="19"/>
						<String ID="P164_ST00112" HPOS="1195" VPOS="859" WIDTH="79" HEIGHT="22" CONTENT="went" WC="0.92" CC="0011"/>
						<SP ID="P164_SP00100" HPOS="1274" VPOS="890" WIDTH="22"/>
						<String ID="P164_ST00113" HPOS="1296" VPOS="864" WIDTH="32" HEIGHT="18" CONTENT="so" WC="1.00" CC="00"/>
						<SP ID="P164_SP00101" HPOS="1328" VPOS="890" WIDTH="25"/>
						<String ID="P164_ST00114" HPOS="1353" VPOS="855" WIDTH="145" HEIGHT="35" CONTENT="seriously" WC="0.94" CC="000301000"/>
					</TextLine>
					<TextLine ID="P164_TL00014" HPOS="344" VPOS="905" WIDTH="1154" HEIGHT="35">
						<String ID="P164_ST00115" HPOS="344" VPOS="906" WIDTH="62" HEIGHT="26" CONTENT="into" WC="0.63" CC="4361"/>
						<SP ID="P164_SP00102" HPOS="406" VPOS="932" WIDTH="15"/>
						<String ID="P164_ST00116" HPOS="421" VPOS="906" WIDTH="50" HEIGHT="25" CONTENT="the" WC="0.71" CC="170"/>
						<SP ID="P164_SP00103" HPOS="471" VPOS="932" WIDTH="14"/>
						<String ID="P164_ST00117" HPOS="485" VPOS="905" WIDTH="201" HEIGHT="26" CONTENT="matrimonial" WC="0.97" CC="00000000300"/>
						<SP ID="P164_SP00104" HPOS="686" VPOS="932" WIDTH="18"/>
						<String ID="P164_ST00118" HPOS="704" VPOS="906" WIDTH="125" HEIGHT="31" CONTENT="market," WC="0.94" CC="4000000"/>
						<SP ID="P164_SP00105" HPOS="829" VPOS="937" WIDTH="16"/>
						<String ID="P164_ST00119" HPOS="845" VPOS="914" WIDTH="33" HEIGHT="17" CONTENT="as" WC="1.00" CC="00"/>
						<SP ID="P164_SP00106" HPOS="878" VPOS="937" WIDTH="14"/>
						<String ID="P164_ST00120" HPOS="892" VPOS="909" WIDTH="30" HEIGHT="22" CONTENT="to" WC="0.84" CC="30"/>
						<SP ID="P164_SP00107" HPOS="922" VPOS="937" WIDTH="14"/>
						<String ID="P164_ST00121" HPOS="936" VPOS="905" WIDTH="117" HEIGHT="26" CONTENT="consult" WC="0.82" CC="0016030"/>
						<SP ID="P164_SP00108" HPOS="1053" VPOS="937" WIDTH="21"/>
						<String ID="P164_ST00122" HPOS="1074" VPOS="906" WIDTH="50" HEIGHT="26" CONTENT="the" WC="0.79" CC="060"/>
						<SP ID="P164_SP00109" HPOS="1124" VPOS="937" WIDTH="18"/>
						<String ID="P164_ST00123" HPOS="1142" VPOS="906" WIDTH="90" HEIGHT="26" CONTENT="latter" WC="0.92" CC="040000"/>
						<SP ID="P164_SP00110" HPOS="1232" VPOS="937" WIDTH="21"/>
						<String ID="P164_ST00124" HPOS="1253" VPOS="914" WIDTH="38" HEIGHT="18" CONTENT="on" WC="0.82" CC="03"/>
						<SP ID="P164_SP00111" HPOS="1291" VPOS="937" WIDTH="21"/>
						<String ID="P164_ST00125" HPOS="1312" VPOS="905" WIDTH="50" HEIGHT="26" CONTENT="the" WC="0.75" CC="070"/>
						<SP ID="P164_SP00112" HPOS="1362" VPOS="937" WIDTH="21"/>
						<String ID="P164_ST00126" HPOS="1383" VPOS="905" WIDTH="115" HEIGHT="35" CONTENT="subject" WC="1.00" CC="0000000"/>
					</TextLine>
					<TextLine ID="P164_TL00015" HPOS="343" VPOS="955" WIDTH="1155" HEIGHT="36">
						<String ID="P164_ST00127" HPOS="343" VPOS="955" WIDTH="34" HEIGHT="27" CONTENT="of" WC="1.00" CC="00"/>
						<SP ID="P164_SP00113" HPOS="377" VPOS="982" WIDTH="9"/>
						<String ID="P164_ST00128" HPOS="386" VPOS="964" WIDTH="17" HEIGHT="17" CONTENT="a" WC="1.00" CC="0"/>
						<SP ID="P164_SP00114" HPOS="403" VPOS="982" WIDTH="12"/>
						<String ID="P164_ST00129" HPOS="415" VPOS="956" WIDTH="146" HEIGHT="34" CONTENT="judicious" WC="0.83" CC="020600060"/>
						<SP ID="P164_SP00115" HPOS="561" VPOS="990" WIDTH="16"/>
						<String ID="P164_ST00130" HPOS="577" VPOS="956" WIDTH="150" HEIGHT="26" CONTENT="selection." WC="0.93" CC="0050000000"/>
						<SP ID="P164_SP00116" HPOS="727" VPOS="990" WIDTH="40"/>
						<String ID="P164_ST00131" HPOS="767" VPOS="955" WIDTH="191" HEIGHT="36" CONTENT="Apparently" WC="0.89" CC="0000406000"/>
						<SP ID="P164_SP00117" HPOS="958" VPOS="991" WIDTH="12"/>
						<String ID="P164_ST00132" HPOS="970" VPOS="955" WIDTH="72" HEIGHT="27" CONTENT="with" WC="0.80" CC="0106"/>
						<SP ID="P164_SP00118" HPOS="1042" VPOS="991" WIDTH="17"/>
						<String ID="P164_ST00133" HPOS="1059" VPOS="956" WIDTH="50" HEIGHT="25" CONTENT="the" WC="0.79" CC="060"/>
						<SP ID="P164_SP00119" HPOS="1109" VPOS="991" WIDTH="21"/>
						<String ID="P164_ST00134" HPOS="1130" VPOS="956" WIDTH="149" HEIGHT="26" CONTENT="intention" WC="0.99" CC="000000000"/>
						<SP ID="P164_SP00120" HPOS="1279" VPOS="991" WIDTH="21"/>
						<String ID="P164_ST00135" HPOS="1300" VPOS="955" WIDTH="34" HEIGHT="27" CONTENT="of" WC="0.93" CC="10"/>
						<SP ID="P164_SP00121" HPOS="1334" VPOS="991" WIDTH="14"/>
						<String ID="P164_ST00136" HPOS="1348" VPOS="955" WIDTH="150" HEIGHT="35" CONTENT="throwing" WC="0.71" CC="07009130"/>
					</TextLine>
					<TextLine ID="P164_TL00016" HPOS="343" VPOS="1005" WIDTH="1154" HEIGHT="35">
						<String ID="P164_ST00137" HPOS="343" VPOS="1007" WIDTH="50" HEIGHT="25" CONTENT="the" WC="0.81" CC="050"/>
						<SP ID="P164_SP00122" HPOS="393" VPOS="1032" WIDTH="19"/>
						<String ID="P164_ST00138" HPOS="412" VPOS="1009" WIDTH="108" HEIGHT="22" CONTENT="matter" WC="0.96" CC="000002"/>
						<SP ID="P164_SP00123" HPOS="520" VPOS="1032" WIDTH="19"/>
						<String ID="P164_ST00139" HPOS="539" VPOS="1005" WIDTH="86" HEIGHT="32" CONTENT="back," WC="0.90" CC="20002"/>
						<SP ID="P164_SP00124" HPOS="625" VPOS="1037" WIDTH="21"/>
						<String ID="P164_ST00140" HPOS="646" VPOS="1005" WIDTH="156" HEIGHT="25" CONTENT="Elizabeth" WC="0.84" CC="400300006"/>
						<SP ID="P164_SP00125" HPOS="802" VPOS="1037" WIDTH="21"/>
						<String ID="P164_ST00141" HPOS="823" VPOS="1005" WIDTH="109" HEIGHT="26" CONTENT="offered" WC="0.94" CC="0000300"/>
						<SP ID="P164_SP00126" HPOS="932" VPOS="1037" WIDTH="20"/>
						<String ID="P164_ST00142" HPOS="952" VPOS="1005" WIDTH="53" HEIGHT="26" CONTENT="her" WC="0.79" CC="600"/>
						<SP ID="P164_SP00127" HPOS="1005" VPOS="1037" WIDTH="20"/>
						<String ID="P164_ST00143" HPOS="1025" VPOS="1013" WIDTH="66" HEIGHT="18" CONTENT="own" WC="1.00" CC="000"/>
						<SP ID="P164_SP00128" HPOS="1091" VPOS="1037" WIDTH="20"/>
						<String ID="P164_ST00144" HPOS="1111" VPOS="1005" WIDTH="154" HEIGHT="33" CONTENT="favourite," WC="0.88" CC="0000541000"/>
						<SP ID="P164_SP00129" HPOS="1265" VPOS="1038" WIDTH="15"/>
						<String ID="P164_ST00145" HPOS="1280" VPOS="1005" WIDTH="130" HEIGHT="35" CONTENT="Dudley," WC="0.94" CC="0002000"/>
						<SP ID="P164_SP00130" HPOS="1410" VPOS="1040" WIDTH="16"/>
						<String ID="P164_ST00146" HPOS="1426" VPOS="1005" WIDTH="71" HEIGHT="26" CONTENT="Earl" WC="0.92" CC="3000"/>
					</TextLine>
					<TextLine ID="P164_TL00017" HPOS="343" VPOS="1054" WIDTH="1153" HEIGHT="36">
						<String ID="P164_ST00147" HPOS="343" VPOS="1055" WIDTH="33" HEIGHT="26" CONTENT="of" WC="1.00" CC="00"/>
						<SP ID="P164_SP00131" HPOS="376" VPOS="1081" WIDTH="9"/>
						<String ID="P164_ST00148" HPOS="385" VPOS="1054" WIDTH="157" HEIGHT="33" CONTENT="Leicester," WC="0.96" CC="1000000020"/>
						<SP ID="P164_SP00132" HPOS="542" VPOS="1087" WIDTH="16"/>
						<String ID="P164_ST00149" HPOS="558" VPOS="1063" WIDTH="32" HEIGHT="17" CONTENT="as" WC="1.00" CC="00"/>
						<SP ID="P164_SP00133" HPOS="590" VPOS="1087" WIDTH="15"/>
						<String ID="P164_ST00150" HPOS="605" VPOS="1063" WIDTH="17" HEIGHT="17" CONTENT="a" WC="1.00" CC="0"/>
						<SP ID="P164_SP00134" HPOS="622" VPOS="1087" WIDTH="13"/>
						<String ID="P164_ST00151" HPOS="635" VPOS="1055" WIDTH="138" HEIGHT="25" CONTENT="husband" WC="0.79" CC="7402000"/>
						<SP ID="P164_SP00135" HPOS="773" VPOS="1087" WIDTH="14"/>
						<String ID="P164_ST00152" HPOS="787" VPOS="1054" WIDTH="44" HEIGHT="26" CONTENT="for" WC="0.99" CC="000"/>
						<SP ID="P164_SP00136" HPOS="831" VPOS="1087" WIDTH="13"/>
						<String ID="P164_ST00153" HPOS="844" VPOS="1055" WIDTH="89" HEIGHT="35" CONTENT="Mary" WC="1.00" CC="0000"/>
						<String ID="P164_ST00154" HPOS="944" VPOS="1065" WIDTH="5" HEIGHT="20" CONTENT=";" WC="0.42" CC="5"/>
						<SP ID="P164_SP00137" HPOS="949" VPOS="1090" WIDTH="22"/>
						<String ID="P164_ST00155" HPOS="971" VPOS="1055" WIDTH="54" HEIGHT="25" CONTENT="but" WC="0.87" CC="030"/>
						<SP ID="P164_SP00138" HPOS="1025" VPOS="1090" WIDTH="13"/>
						<String ID="P164_ST00156" HPOS="1038" VPOS="1062" WIDTH="38" HEIGHT="18" CONTENT="on" WC="0.97" CC="00"/>
						<SP ID="P164_SP00139" HPOS="1076" VPOS="1090" WIDTH="15"/>
						<String ID="P164_ST00157" HPOS="1091" VPOS="1055" WIDTH="49" HEIGHT="25" CONTENT="the" WC="0.81" CC="050"/>
						<SP ID="P164_SP00140" HPOS="1140" VPOS="1090" WIDTH="15"/>
						<String ID="P164_ST00158" HPOS="1155" VPOS="1055" WIDTH="97" HEIGHT="32" CONTENT="latter," WC="0.89" CC="0031030"/>
						<SP ID="P164_SP00141" HPOS="1252" VPOS="1090" WIDTH="16"/>
						<String ID="P164_ST00159" HPOS="1268" VPOS="1054" WIDTH="76" HEIGHT="26" CONTENT="after" WC="0.90" CC="01003"/>
						<SP ID="P164_SP00142" HPOS="1344" VPOS="1090" WIDTH="19"/>
						<String ID="P164_ST00160" HPOS="1363" VPOS="1062" WIDTH="133" HEIGHT="18" CONTENT="recover" SUBS_TYPE="HypPart1" SUBS_CONTENT="recovering" WC="0.86" CC="00006004"/>
						<HYP CONTENT="-"/>
					</TextLine>
					<TextLine ID="P164_TL00018" HPOS="343" VPOS="1103" WIDTH="1153" HEIGHT="36">
						<String ID="P164_ST00161" HPOS="343" VPOS="1104" WIDTH="53" HEIGHT="35" CONTENT="ing" SUBS_TYPE="HypPart2" SUBS_CONTENT="recovering" WC="0.61" CC="560"/>
						<SP ID="P164_SP00143" HPOS="396" VPOS="1139" WIDTH="13"/>
						<String ID="P164_ST00162" HPOS="409" VPOS="1103" WIDTH="74" HEIGHT="27" CONTENT="from" WC="1.00" CC="0000"/>
						<SP ID="P164_SP00144" HPOS="483" VPOS="1139" WIDTH="20"/>
						<String ID="P164_ST00163" HPOS="503" VPOS="1104" WIDTH="53" HEIGHT="25" CONTENT="her" WC="0.75" CC="700"/>
						<SP ID="P164_SP00145" HPOS="556" VPOS="1139" WIDTH="21"/>
						<String ID="P164_ST00164" HPOS="577" VPOS="1103" WIDTH="136" HEIGHT="35" CONTENT="surprise," WC="0.83" CC="053000004"/>
						<SP ID="P164_SP00146" HPOS="713" VPOS="1139" WIDTH="16"/>
						<String ID="P164_ST00165" HPOS="729" VPOS="1104" WIDTH="190" HEIGHT="34" CONTENT="exclaiming," WC="0.90" CC="00000600200"/>
						<SP ID="P164_SP00147" HPOS="919" VPOS="1139" WIDTH="17"/>
						<String ID="P164_ST00166" HPOS="936" VPOS="1103" WIDTH="115" HEIGHT="32" CONTENT='"Well,' WC="0.93" CC="300000"/>
						<SP ID="P164_SP00148" HPOS="1051" VPOS="1139" WIDTH="16"/>
						<String ID="P164_ST00167" HPOS="1067" VPOS="1103" WIDTH="13" HEIGHT="26" CONTENT="I" WC="1.00" CC="0"/>
						<SP ID="P164_SP00149" HPOS="1080" VPOS="1139" WIDTH="22"/>
						<String ID="P164_ST00168" HPOS="1102" VPOS="1104" WIDTH="82" HEIGHT="25" CONTENT="don't" WC="0.95" CC="00020"/>
						<SP ID="P164_SP00150" HPOS="1184" VPOS="1139" WIDTH="20"/>
						<String ID="P164_ST00169" HPOS="1204" VPOS="1103" WIDTH="113" HEIGHT="33" CONTENT='mind,"' WC="0.81" CC="005005"/>
						<SP ID="P164_SP00151" HPOS="1317" VPOS="1139" WIDTH="16"/>
						<String ID="P164_ST00170" HPOS="1333" VPOS="1104" WIDTH="50" HEIGHT="26" CONTENT="the" WC="0.80" CC="050"/>
						<SP ID="P164_SP00152" HPOS="1383" VPOS="1139" WIDTH="13"/>
						<String ID="P164_ST00171" HPOS="1396" VPOS="1104" WIDTH="100" HEIGHT="35" CONTENT="virgin" WC="0.79" CC="060005"/>
					</TextLine>
					<TextLine ID="P164_TL00019" HPOS="344" VPOS="1152" WIDTH="1151" HEIGHT="37">
						<String ID="P164_ST00172" HPOS="344" VPOS="1153" WIDTH="104" HEIGHT="35" CONTENT="Queen" WC="0.89" CC="00005"/>
						<SP ID="P164_SP00153" HPOS="448" VPOS="1188" WIDTH="21"/>
						<String ID="P164_ST00173" HPOS="469" VPOS="1153" WIDTH="33" HEIGHT="26" CONTENT="of" WC="1.00" CC="00"/>
						<SP ID="P164_SP00154" HPOS="502" VPOS="1188" WIDTH="19"/>
						<String ID="P164_ST00174" HPOS="521" VPOS="1154" WIDTH="150" HEIGHT="35" CONTENT="England," WC="0.93" CC="21000001"/>
						<SP ID="P164_SP00155" HPOS="671" VPOS="1189" WIDTH="22"/>
						<String ID="P164_ST00175" HPOS="693" VPOS="1154" WIDTH="143" HEIGHT="34" CONTENT="mentally" WC="0.84" CC="00400520"/>
						<SP ID="P164_SP00156" HPOS="836" VPOS="1189" WIDTH="19"/>
						<String ID="P164_ST00176" HPOS="855" VPOS="1153" WIDTH="192" HEIGHT="34" CONTENT="responding," WC="0.85" CC="10000600602"/>
						<SP ID="P164_SP00157" HPOS="1047" VPOS="1189" WIDTH="24"/>
						<String ID="P164_ST00177" HPOS="1071" VPOS="1156" WIDTH="16" HEIGHT="11" CONTENT='"' WC="1.00" CC="0"/>
						<SP ID="P164_SP00158" HPOS="1087" VPOS="1189" WIDTH="14"/>
						<String ID="P164_ST00178" HPOS="1101" VPOS="1152" WIDTH="47" HEIGHT="27" CONTENT="Oh" WC="0.67" CC="15"/>
						<SP ID="P164_SP00159" HPOS="1148" VPOS="1189" WIDTH="13"/>
						<String ID="P164_ST00179" HPOS="1161" VPOS="1153" WIDTH="4" HEIGHT="26" CONTENT="!" WC="1.00" CC="0"/>
						<SP ID="P164_SP00160" HPOS="1165" VPOS="1189" WIDTH="25"/>
						<String ID="P164_ST00180" HPOS="1190" VPOS="1162" WIDTH="54" HEIGHT="26" CONTENT="yes" WC="0.83" CC="500"/>
						<String ID="P164_ST00181" HPOS="1254" VPOS="1153" WIDTH="4" HEIGHT="26" CONTENT="!" WC="1.00" CC="0"/>
						<SP ID="P164_SP00161" HPOS="1258" VPOS="1189" WIDTH="23"/>
						<String ID="P164_ST00182" HPOS="1281" VPOS="1153" WIDTH="14" HEIGHT="26" CONTENT="I" WC="1.00" CC="0"/>
						<SP ID="P164_SP00162" HPOS="1295" VPOS="1189" WIDTH="25"/>
						<String ID="P164_ST00183" HPOS="1320" VPOS="1154" WIDTH="71" HEIGHT="26" CONTENT="dare" WC="1.00" CC="0000"/>
						<SP ID="P164_SP00163" HPOS="1391" VPOS="1189" WIDTH="21"/>
						<String ID="P164_ST00184" HPOS="1412" VPOS="1154" WIDTH="83" HEIGHT="35" CONTENT='say,"' WC="0.76" CC="50006"/>
					</TextLine>
					<TextLine ID="P164_TL00020" HPOS="343" VPOS="1201" WIDTH="1154" HEIGHT="36">
						<String ID="P164_ST00185" HPOS="343" VPOS="1203" WIDTH="115" HEIGHT="25" CONTENT="backed" WC="1.00" CC="000000"/>
						<SP ID="P164_SP00164" HPOS="458" VPOS="1228" WIDTH="20"/>
						<String ID="P164_ST00186" HPOS="478" VPOS="1207" WIDTH="51" HEIGHT="22" CONTENT="out" WC="0.79" CC="060"/>
						<SP ID="P164_SP00165" HPOS="529" VPOS="1229" WIDTH="21"/>
						<String ID="P164_ST00187" HPOS="550" VPOS="1202" WIDTH="33" HEIGHT="27" CONTENT="of" WC="0.84" CC="03"/>
						<SP ID="P164_SP00166" HPOS="583" VPOS="1229" WIDTH="16"/>
						<String ID="P164_ST00188" HPOS="599" VPOS="1203" WIDTH="53" HEIGHT="25" CONTENT="her" WC="0.72" CC="403"/>
						<SP ID="P164_SP00167" HPOS="652" VPOS="1229" WIDTH="19"/>
						<String ID="P164_ST00189" HPOS="671" VPOS="1202" WIDTH="193" HEIGHT="35" CONTENT="proposition." WC="0.92" CC="050000202000"/>
						<SP ID="P164_SP00168" HPOS="864" VPOS="1237" WIDTH="39"/>
						<String ID="P164_ST00190" HPOS="903" VPOS="1202" WIDTH="64" HEIGHT="26" CONTENT="The" WC="0.87" CC="030"/>
						<SP ID="P164_SP00169" HPOS="967" VPOS="1237" WIDTH="23"/>
						<String ID="P164_ST00191" HPOS="990" VPOS="1202" WIDTH="71" HEIGHT="26" CONTENT="Earl" WC="0.99" CC="0000"/>
						<SP ID="P164_SP00170" HPOS="1061" VPOS="1237" WIDTH="24"/>
						<String ID="P164_ST00192" HPOS="1085" VPOS="1201" WIDTH="33" HEIGHT="27" CONTENT="of" WC="0.94" CC="01"/>
						<SP ID="P164_SP00171" HPOS="1118" VPOS="1237" WIDTH="16"/>
						<String ID="P164_ST00193" HPOS="1134" VPOS="1202" WIDTH="150" HEIGHT="26" CONTENT="Leicester" WC="0.92" CC="102000003"/>
						<SP ID="P164_SP00172" HPOS="1284" VPOS="1237" WIDTH="20"/>
						<String ID="P164_ST00194" HPOS="1304" VPOS="1212" WIDTH="63" HEIGHT="16" CONTENT="was" WC="1.00" CC="000"/>
						<SP ID="P164_SP00173" HPOS="1367" VPOS="1237" WIDTH="22"/>
						<String ID="P164_ST00195" HPOS="1389" VPOS="1212" WIDTH="56" HEIGHT="17" CONTENT="one" WC="0.82" CC="050"/>
						<SP ID="P164_SP00174" HPOS="1445" VPOS="1237" WIDTH="22"/>
						<String ID="P164_ST00196" HPOS="1467" VPOS="1209" WIDTH="30" HEIGHT="20" CONTENT="ot" WC="0.64" CC="07"/>
					</TextLine>
					<TextLine ID="P164_TL00021" HPOS="344" VPOS="1251" WIDTH="1153" HEIGHT="38">
						<String ID="P164_ST00197" HPOS="344" VPOS="1252" WIDTH="85" HEIGHT="26" CONTENT="those" WC="0.86" CC="06000"/>
						<SP ID="P164_SP00175" HPOS="429" VPOS="1278" WIDTH="18"/>
						<String ID="P164_ST00198" HPOS="447" VPOS="1252" WIDTH="219" HEIGHT="35" CONTENT="good-looking" WC="0.84" CC="900021000050"/>
						<SP ID="P164_SP00176" HPOS="666" VPOS="1287" WIDTH="16"/>
						<String ID="P164_ST00199" HPOS="682" VPOS="1261" WIDTH="117" HEIGHT="25" CONTENT="scamps" WC="1.00" CC="000000"/>
						<SP ID="P164_SP00177" HPOS="799" VPOS="1287" WIDTH="14"/>
						<String ID="P164_ST00200" HPOS="813" VPOS="1251" WIDTH="66" HEIGHT="27" CONTENT="who" WC="0.83" CC="040"/>
						<SP ID="P164_SP00178" HPOS="879" VPOS="1287" WIDTH="20"/>
						<String ID="P164_ST00201" HPOS="899" VPOS="1251" WIDTH="82" HEIGHT="32" CONTENT="used," WC="0.91" CC="10003"/>
						<SP ID="P164_SP00179" HPOS="981" VPOS="1287" WIDTH="16"/>
						<String ID="P164_ST00202" HPOS="997" VPOS="1251" WIDTH="30" HEIGHT="26" CONTENT="in" WC="0.81" CC="30"/>
						<SP ID="P164_SP00180" HPOS="1027" VPOS="1287" WIDTH="20"/>
						<String ID="P164_ST00203" HPOS="1047" VPOS="1251" WIDTH="50" HEIGHT="27" CONTENT="the" WC="0.84" CC="040"/>
						<SP ID="P164_SP00181" HPOS="1097" VPOS="1287" WIDTH="21"/>
						<String ID="P164_ST00204" HPOS="1118" VPOS="1251" WIDTH="59" HEIGHT="27" CONTENT="last" WC="1.00" CC="0000"/>
						<SP ID="P164_SP00182" HPOS="1177" VPOS="1287" WIDTH="20"/>
						<String ID="P164_ST00205" HPOS="1197" VPOS="1256" WIDTH="132" HEIGHT="32" CONTENT="century," WC="0.79" CC="00004083"/>
						<SP ID="P164_SP00183" HPOS="1329" VPOS="1288" WIDTH="16"/>
						<String ID="P164_ST00206" HPOS="1345" VPOS="1256" WIDTH="31" HEIGHT="22" CONTENT="to" WC="1.00" CC="00"/>
						<SP ID="P164_SP00184" HPOS="1376" VPOS="1288" WIDTH="20"/>
						<String ID="P164_ST00207" HPOS="1396" VPOS="1261" WIDTH="40" HEIGHT="27" CONTENT="go" WC="1.00" CC="00"/>
						<SP ID="P164_SP00185" HPOS="1436" VPOS="1288" WIDTH="19"/>
						<String ID="P164_ST00208" HPOS="1455" VPOS="1254" WIDTH="42" HEIGHT="35" CONTENT="by" WC="1.00" CC="00"/>
					</TextLine>
					<TextLine ID="P164_TL00022" HPOS="344" VPOS="1301" WIDTH="1150" HEIGHT="36">
						<String ID="P164_ST00209" HPOS="344" VPOS="1302" WIDTH="50" HEIGHT="25" CONTENT="the" WC="0.81" CC="050"/>
						<SP ID="P164_SP00186" HPOS="394" VPOS="1327" WIDTH="14"/>
						<String ID="P164_ST00210" HPOS="408" VPOS="1310" WIDTH="87" HEIGHT="18" CONTENT="name" WC="0.88" CC="4000"/>
						<SP ID="P164_SP00187" HPOS="495" VPOS="1328" WIDTH="15"/>
						<String ID="P164_ST00211" HPOS="510" VPOS="1301" WIDTH="32" HEIGHT="26" CONTENT="of" WC="1.00" CC="00"/>
						<SP ID="P164_SP00188" HPOS="542" VPOS="1328" WIDTH="11"/>
						<String ID="P164_ST00212" HPOS="553" VPOS="1305" WIDTH="16" HEIGHT="11" CONTENT='"' WC="0.86" CC="1"/>
						<SP ID="P164_SP00189" HPOS="569" VPOS="1328" WIDTH="10"/>
						<String ID="P164_ST00213" HPOS="579" VPOS="1305" WIDTH="98" HEIGHT="31" CONTENT="pretty" WC="0.93" CC="000040"/>
						<SP ID="P164_SP00190" HPOS="677" VPOS="1336" WIDTH="14"/>
						<String ID="P164_ST00214" HPOS="691" VPOS="1301" WIDTH="140" HEIGHT="32" CONTENT='fellows,"' WC="0.88" CC="000000045"/>
						<SP ID="P164_SP00191" HPOS="831" VPOS="1336" WIDTH="16"/>
						<String ID="P164_ST00215" HPOS="847" VPOS="1301" WIDTH="52" HEIGHT="26" CONTENT="but" WC="0.92" CC="020"/>
						<SP ID="P164_SP00192" HPOS="899" VPOS="1336" WIDTH="15"/>
						<String ID="P164_ST00216" HPOS="914" VPOS="1301" WIDTH="29" HEIGHT="26" CONTENT="in" WC="1.00" CC="00"/>
						<SP ID="P164_SP00193" HPOS="943" VPOS="1336" WIDTH="15"/>
						<String ID="P164_ST00217" HPOS="958" VPOS="1310" WIDTH="53" HEIGHT="17" CONTENT="our" WC="0.92" CC="010"/>
						<SP ID="P164_SP00194" HPOS="1011" VPOS="1336" WIDTH="20"/>
						<String ID="P164_ST00218" HPOS="1031" VPOS="1310" WIDTH="65" HEIGHT="17" CONTENT="own" WC="1.00" CC="000"/>
						<SP ID="P164_SP00195" HPOS="1096" VPOS="1336" WIDTH="22"/>
						<String ID="P164_ST00219" HPOS="1118" VPOS="1310" WIDTH="80" HEIGHT="18" CONTENT="more" WC="1.00" CC="0000"/>
						<SP ID="P164_SP00196" HPOS="1198" VPOS="1336" WIDTH="21"/>
						<String ID="P164_ST00220" HPOS="1219" VPOS="1301" WIDTH="194" HEIGHT="36" CONTENT="enlightened" WC="0.89" CC="00050500000"/>
						<SP ID="P164_SP00197" HPOS="1413" VPOS="1337" WIDTH="15"/>
						<String ID="P164_ST00221" HPOS="1428" VPOS="1311" WIDTH="66" HEIGHT="26" CONTENT="age," WC="1.00" CC="0000"/>
					</TextLine>
					<TextLine ID="P164_TL00023" HPOS="344" VPOS="1350" WIDTH="1152" HEIGHT="36">
						<String ID="P164_ST00222" HPOS="344" VPOS="1351" WIDTH="98" HEIGHT="26" CONTENT="would" WC="0.98" CC="00010"/>
						<SP ID="P164_SP00198" HPOS="442" VPOS="1377" WIDTH="15"/>
						<String ID="P164_ST00223" HPOS="457" VPOS="1350" WIDTH="102" HEIGHT="26" CONTENT="obtain" WC="0.86" CC="040021"/>
						<SP ID="P164_SP00199" HPOS="559" VPOS="1377" WIDTH="19"/>
						<String ID="P164_ST00224" HPOS="578" VPOS="1359" WIDTH="38" HEIGHT="17" CONTENT="no" WC="1.00" CC="00"/>
						<SP ID="P164_SP00200" HPOS="616" VPOS="1377" WIDTH="21"/>
						<String ID="P164_ST00225" HPOS="637" VPOS="1350" WIDTH="116" HEIGHT="35" CONTENT="gentler" WC="0.93" CC="0002002"/>
						<SP ID="P164_SP00201" HPOS="753" VPOS="1385" WIDTH="14"/>
						<String ID="P164_ST00226" HPOS="767" VPOS="1350" WIDTH="183" HEIGHT="34" CONTENT="appellation" WC="0.87" CC="00000004702"/>
						<SP ID="P164_SP00202" HPOS="950" VPOS="1385" WIDTH="14"/>
						<String ID="P164_ST00227" HPOS="964" VPOS="1350" WIDTH="72" HEIGHT="26" CONTENT="than" WC="0.80" CC="0700"/>
						<SP ID="P164_SP00203" HPOS="1036" VPOS="1385" WIDTH="16"/>
						<String ID="P164_ST00228" HPOS="1052" VPOS="1352" WIDTH="17" HEIGHT="12" CONTENT='"' WC="0.68" CC="3"/>
						<SP ID="P164_SP00204" HPOS="1069" VPOS="1385" WIDTH="11"/>
						<String ID="P164_ST00229" HPOS="1080" VPOS="1355" WIDTH="99" HEIGHT="31" CONTENT="pretty" WC="1.00" CC="000000"/>
						<SP ID="P164_SP00205" HPOS="1179" VPOS="1386" WIDTH="14"/>
						<String ID="P164_ST00230" HPOS="1193" VPOS="1352" WIDTH="201" HEIGHT="25" CONTENT='scoundrels."' WC="0.93" CC="000000002005"/>
						<SP ID="P164_SP00206" HPOS="1394" VPOS="1386" WIDTH="38"/>
						<String ID="P164_ST00231" HPOS="1432" VPOS="1352" WIDTH="64" HEIGHT="26" CONTENT="The" WC="0.89" CC="030"/>
					</TextLine>
					<TextLine ID="P164_TL00024" HPOS="345" VPOS="1399" WIDTH="1150" HEIGHT="29">
						<String ID="P164_ST00232" HPOS="345" VPOS="1399" WIDTH="133" HEIGHT="27" CONTENT="virtuous" WC="0.83" CC="00033050"/>
						<SP ID="P164_SP00207" HPOS="478" VPOS="1426" WIDTH="18"/>
						<String ID="P164_ST00233" HPOS="496" VPOS="1399" WIDTH="157" HEIGHT="27" CONTENT="Elizabeth" WC="0.86" CC="505000000"/>
						<SP ID="P164_SP00208" HPOS="653" VPOS="1426" WIDTH="19"/>
						<String ID="P164_ST00234" HPOS="672" VPOS="1399" WIDTH="81" HEIGHT="27" CONTENT="liked" WC="0.86" CC="33000"/>
						<SP ID="P164_SP00209" HPOS="753" VPOS="1426" WIDTH="20"/>
						<String ID="P164_ST00235" HPOS="773" VPOS="1404" WIDTH="30" HEIGHT="22" CONTENT="to" WC="1.00" CC="00"/>
						<SP ID="P164_SP00210" HPOS="803" VPOS="1426" WIDTH="22"/>
						<String ID="P164_ST00236" HPOS="825" VPOS="1399" WIDTH="75" HEIGHT="27" CONTENT="have" WC="0.87" CC="5000"/>
						<SP ID="P164_SP00211" HPOS="900" VPOS="1426" WIDTH="21"/>
						<String ID="P164_ST00237" HPOS="921" VPOS="1399" WIDTH="61" HEIGHT="26" CONTENT="him" WC="0.68" CC="630"/>
						<SP ID="P164_SP00212" HPOS="982" VPOS="1426" WIDTH="22"/>
						<String ID="P164_ST00238" HPOS="1004" VPOS="1399" WIDTH="91" HEIGHT="27" CONTENT="about" WC="0.82" CC="04040"/>
						<SP ID="P164_SP00213" HPOS="1095" VPOS="1426" WIDTH="21"/>
						<String ID="P164_ST00239" HPOS="1116" VPOS="1400" WIDTH="52" HEIGHT="26" CONTENT="her" WC="0.70" CC="314"/>
						<SP ID="P164_SP00214" HPOS="1168" VPOS="1426" WIDTH="22"/>
						<String ID="P164_ST00240" HPOS="1190" VPOS="1410" WIDTH="39" HEIGHT="17" CONTENT="on" WC="1.00" CC="00"/>
						<SP ID="P164_SP00215" HPOS="1229" VPOS="1427" WIDTH="23"/>
						<String ID="P164_ST00241" HPOS="1252" VPOS="1405" WIDTH="126" HEIGHT="22" CONTENT="account" WC="1.00" CC="0000000"/>
						<SP ID="P164_SP00216" HPOS="1378" VPOS="1427" WIDTH="22"/>
						<String ID="P164_ST00242" HPOS="1400" VPOS="1401" WIDTH="32" HEIGHT="26" CONTENT="of" WC="1.00" CC="00"/>
						<SP ID="P164_SP00217" HPOS="1432" VPOS="1427" WIDTH="17"/>
						<String ID="P164_ST00243" HPOS="1449" VPOS="1402" WIDTH="46" HEIGHT="26" CONTENT="his" WC="0.75" CC="402"/>
					</TextLine>
					<TextLine ID="P164_TL00025" HPOS="343" VPOS="1449" WIDTH="1151" HEIGHT="35">
						<String ID="P164_ST00244" HPOS="343" VPOS="1449" WIDTH="79" HEIGHT="35" CONTENT="good" WC="1.00" CC="0000"/>
						<SP ID="P164_SP00218" HPOS="422" VPOS="1484" WIDTH="13"/>
						<String ID="P164_ST00245" HPOS="435" VPOS="1449" WIDTH="94" HEIGHT="32" CONTENT="looks," WC="0.84" CC="200600"/>
						<SP ID="P164_SP00219" HPOS="529" VPOS="1484" WIDTH="15"/>
						<String ID="P164_ST00246" HPOS="544" VPOS="1449" WIDTH="53" HEIGHT="26" CONTENT="but" WC="0.84" CC="040"/>
						<SP ID="P164_SP00220" HPOS="597" VPOS="1484" WIDTH="14"/>
						<String ID="P164_ST00247" HPOS="611" VPOS="1449" WIDTH="24" HEIGHT="25" CONTENT="if" WC="0.85" CC="02"/>
						<SP ID="P164_SP00221" HPOS="635" VPOS="1484" WIDTH="15"/>
						<String ID="P164_ST00248" HPOS="650" VPOS="1449" WIDTH="50" HEIGHT="26" CONTENT="the" WC="0.80" CC="050"/>
						<SP ID="P164_SP00222" HPOS="700" VPOS="1484" WIDTH="18"/>
						<String ID="P164_ST00249" HPOS="718" VPOS="1449" WIDTH="119" HEIGHT="34" CONTENT="homely" WC="0.83" CC="600030"/>
						<SP ID="P164_SP00223" HPOS="837" VPOS="1484" WIDTH="14"/>
						<String ID="P164_ST00250" HPOS="851" VPOS="1449" WIDTH="135" HEIGHT="33" CONTENT="proverb," WC="0.99" CC="00000000"/>
						<SP ID="P164_SP00224" HPOS="986" VPOS="1484" WIDTH="16"/>
						<String ID="P164_ST00251" HPOS="1002" VPOS="1449" WIDTH="65" HEIGHT="27" CONTENT="that" WC="0.85" CC="0500"/>
						<SP ID="P164_SP00225" HPOS="1067" VPOS="1484" WIDTH="21"/>
						<String ID="P164_ST00252" HPOS="1088" VPOS="1452" WIDTH="16" HEIGHT="12" CONTENT='"' WC="1.00" CC="0"/>
						<SP ID="P164_SP00226" HPOS="1104" VPOS="1484" WIDTH="9"/>
						<String ID="P164_ST00253" HPOS="1113" VPOS="1449" WIDTH="166" HEIGHT="28" CONTENT="handsome" WC="0.92" CC="60000000"/>
						<SP ID="P164_SP00227" HPOS="1279" VPOS="1484" WIDTH="21"/>
						<String ID="P164_ST00254" HPOS="1300" VPOS="1450" WIDTH="25" HEIGHT="27" CONTENT="is" WC="0.70" CC="50"/>
						<SP ID="P164_SP00228" HPOS="1325" VPOS="1484" WIDTH="20"/>
						<String ID="P164_ST00255" HPOS="1345" VPOS="1460" WIDTH="33" HEIGHT="17" CONTENT="as" WC="1.00" CC="00"/>
						<SP ID="P164_SP00229" HPOS="1378" VPOS="1484" WIDTH="21"/>
						<String ID="P164_ST00256" HPOS="1399" VPOS="1451" WIDTH="95" HEIGHT="26" CONTENT="hand" SUBS_TYPE="HypPart1" SUBS_CONTENT="handsome" WC="0.88" CC="10004"/>
						<HYP CONTENT="-"/>
					</TextLine>
					<TextLine ID="P164_TL00026" HPOS="344" VPOS="1499" WIDTH="1151" HEIGHT="36">
						<String ID="P164_ST00257" HPOS="344" VPOS="1508" WIDTH="81" HEIGHT="18" CONTENT="some" SUBS_TYPE="HypPart2" SUBS_CONTENT="handsome" WC="1.00" CC="0000"/>
						<SP ID="P164_SP00230" HPOS="425" VPOS="1526" WIDTH="18"/>
						<String ID="P164_ST00258" HPOS="443" VPOS="1499" WIDTH="99" HEIGHT="33" CONTENT='does,"' WC="0.89" CC="000006"/>
						<SP ID="P164_SP00231" HPOS="542" VPOS="1532" WIDTH="24"/>
						<String ID="P164_ST00259" HPOS="566" VPOS="1499" WIDTH="61" HEIGHT="26" CONTENT="had" WC="0.88" CC="300"/>
						<SP ID="P164_SP00232" HPOS="627" VPOS="1532" WIDTH="22"/>
						<String ID="P164_ST00260" HPOS="649" VPOS="1499" WIDTH="160" HEIGHT="34" CONTENT="prevailed," WC="0.91" CC="0300020003"/>
						<SP ID="P164_SP00233" HPOS="809" VPOS="1533" WIDTH="20"/>
						<String ID="P164_ST00261" HPOS="829" VPOS="1499" WIDTH="37" HEIGHT="26" CONTENT="he" WC="0.72" CC="50"/>
						<SP ID="P164_SP00234" HPOS="866" VPOS="1533" WIDTH="21"/>
						<String ID="P164_ST00262" HPOS="887" VPOS="1499" WIDTH="99" HEIGHT="26" CONTENT="would" WC="0.93" CC="00300"/>
						<SP ID="P164_SP00235" HPOS="986" VPOS="1533" WIDTH="21"/>
						<String ID="P164_ST00263" HPOS="1007" VPOS="1499" WIDTH="76" HEIGHT="27" CONTENT="have" WC="0.84" CC="6000"/>
						<SP ID="P164_SP00236" HPOS="1083" VPOS="1533" WIDTH="26"/>
						<String ID="P164_ST00264" HPOS="1109" VPOS="1500" WIDTH="76" HEIGHT="26" CONTENT="been" WC="1.00" CC="0000"/>
						<SP ID="P164_SP00237" HPOS="1185" VPOS="1533" WIDTH="24"/>
						<String ID="P164_ST00265" HPOS="1209" VPOS="1500" WIDTH="130" HEIGHT="35" CONTENT="thought" WC="0.78" CC="0601070"/>
						<SP ID="P164_SP00238" HPOS="1339" VPOS="1535" WIDTH="23"/>
						<String ID="P164_ST00266" HPOS="1362" VPOS="1510" WIDTH="33" HEIGHT="17" CONTENT="as" WC="1.00" CC="00"/>
						<SP ID="P164_SP00239" HPOS="1395" VPOS="1535" WIDTH="23"/>
						<String ID="P164_ST00267" HPOS="1418" VPOS="1502" WIDTH="77" HEIGHT="26" CONTENT="little" WC="0.88" CC="007000"/>
					</TextLine>
					<TextLine ID="P164_TL00027" HPOS="344" VPOS="1548" WIDTH="1150" HEIGHT="35">
						<String ID="P164_ST00268" HPOS="344" VPOS="1549" WIDTH="185" HEIGHT="27" CONTENT="ornamental" WC="0.97" CC="0020000000"/>
						<SP ID="P164_SP00240" HPOS="529" VPOS="1576" WIDTH="24"/>
						<String ID="P164_ST00269" HPOS="553" VPOS="1548" WIDTH="30" HEIGHT="27" CONTENT="in" WC="0.79" CC="04"/>
						<SP ID="P164_SP00241" HPOS="583" VPOS="1576" WIDTH="21"/>
						<String ID="P164_ST00270" HPOS="604" VPOS="1557" WIDTH="117" HEIGHT="26" CONTENT="person," WC="0.92" CC="0010004"/>
						<SP ID="P164_SP00242" HPOS="721" VPOS="1583" WIDTH="25"/>
						<String ID="P164_ST00271" HPOS="746" VPOS="1557" WIDTH="33" HEIGHT="18" CONTENT="as" WC="1.00" CC="00"/>
						<SP ID="P164_SP00243" HPOS="779" VPOS="1583" WIDTH="22"/>
						<String ID="P164_ST00272" HPOS="801" VPOS="1548" WIDTH="30" HEIGHT="26" CONTENT="in" WC="0.91" CC="10"/>
						<SP ID="P164_SP00244" HPOS="831" VPOS="1583" WIDTH="27"/>
						<String ID="P164_ST00273" HPOS="858" VPOS="1548" WIDTH="82" HEIGHT="27" CONTENT="mind" WC="0.91" CC="0120"/>
						<SP ID="P164_SP00245" HPOS="940" VPOS="1583" WIDTH="20"/>
						<String ID="P164_ST00274" HPOS="960" VPOS="1549" WIDTH="38" HEIGHT="26" CONTENT="he" WC="0.64" CC="70"/>
						<SP ID="P164_SP00246" HPOS="998" VPOS="1583" WIDTH="23"/>
						<String ID="P164_ST00275" HPOS="1021" VPOS="1558" WIDTH="61" HEIGHT="18" CONTENT="was" WC="1.00" CC="000"/>
						<SP ID="P164_SP00247" HPOS="1082" VPOS="1583" WIDTH="23"/>
						<String ID="P164_ST00276" HPOS="1105" VPOS="1549" WIDTH="151" HEIGHT="27" CONTENT="deformed" WC="1.00" CC="00000000"/>
						<SP ID="P164_SP00248" HPOS="1256" VPOS="1583" WIDTH="23"/>
						<String ID="P164_ST00277" HPOS="1279" VPOS="1551" WIDTH="59" HEIGHT="25" CONTENT="and" WC="0.89" CC="030"/>
						<SP ID="P164_SP00249" HPOS="1338" VPOS="1583" WIDTH="22"/>
						<String ID="P164_ST00278" HPOS="1360" VPOS="1551" WIDTH="134" HEIGHT="26" CONTENT="hideous." WC="0.88" CC="53000000"/>
					</TextLine>
					<TextLine ID="P164_TL00028" HPOS="341" VPOS="1598" WIDTH="1153" HEIGHT="38">
						<String ID="P164_ST00279" HPOS="341" VPOS="1598" WIDTH="279" HEIGHT="35" CONTENT="Notwithstanding" WC="0.87" CC="003021300030040"/>
						<SP ID="P164_SP00250" HPOS="620" VPOS="1633" WIDTH="12"/>
						<String ID="P164_ST00280" HPOS="632" VPOS="1598" WIDTH="51" HEIGHT="27" CONTENT="the" WC="0.81" CC="050"/>
						<SP ID="P164_SP00251" HPOS="683" VPOS="1633" WIDTH="14"/>
						<String ID="P164_ST00281" HPOS="697" VPOS="1603" WIDTH="118" HEIGHT="29" CONTENT="pattern" WC="0.97" CC="0000020"/>
						<SP ID="P164_SP00252" HPOS="815" VPOS="1633" WIDTH="19"/>
						<String ID="P164_ST00282" HPOS="834" VPOS="1598" WIDTH="32" HEIGHT="26" CONTENT="of" WC="1.00" CC="00"/>
						<SP ID="P164_SP00253" HPOS="866" VPOS="1633" WIDTH="9"/>
						<String ID="P164_ST00283" HPOS="875" VPOS="1598" WIDTH="154" HEIGHT="36" CONTENT="propriety" WC="0.94" CC="010020000"/>
						<SP ID="P164_SP00254" HPOS="1029" VPOS="1634" WIDTH="13"/>
						<String ID="P164_ST00284" HPOS="1042" VPOS="1608" WIDTH="32" HEIGHT="18" CONTENT="as" WC="1.00" CC="00"/>
						<SP ID="P164_SP00255" HPOS="1074" VPOS="1634" WIDTH="15"/>
						<String ID="P164_ST00285" HPOS="1089" VPOS="1599" WIDTH="97" HEIGHT="27" CONTENT="which" WC="0.68" CC="06306"/>
						<SP ID="P164_SP00256" HPOS="1186" VPOS="1634" WIDTH="20"/>
						<String ID="P164_ST00286" HPOS="1206" VPOS="1600" WIDTH="50" HEIGHT="26" CONTENT="the" WC="0.75" CC="070"/>
						<SP ID="P164_SP00257" HPOS="1256" VPOS="1634" WIDTH="14"/>
						<String ID="P164_ST00287" HPOS="1270" VPOS="1600" WIDTH="99" HEIGHT="36" CONTENT="virgin" WC="0.85" CC="021030"/>
						<SP ID="P164_SP00258" HPOS="1369" VPOS="1636" WIDTH="22"/>
						<String ID="P164_ST00288" HPOS="1391" VPOS="1600" WIDTH="103" HEIGHT="35" CONTENT="Queen" WC="0.87" CC="05000"/>
					</TextLine>
					<TextLine ID="P164_TL00029" HPOS="341" VPOS="1648" WIDTH="1153" HEIGHT="38">
						<String ID="P164_ST00289" HPOS="341" VPOS="1648" WIDTH="34" HEIGHT="27" CONTENT="of" WC="0.98" CC="00"/>
						<SP ID="P164_SP00259" HPOS="375" VPOS="1675" WIDTH="16"/>
						<String ID="P164_ST00290" HPOS="391" VPOS="1648" WIDTH="142" HEIGHT="34" CONTENT="England" WC="0.93" CC="2000020"/>
						<SP ID="P164_SP00260" HPOS="533" VPOS="1682" WIDTH="22"/>
						<String ID="P164_ST00291" HPOS="555" VPOS="1648" WIDTH="55" HEIGHT="26" CONTENT="has" WC="0.96" CC="100"/>
						<SP ID="P164_SP00261" HPOS="610" VPOS="1682" WIDTH="22"/>
						<String ID="P164_ST00292" HPOS="632" VPOS="1648" WIDTH="85" HEIGHT="32" CONTENT="been," WC="0.79" CC="50004"/>
						<SP ID="P164_SP00262" HPOS="717" VPOS="1682" WIDTH="23"/>
						<String ID="P164_ST00293" HPOS="740" VPOS="1648" WIDTH="40" HEIGHT="34" CONTENT="by" WC="1.00" CC="00"/>
						<SP ID="P164_SP00263" HPOS="780" VPOS="1682" WIDTH="24"/>
						<String ID="P164_ST00294" HPOS="804" VPOS="1657" WIDTH="81" HEIGHT="17" CONTENT="some" WC="0.95" CC="0002"/>
						<SP ID="P164_SP00264" HPOS="885" VPOS="1682" WIDTH="25"/>
						<String ID="P164_ST00295" HPOS="910" VPOS="1648" WIDTH="172" HEIGHT="33" CONTENT="historians," WC="0.87" CC="62000200002"/>
						<SP ID="P164_SP00265" HPOS="1082" VPOS="1682" WIDTH="23"/>
						<String ID="P164_ST00296" HPOS="1105" VPOS="1650" WIDTH="140" HEIGHT="32" CONTENT="extolled," WC="0.94" CC="002000003"/>
						<SP ID="P164_SP00266" HPOS="1245" VPOS="1682" WIDTH="22"/>
						<String ID="P164_ST00297" HPOS="1267" VPOS="1651" WIDTH="54" HEIGHT="26" CONTENT="she" WC="0.76" CC="070"/>
						<SP ID="P164_SP00267" HPOS="1321" VPOS="1682" WIDTH="23"/>
						<String ID="P164_ST00298" HPOS="1344" VPOS="1660" WIDTH="77" HEIGHT="26" CONTENT="gave" WC="1.00" CC="0000"/>
						<SP ID="P164_SP00268" HPOS="1421" VPOS="1686" WIDTH="24"/>
						<String ID="P164_ST00299" HPOS="1445" VPOS="1660" WIDTH="49" HEIGHT="18" CONTENT="en" SUBS_TYPE="HypPart1" SUBS_CONTENT="encouragement" WC="0.98" CC="000"/>
						<HYP CONTENT="-"/>
					</TextLine>
					<TextLine ID="P164_TL00030" HPOS="341" VPOS="1697" WIDTH="1152" HEIGHT="39">
						<String ID="P164_ST00300" HPOS="341" VPOS="1702" WIDTH="211" HEIGHT="30" CONTENT="couragement" SUBS_TYPE="HypPart2" SUBS_CONTENT="encouragement" WC="0.95" CC="00500000000"/>
						<SP ID="P164_SP00269" HPOS="552" VPOS="1732" WIDTH="21"/>
						<String ID="P164_ST00301" HPOS="573" VPOS="1702" WIDTH="31" HEIGHT="21" CONTENT="to" WC="1.00" CC="00"/>
						<SP ID="P164_SP00270" HPOS="604" VPOS="1732" WIDTH="23"/>
						<String ID="P164_ST00302" HPOS="627" VPOS="1697" WIDTH="156" HEIGHT="33" CONTENT="Leicester," WC="0.95" CC="1010000001"/>
						<SP ID="P164_SP00271" HPOS="783" VPOS="1732" WIDTH="27"/>
						<String ID="P164_ST00303" HPOS="810" VPOS="1698" WIDTH="99" HEIGHT="26" CONTENT="whom" WC="0.58" CC="9600"/>
						<SP ID="P164_SP00272" HPOS="909" VPOS="1732" WIDTH="22"/>
						<String ID="P164_ST00304" HPOS="931" VPOS="1698" WIDTH="52" HEIGHT="27" CONTENT="she" WC="0.79" CC="060"/>
						<SP ID="P164_SP00273" HPOS="983" VPOS="1732" WIDTH="18"/>
						<String ID="P164_ST00305" HPOS="1001" VPOS="1698" WIDTH="88" HEIGHT="27" CONTENT="knew" WC="1.00" CC="0000"/>
						<SP ID="P164_SP00274" HPOS="1089" VPOS="1732" WIDTH="23"/>
						<String ID="P164_ST00306" HPOS="1112" VPOS="1703" WIDTH="29" HEIGHT="22" CONTENT="to" WC="1.00" CC="00"/>
						<SP ID="P164_SP00275" HPOS="1141" VPOS="1732" WIDTH="22"/>
						<String ID="P164_ST00307" HPOS="1163" VPOS="1700" WIDTH="38" HEIGHT="26" CONTENT="be" WC="1.00" CC="00"/>
						<SP ID="P164_SP00276" HPOS="1201" VPOS="1732" WIDTH="22"/>
						<String ID="P164_ST00308" HPOS="1223" VPOS="1709" WIDTH="17" HEIGHT="17" CONTENT="a" WC="1.00" CC="0"/>
						<SP ID="P164_SP00277" HPOS="1240" VPOS="1732" WIDTH="22"/>
						<String ID="P164_ST00309" HPOS="1262" VPOS="1701" WIDTH="129" HEIGHT="26" CONTENT="married" WC="0.93" CC="0002200"/>
						<SP ID="P164_SP00278" HPOS="1391" VPOS="1732" WIDTH="22"/>
						<String ID="P164_ST00310" HPOS="1413" VPOS="1710" WIDTH="80" HEIGHT="26" CONTENT="man," WC="0.90" CC="0004"/>
					</TextLine>
					<TextLine ID="P164_TL00031" HPOS="340" VPOS="1747" WIDTH="1154" HEIGHT="39">
						<String ID="P164_ST00311" HPOS="340" VPOS="1747" WIDTH="85" HEIGHT="33" CONTENT="until," WC="0.72" CC="100652"/>
						<SP ID="P164_SP00279" HPOS="425" VPOS="1780" WIDTH="22"/>
						<String ID="P164_ST00312" HPOS="447" VPOS="1748" WIDTH="40" HEIGHT="34" CONTENT="by" WC="1.00" CC="00"/>
						<SP ID="P164_SP00280" HPOS="487" VPOS="1782" WIDTH="13"/>
						<String ID="P164_ST00313" HPOS="500" VPOS="1747" WIDTH="173" HEIGHT="34" CONTENT="murdering" WC="0.89" CC="054000000"/>
						<SP ID="P164_SP00281" HPOS="673" VPOS="1782" WIDTH="19"/>
						<String ID="P164_ST00314" HPOS="692" VPOS="1747" WIDTH="46" HEIGHT="26" CONTENT="his" WC="0.68" CC="630"/>
						<SP ID="P164_SP00282" HPOS="738" VPOS="1782" WIDTH="15"/>
						<String ID="P164_ST00315" HPOS="753" VPOS="1747" WIDTH="73" HEIGHT="33" CONTENT="wife," WC="0.85" CC="06001"/>
						<SP ID="P164_SP00283" HPOS="826" VPOS="1782" WIDTH="16"/>
						<String ID="P164_ST00316" HPOS="842" VPOS="1747" WIDTH="38" HEIGHT="27" CONTENT="he" WC="0.64" CC="70"/>
						<SP ID="P164_SP00284" HPOS="880" VPOS="1782" WIDTH="19"/>
						<String ID="P164_ST00317" HPOS="899" VPOS="1749" WIDTH="140" HEIGHT="26" CONTENT="removed" WC="0.86" CC="0000810"/>
						<SP ID="P164_SP00285" HPOS="1039" VPOS="1782" WIDTH="20"/>
						<String ID="P164_ST00318" HPOS="1059" VPOS="1749" WIDTH="65" HEIGHT="26" CONTENT="that" WC="0.82" CC="0600"/>
						<SP ID="P164_SP00286" HPOS="1124" VPOS="1782" WIDTH="22"/>
						<String ID="P164_ST00319" HPOS="1146" VPOS="1750" WIDTH="92" HEIGHT="36" CONTENT="slight" WC="0.63" CC="024960"/>
						<SP ID="P164_SP00287" HPOS="1238" VPOS="1786" WIDTH="20"/>
						<String ID="P164_ST00320" HPOS="1258" VPOS="1751" WIDTH="114" HEIGHT="27" CONTENT="barrier" WC="0.98" CC="0000000"/>
						<SP ID="P164_SP00288" HPOS="1372" VPOS="1786" WIDTH="20"/>
						<String ID="P164_ST00321" HPOS="1392" VPOS="1755" WIDTH="30" HEIGHT="23" CONTENT="to" WC="1.00" CC="00"/>
						<SP ID="P164_SP00289" HPOS="1422" VPOS="1786" WIDTH="21"/>
						<String ID="P164_ST00322" HPOS="1443" VPOS="1753" WIDTH="51" HEIGHT="26" CONTENT="the" WC="0.77" CC="060"/>
					</TextLine>
					<TextLine ID="P164_TL00032" HPOS="341" VPOS="1796" WIDTH="1153" HEIGHT="39">
						<String ID="P164_ST00323" HPOS="341" VPOS="1797" WIDTH="266" HEIGHT="33" CONTENT="accomplishment" WC="0.91" CC="50000000070000"/>
						<SP ID="P164_SP00290" HPOS="607" VPOS="1830" WIDTH="14"/>
						<String ID="P164_ST00324" HPOS="621" VPOS="1796" WIDTH="34" HEIGHT="26" CONTENT="of" WC="1.00" CC="00"/>
						<SP ID="P164_SP00291" HPOS="655" VPOS="1830" WIDTH="14"/>
						<String ID="P164_ST00325" HPOS="669" VPOS="1796" WIDTH="46" HEIGHT="26" CONTENT="his" WC="0.76" CC="700"/>
						<SP ID="P164_SP00292" HPOS="715" VPOS="1830" WIDTH="16"/>
						<String ID="P164_ST00326" HPOS="731" VPOS="1797" WIDTH="159" HEIGHT="27" CONTENT="ambitious" WC="0.78" CC="003505040"/>
						<SP ID="P164_SP00293" HPOS="890" VPOS="1830" WIDTH="13"/>
						<String ID="P164_ST00327" HPOS="903" VPOS="1797" WIDTH="117" HEIGHT="27" CONTENT="wishes." WC="0.88" CC="0107000"/>
						<SP ID="P164_SP00294" HPOS="1020" VPOS="1830" WIDTH="42"/>
						<String ID="P164_ST00328" HPOS="1062" VPOS="1799" WIDTH="49" HEIGHT="26" CONTENT="He" WC="0.90" CC="20"/>
						<SP ID="P164_SP00295" HPOS="1111" VPOS="1830" WIDTH="17"/>
						<String ID="P164_ST00329" HPOS="1128" VPOS="1801" WIDTH="138" HEIGHT="34" CONTENT="reported" WC="1.00" CC="00000000"/>
						<SP ID="P164_SP00296" HPOS="1266" VPOS="1835" WIDTH="20"/>
						<String ID="P164_ST00330" HPOS="1286" VPOS="1801" WIDTH="66" HEIGHT="26" CONTENT="that" WC="0.82" CC="0700"/>
						<SP ID="P164_SP00297" HPOS="1352" VPOS="1835" WIDTH="20"/>
						<String ID="P164_ST00331" HPOS="1372" VPOS="1801" WIDTH="47" HEIGHT="27" CONTENT="his" WC="0.66" CC="450"/>
						<SP ID="P164_SP00298" HPOS="1419" VPOS="1835" WIDTH="20"/>
						<String ID="P164_ST00332" HPOS="1439" VPOS="1811" WIDTH="55" HEIGHT="17" CONTENT="un" SUBS_TYPE="HypPart1" SUBS_CONTENT="unfortunate" WC="0.79" CC="302"/>
						<HYP CONTENT="-"/>
					</TextLine>
					<TextLine ID="P164_TL00033" HPOS="340" VPOS="1846" WIDTH="1154" HEIGHT="41">
						<String ID="P164_ST00333" HPOS="340" VPOS="1847" WIDTH="149" HEIGHT="26" CONTENT="fortunate" SUBS_TYPE="HypPart2" SUBS_CONTENT="unfortunate" WC="0.93" CC="000005000"/>
						<SP ID="P164_SP00299" HPOS="489" VPOS="1873" WIDTH="13"/>
						<String ID="P164_ST00334" HPOS="502" VPOS="1847" WIDTH="71" HEIGHT="34" CONTENT="lady" WC="1.00" CC="0000"/>
						<SP ID="P164_SP00300" HPOS="573" VPOS="1881" WIDTH="13"/>
						<String ID="P164_ST00335" HPOS="586" VPOS="1846" WIDTH="59" HEIGHT="26" CONTENT="had" WC="0.99" CC="000"/>
						<SP ID="P164_SP00301" HPOS="645" VPOS="1881" WIDTH="15"/>
						<String ID="P164_ST00336" HPOS="660" VPOS="1847" WIDTH="133" HEIGHT="27" CONTENT="tumbled" WC="0.86" CC="4301000"/>
						<SP ID="P164_SP00302" HPOS="793" VPOS="1881" WIDTH="14"/>
						<String ID="P164_ST00337" HPOS="807" VPOS="1848" WIDTH="87" HEIGHT="26" CONTENT="down" WC="0.95" CC="0001"/>
						<SP ID="P164_SP00303" HPOS="894" VPOS="1881" WIDTH="15"/>
						<String ID="P164_ST00338" HPOS="909" VPOS="1848" WIDTH="96" HEIGHT="33" CONTENT="stairs," WC="0.96" CC="0002000"/>
						<SP ID="P164_SP00304" HPOS="1005" VPOS="1881" WIDTH="15"/>
						<String ID="P164_ST00339" HPOS="1020" VPOS="1850" WIDTH="54" HEIGHT="25" CONTENT="but" WC="0.80" CC="041"/>
						<SP ID="P164_SP00305" HPOS="1074" VPOS="1881" WIDTH="13"/>
						<String ID="P164_ST00340" HPOS="1087" VPOS="1850" WIDTH="60" HEIGHT="26" CONTENT="this" WC="0.85" CC="0500"/>
						<SP ID="P164_SP00306" HPOS="1147" VPOS="1881" WIDTH="14"/>
						<String ID="P164_ST00341" HPOS="1161" VPOS="1859" WIDTH="62" HEIGHT="17" CONTENT="was" WC="1.00" CC="000"/>
						<SP ID="P164_SP00307" HPOS="1223" VPOS="1881" WIDTH="21"/>
						<String ID="P164_ST00342" HPOS="1244" VPOS="1859" WIDTH="18" HEIGHT="17" CONTENT="a" WC="1.00" CC="0"/>
						<SP ID="P164_SP00308" HPOS="1262" VPOS="1881" WIDTH="20"/>
						<String ID="P164_ST00343" HPOS="1282" VPOS="1851" WIDTH="108" HEIGHT="35" CONTENT="daring" WC="0.88" CC="001500"/>
						<SP ID="P164_SP00309" HPOS="1390" VPOS="1886" WIDTH="16"/>
						<String ID="P164_ST00344" HPOS="1406" VPOS="1852" WIDTH="88" HEIGHT="35" CONTENT="flight" WC="0.81" CC="005050"/>
					</TextLine>
					<TextLine ID="P164_TL00034" HPOS="340" VPOS="1896" WIDTH="1155" HEIGHT="42">
						<String ID="P164_ST00345" HPOS="340" VPOS="1896" WIDTH="33" HEIGHT="28" CONTENT="of" WC="0.90" CC="01"/>
						<SP ID="P164_SP00310" HPOS="373" VPOS="1924" WIDTH="11"/>
						<String ID="P164_ST00346" HPOS="384" VPOS="1906" WIDTH="16" HEIGHT="17" CONTENT="a" WC="1.00" CC="0"/>
						<SP ID="P164_SP00311" HPOS="400" VPOS="1924" WIDTH="15"/>
						<String ID="P164_ST00347" HPOS="415" VPOS="1897" WIDTH="96" HEIGHT="35" CONTENT="guilty" WC="0.94" CC="003000"/>
						<SP ID="P164_SP00312" HPOS="511" VPOS="1932" WIDTH="14"/>
						<String ID="P164_ST00348" HPOS="525" VPOS="1896" WIDTH="207" HEIGHT="35" CONTENT="imagination," WC="0.92" CC="000041000003"/>
						<SP ID="P164_SP00313" HPOS="732" VPOS="1932" WIDTH="16"/>
						<String ID="P164_ST00349" HPOS="748" VPOS="1898" WIDTH="59" HEIGHT="26" CONTENT="and" WC="1.00" CC="000"/>
						<SP ID="P164_SP00314" HPOS="807" VPOS="1932" WIDTH="19"/>
						<String ID="P164_ST00350" HPOS="826" VPOS="1899" WIDTH="83" HEIGHT="26" CONTENT="there" WC="0.97" CC="00010"/>
						<SP ID="P164_SP00315" HPOS="909" VPOS="1932" WIDTH="20"/>
						<String ID="P164_ST00351" HPOS="929" VPOS="1899" WIDTH="24" HEIGHT="26" CONTENT="is" WC="0.95" CC="00"/>
						<SP ID="P164_SP00316" HPOS="953" VPOS="1932" WIDTH="21"/>
						<String ID="P164_ST00352" HPOS="974" VPOS="1900" WIDTH="76" HEIGHT="26" CONTENT="little" WC="0.97" CC="010000"/>
						<SP ID="P164_SP00317" HPOS="1050" VPOS="1932" WIDTH="21"/>
						<String ID="P164_ST00353" HPOS="1071" VPOS="1901" WIDTH="92" HEIGHT="26" CONTENT="doubt" WC="0.89" CC="00140"/>
						<SP ID="P164_SP00318" HPOS="1163" VPOS="1932" WIDTH="21"/>
						<String ID="P164_ST00354" HPOS="1184" VPOS="1902" WIDTH="65" HEIGHT="26" CONTENT="that" WC="0.88" CC="0400"/>
						<SP ID="P164_SP00319" HPOS="1249" VPOS="1932" WIDTH="14"/>
						<String ID="P164_ST00355" HPOS="1263" VPOS="1902" WIDTH="89" HEIGHT="27" CONTENT="while" WC="0.79" CC="05400"/>
						<SP ID="P164_SP00320" HPOS="1352" VPOS="1932" WIDTH="20"/>
						<String ID="P164_ST00356" HPOS="1372" VPOS="1903" WIDTH="123" HEIGHT="35" CONTENT="staying" WC="0.84" CC="0109000"/>
					</TextLine>
					<TextLine ID="P164_TL00035" HPOS="340" VPOS="1946" WIDTH="1154" HEIGHT="37">
						<String ID="P164_ST00357" HPOS="340" VPOS="1947" WIDTH="31" HEIGHT="27" CONTENT="in" WC="0.76" CC="40"/>
						<SP ID="P164_SP00321" HPOS="371" VPOS="1974" WIDTH="13"/>
						<String ID="P164_ST00358" HPOS="384" VPOS="1946" WIDTH="50" HEIGHT="27" CONTENT="the" WC="0.92" CC="020"/>
						<SP ID="P164_SP00322" HPOS="434" VPOS="1974" WIDTH="14"/>
						<String ID="P164_ST00359" HPOS="448" VPOS="1946" WIDTH="93" HEIGHT="26" CONTENT="house" WC="0.92" CC="30000"/>
						<SP ID="P164_SP00323" HPOS="541" VPOS="1974" WIDTH="17"/>
						<String ID="P164_ST00360" HPOS="558" VPOS="1946" WIDTH="33" HEIGHT="26" CONTENT="of" WC="1.00" CC="00"/>
						<SP ID="P164_SP00324" HPOS="591" VPOS="1974" WIDTH="15"/>
						<String ID="P164_ST00361" HPOS="606" VPOS="1946" WIDTH="53" HEIGHT="26" CONTENT="her" WC="0.71" CC="602"/>
						<SP ID="P164_SP00325" HPOS="659" VPOS="1974" WIDTH="18"/>
						<String ID="P164_ST00362" HPOS="677" VPOS="1947" WIDTH="164" HEIGHT="27" CONTENT="husband's" WC="0.81" CC="600006040"/>
						<SP ID="P164_SP00326" HPOS="841" VPOS="1974" WIDTH="21"/>
						<String ID="P164_ST00363" HPOS="862" VPOS="1954" WIDTH="129" HEIGHT="28" CONTENT="servant," WC="0.96" CC="00000002"/>
						<SP ID="P164_SP00327" HPOS="991" VPOS="1982" WIDTH="21"/>
						<String ID="P164_ST00364" HPOS="1012" VPOS="1950" WIDTH="114" HEIGHT="33" CONTENT="Foster," WC="0.90" CC="4000002"/>
						<SP ID="P164_SP00328" HPOS="1126" VPOS="1983" WIDTH="21"/>
						<String ID="P164_ST00365" HPOS="1147" VPOS="1951" WIDTH="38" HEIGHT="26" CONTENT="he" WC="0.74" CC="50"/>
						<SP ID="P164_SP00329" HPOS="1185" VPOS="1983" WIDTH="22"/>
						<String ID="P164_ST00366" HPOS="1207" VPOS="1951" WIDTH="99" HEIGHT="27" CONTENT="forced" WC="0.98" CC="001000"/>
						<SP ID="P164_SP00330" HPOS="1306" VPOS="1983" WIDTH="20"/>
						<String ID="P164_ST00367" HPOS="1326" VPOS="1951" WIDTH="53" HEIGHT="27" CONTENT="her" WC="0.74" CC="403"/>
						<SP ID="P164_SP00331" HPOS="1379" VPOS="1983" WIDTH="20"/>
						<String ID="P164_ST00368" HPOS="1399" VPOS="1952" WIDTH="95" HEIGHT="27" CONTENT="either" WC="0.74" CC="022603"/>
					</TextLine>
					<TextLine ID="P164_TL00036" HPOS="339" VPOS="1996" WIDTH="1159" HEIGHT="39">
						<String ID="P164_ST00369" HPOS="339" VPOS="2005" WIDTH="71" HEIGHT="18" CONTENT="over" WC="0.82" CC="3003"/>
						<SP ID="P164_SP00332" HPOS="410" VPOS="2023" WIDTH="18"/>
						<String ID="P164_ST00370" HPOS="428" VPOS="1996" WIDTH="50" HEIGHT="26" CONTENT="the" WC="0.87" CC="030"/>
						<SP ID="P164_SP00333" HPOS="478" VPOS="2023" WIDTH="20"/>
						<String ID="P164_ST00371" HPOS="498" VPOS="1996" WIDTH="180" HEIGHT="33" CONTENT="balustrade," WC="0.87" CC="60400000003"/>
						<SP ID="P164_SP00334" HPOS="678" VPOS="2029" WIDTH="32"/>
						<String ID="P164_ST00372" HPOS="710" VPOS="2006" WIDTH="33" HEIGHT="17" CONTENT="or" WC="0.92" CC="01"/>
						<SP ID="P164_SP00335" HPOS="743" VPOS="2029" WIDTH="26"/>
						<String ID="P164_ST00373" HPOS="769" VPOS="2001" WIDTH="52" HEIGHT="32" CONTENT="got" WC="0.56" CC="903"/>
						<SP ID="P164_SP00336" HPOS="821" VPOS="2033" WIDTH="20"/>
						<String ID="P164_ST00374" HPOS="841" VPOS="1998" WIDTH="45" HEIGHT="26" CONTENT="rid" WC="0.67" CC="360"/>
						<SP ID="P164_SP00337" HPOS="886" VPOS="2033" WIDTH="29"/>
						<String ID="P164_ST00375" HPOS="915" VPOS="1998" WIDTH="33" HEIGHT="26" CONTENT="of" WC="1.00" CC="00"/>
						<SP ID="P164_SP00338" HPOS="948" VPOS="2033" WIDTH="23"/>
						<String ID="P164_ST00376" HPOS="971" VPOS="2000" WIDTH="54" HEIGHT="25" CONTENT="her" WC="0.77" CC="600"/>
						<SP ID="P164_SP00339" HPOS="1025" VPOS="2033" WIDTH="18"/>
						<String ID="P164_ST00377" HPOS="1043" VPOS="2001" WIDTH="42" HEIGHT="34" CONTENT="by" WC="0.69" CC="60"/>
						<SP ID="P164_SP00340" HPOS="1085" VPOS="2035" WIDTH="21"/>
						<String ID="P164_ST00378" HPOS="1106" VPOS="2009" WIDTH="81" HEIGHT="18" CONTENT="some" WC="1.00" CC="0000"/>
						<SP ID="P164_SP00341" HPOS="1187" VPOS="2035" WIDTH="31"/>
						<String ID="P164_ST00379" HPOS="1218" VPOS="2001" WIDTH="85" HEIGHT="27" CONTENT="other" WC="0.92" CC="00300"/>
						<SP ID="P164_SP00342" HPOS="1303" VPOS="2035" WIDTH="29"/>
						<String ID="P164_ST00380" HPOS="1332" VPOS="2011" WIDTH="104" HEIGHT="18" CONTENT="means" WC="0.79" CC="00910"/>
						<SP ID="P164_SP00343" HPOS="1436" VPOS="2035" WIDTH="28"/>
						<String ID="P164_ST00381" HPOS="1464" VPOS="2002" WIDTH="34" HEIGHT="27" CONTENT="of" WC="0.95" CC="00"/>
					</TextLine>
					<TextLine ID="P164_TL00037" HPOS="340" VPOS="2045" WIDTH="243" HEIGHT="35">
						<String ID="P164_ST00382" HPOS="340" VPOS="2046" WIDTH="87" HEIGHT="34" CONTENT="equal" WC="0.71" CC="08202"/>
						<SP ID="P164_SP00344" HPOS="427" VPOS="2080" WIDTH="13"/>
						<String ID="P164_ST00383" HPOS="440" VPOS="2045" WIDTH="143" HEIGHT="27" CONTENT="violence." WC="0.97" CC="000002000"/>
					</TextLine>
				</TextBlock>
				<TextBlock ID="P164_TB00006" HPOS="339" VPOS="2120" WIDTH="1154" HEIGHT="92" STYLEREFS="TXT_2 PAR_LEFT">
					<TextLine ID="P164_TL00038" HPOS="395" VPOS="2121" WIDTH="1098" HEIGHT="44">
						<String ID="P164_ST00384" HPOS="395" VPOS="2121" WIDTH="78" HEIGHT="27" CONTENT="Poor" WC="0.72" CC="6004"/>
						<SP ID="P164_SP00345" HPOS="473" VPOS="2148" WIDTH="22"/>
						<String ID="P164_ST00385" HPOS="495" VPOS="2121" WIDTH="96" HEIGHT="35" CONTENT="Mary," WC="0.92" CC="00004"/>
						<SP ID="P164_SP00346" HPOS="591" VPOS="2156" WIDTH="22"/>
						<String ID="P164_ST00386" HPOS="613" VPOS="2122" WIDTH="66" HEIGHT="26" CONTENT="who" WC="0.84" CC="040"/>
						<SP ID="P164_SP00347" HPOS="679" VPOS="2156" WIDTH="24"/>
						<String ID="P164_ST00387" HPOS="703" VPOS="2131" WIDTH="61" HEIGHT="18" CONTENT="was" WC="1.00" CC="000"/>
						<SP ID="P164_SP00348" HPOS="764" VPOS="2156" WIDTH="26"/>
						<String ID="P164_ST00388" HPOS="790" VPOS="2123" WIDTH="94" HEIGHT="36" CONTENT="really" WC="0.79" CC="200550"/>
						<SP ID="P164_SP00349" HPOS="884" VPOS="2159" WIDTH="24"/>
						<String ID="P164_ST00389" HPOS="908" VPOS="2124" WIDTH="29" HEIGHT="26" CONTENT="in" WC="0.70" CC="05"/>
						<SP ID="P164_SP00350" HPOS="937" VPOS="2159" WIDTH="25"/>
						<String ID="P164_ST00390" HPOS="962" VPOS="2126" WIDTH="75" HEIGHT="25" CONTENT="need" WC="1.00" CC="0000"/>
						<SP ID="P164_SP00351" HPOS="1037" VPOS="2159" WIDTH="19"/>
						<String ID="P164_ST00391" HPOS="1056" VPOS="2125" WIDTH="33" HEIGHT="27" CONTENT="of" WC="1.00" CC="00"/>
						<SP ID="P164_SP00352" HPOS="1089" VPOS="2159" WIDTH="23"/>
						<String ID="P164_ST00392" HPOS="1112" VPOS="2135" WIDTH="17" HEIGHT="17" CONTENT="a" WC="1.00" CC="0"/>
						<SP ID="P164_SP00353" HPOS="1129" VPOS="2159" WIDTH="20"/>
						<String ID="P164_ST00393" HPOS="1149" VPOS="2130" WIDTH="158" HEIGHT="31" CONTENT="protector," WC="0.97" CC="0000000002"/>
						<SP ID="P164_SP00354" HPOS="1307" VPOS="2161" WIDTH="25"/>
						<String ID="P164_ST00394" HPOS="1332" VPOS="2128" WIDTH="161" HEIGHT="37" CONTENT="becoming" WC="1.00" CC="00000000"/>
					</TextLine>
					<TextLine ID="P164_TL00039" HPOS="340" VPOS="2172" WIDTH="1153" HEIGHT="40">
						<String ID="P164_ST00395" HPOS="340" VPOS="2172" WIDTH="158" HEIGHT="35" CONTENT="impatient" WC="0.88" CC="400003020"/>
						<SP ID="P164_SP00355" HPOS="498" VPOS="2207" WIDTH="14"/>
						<String ID="P164_ST00396" HPOS="512" VPOS="2175" WIDTH="30" HEIGHT="23" CONTENT="at" WC="1.00" CC="00"/>
						<SP ID="P164_SP00356" HPOS="542" VPOS="2207" WIDTH="14"/>
						<String ID="P164_ST00397" HPOS="556" VPOS="2172" WIDTH="50" HEIGHT="26" CONTENT="the" WC="0.78" CC="150"/>
						<SP ID="P164_SP00357" HPOS="606" VPOS="2207" WIDTH="14"/>
						<String ID="P164_ST00398" HPOS="620" VPOS="2172" WIDTH="88" HEIGHT="36" CONTENT="delay" WC="1.00" CC="00000"/>
						<SP ID="P164_SP00358" HPOS="708" VPOS="2208" WIDTH="14"/>
						<String ID="P164_ST00399" HPOS="722" VPOS="2173" WIDTH="30" HEIGHT="26" CONTENT="in" WC="1.00" CC="00"/>
						<SP ID="P164_SP00359" HPOS="752" VPOS="2208" WIDTH="15"/>
						<String ID="P164_ST00400" HPOS="767" VPOS="2174" WIDTH="146" HEIGHT="37" CONTENT="choosing" WC="0.81" CC="06000250"/>
						<SP ID="P164_SP00360" HPOS="913" VPOS="2211" WIDTH="16"/>
						<String ID="P164_ST00401" HPOS="929" VPOS="2176" WIDTH="53" HEIGHT="26" CONTENT="her" WC="0.81" CC="500"/>
						<SP ID="P164_SP00361" HPOS="982" VPOS="2211" WIDTH="19"/>
						<String ID="P164_ST00402" HPOS="1001" VPOS="2185" WIDTH="17" HEIGHT="17" CONTENT="a" WC="1.00" CC="0"/>
						<SP ID="P164_SP00362" HPOS="1018" VPOS="2211" WIDTH="18"/>
						<String ID="P164_ST00403" HPOS="1036" VPOS="2177" WIDTH="148" HEIGHT="33" CONTENT="husband," WC="0.89" CC="14000002"/>
						<SP ID="P164_SP00363" HPOS="1184" VPOS="2211" WIDTH="16"/>
						<String ID="P164_ST00404" HPOS="1200" VPOS="2182" WIDTH="30" HEIGHT="22" CONTENT="at" WC="0.98" CC="00"/>
						<SP ID="P164_SP00364" HPOS="1230" VPOS="2211" WIDTH="15"/>
						<String ID="P164_ST00405" HPOS="1245" VPOS="2178" WIDTH="105" HEIGHT="34" CONTENT="length" WC="0.81" CC="202006"/>
						<SP ID="P164_SP00365" HPOS="1350" VPOS="2212" WIDTH="15"/>
						<String ID="P164_ST00406" HPOS="1365" VPOS="2179" WIDTH="128" HEIGHT="27" CONTENT="selected" WC="0.96" CC="00000300"/>
					</TextLine>
				</TextBlock>
			</PrintSpace>
		</Page>
	</Layout>
</alto>
