<?xml version="1.0" encoding="UTF-8"?>
<alto xmlns:xsi="http://www.w3.org/2001/XMLSchema-instance" xsi:noNamespaceSchemaLocation="http://www.bl.uk/schemas/alto/alto-1-4.xsd" xmlns:xlink="http://www.w3.org/1999/xlink">
	<Description>
		<MeasurementUnit>mm10</MeasurementUnit>
		<sourceImageInformation>
			<fileName>//head1/IN/2008-50/A0012346969.2/003749.jp2</fileName>
		</sourceImageInformation>
		<OCRProcessing ID="OCRPROCESSING_1">
			<preProcessingStep>
				<processingSoftware>
					<softwareCreator>CCS Content Conversion Specialists GmbH, Germany</softwareCreator>
					<softwareName>CCS docWORKS</softwareName>
					<softwareVersion>6.1-0.67</softwareVersion>
				</processingSoftware>
			</preProcessingStep>
			<ocrProcessingStep>
				<processingSoftware>
					<softwareCreator>ABBYY (BIT Software), Russia</softwareCreator>
					<softwareName>Finereader</softwareName>
				</processingSoftware>
			</ocrProcessingStep>
		</OCRProcessing>
	</Description>
	<Styles>
		<TextStyle ID="TXT_0" FONTSIZE="11" FONTFAMILY="Courier New"/>
		<TextStyle ID="TXT_1" FONTSIZE="9" FONTFAMILY="Courier New"/>
		<TextStyle ID="TXT_2" FONTSIZE="11" FONTFAMILY="Fraktur"/>
		<ParagraphStyle ID="PAR_LEFT" ALIGN="Left"/>
		<ParagraphStyle ID="PAR_RIGHT" ALIGN="Right"/>
	</Styles>
	<Layout>
		<Page ID="P97" PHYSICAL_IMG_NR="97" HEIGHT="2488" WIDTH="1692" PRINTED_IMG_NR="73" POSITION="Right" ACCURACY="87.22">
			<TopMargin ID="P97_TM00001" HPOS="0" VPOS="0" WIDTH="1691" HEIGHT="307">
				<TextBlock ID="P97_TB00001" HPOS="505" VPOS="248" WIDTH="551" HEIGHT="59" STYLEREFS="TXT_0 PAR_LEFT">
					<TextLine ID="P97_TL00001" HPOS="506" VPOS="250" WIDTH="550" HEIGHT="57">
						<String ID="P97_ST00001" HPOS="506" VPOS="250" WIDTH="163" HEIGHT="57" CONTENT="Wolsey" WC="0.69" CC="308600"/>
						<SP ID="P97_SP00001" HPOS="669" VPOS="307" WIDTH="33"/>
						<String ID="P97_ST00002" HPOS="702" VPOS="250" WIDTH="45" HEIGHT="43" CONTENT="in" WC="0.64" CC="24"/>
						<SP ID="P97_SP00002" HPOS="747" VPOS="307" WIDTH="24"/>
						<String ID="P97_ST00003" HPOS="771" VPOS="250" WIDTH="285" HEIGHT="45" CONTENT="Retirement." WC="0.84" CC="00000000871"/>
					</TextLine>
				</TextBlock>
				<TextBlock ID="P97_TB00002" HPOS="209" VPOS="273" WIDTH="127" HEIGHT="22" STYLEREFS="TXT_1 PAR_LEFT">
					<TextLine ID="P97_TL00002" HPOS="209" VPOS="273" WIDTH="127" HEIGHT="22">
						<String ID="P97_ST00004" HPOS="209" VPOS="273" WIDTH="68" HEIGHT="22" CONTENT="Chap." WC="0.31" CC="67990"/>
						<SP ID="P97_SP00003" HPOS="277" VPOS="295" WIDTH="14"/>
						<String ID="P97_ST00005" HPOS="291" VPOS="274" WIDTH="45" HEIGHT="21" CONTENT="IV.]" WC="0.44" CC="9902"/>
					</TextLine>
				</TextBlock>
				<TextBlock ID="P97_TB00003" HPOS="1314" VPOS="270" WIDTH="35" HEIGHT="31" STYLEREFS="TXT_2 PAR_RIGHT">
					<TextLine ID="P97_TL00003" HPOS="1314" VPOS="270" WIDTH="35" HEIGHT="31">
						<String ID="P97_ST00006" HPOS="1314" VPOS="270" WIDTH="35" HEIGHT="31" CONTENT="73" WC="1.00" CC="00"/>
					</TextLine>
				</TextBlock>
			</TopMargin>
			<LeftMargin ID="P97_LM00001" HPOS="0" VPOS="303" WIDTH="204" HEIGHT="1905"/>
			<RightMargin ID="P97_RM00001" HPOS="1354" VPOS="303" WIDTH="337" HEIGHT="1905"/>
			<BottomMargin ID="P97_BM00001" HPOS="0" VPOS="2208" WIDTH="1691" HEIGHT="280"/>
			<PrintSpace ID="P97_PS00001" HPOS="204" VPOS="303" WIDTH="1150" HEIGHT="1905">
				<TextBlock ID="P97_TB00004" HPOS="205" VPOS="361" WIDTH="1147" HEIGHT="182" STYLEREFS="TXT_1 PAR_LEFT">
					<TextLine ID="P97_TL00004" HPOS="209" VPOS="362" WIDTH="1142" HEIGHT="42">
						<String ID="P97_ST00007" HPOS="209" VPOS="362" WIDTH="181" HEIGHT="32" CONTENT="Richmond," WC="0.78" CC="340500301"/>
						<SP ID="P97_SP00004" HPOS="390" VPOS="394" WIDTH="27"/>
						<String ID="P97_ST00008" HPOS="417" VPOS="364" WIDTH="97" HEIGHT="25" CONTENT="where" WC="0.86" CC="06000"/>
						<SP ID="P97_SP00005" HPOS="514" VPOS="394" WIDTH="28"/>
						<String ID="P97_ST00009" HPOS="542" VPOS="365" WIDTH="38" HEIGHT="24" CONTENT="he" WC="0.75" CC="40"/>
						<SP ID="P97_SP00006" HPOS="580" VPOS="394" WIDTH="26"/>
						<String ID="P97_ST00010" HPOS="606" VPOS="372" WIDTH="61" HEIGHT="17" CONTENT="was" WC="0.85" CC="040"/>
						<SP ID="P97_SP00007" HPOS="667" VPOS="394" WIDTH="30"/>
						<String ID="P97_ST00011" HPOS="697" VPOS="367" WIDTH="52" HEIGHT="22" CONTENT="not" WC="0.84" CC="400"/>
						<SP ID="P97_SP00008" HPOS="749" VPOS="394" WIDTH="31"/>
						<String ID="P97_ST00012" HPOS="780" VPOS="365" WIDTH="157" HEIGHT="33" CONTENT="permitted" WC="0.92" CC="020040000"/>
						<SP ID="P97_SP00009" HPOS="937" VPOS="398" WIDTH="33"/>
						<String ID="P97_ST00013" HPOS="970" VPOS="370" WIDTH="30" HEIGHT="22" CONTENT="to" WC="1.00" CC="00"/>
						<SP ID="P97_SP00010" HPOS="1000" VPOS="398" WIDTH="33"/>
						<String ID="P97_ST00014" HPOS="1033" VPOS="366" WIDTH="111" HEIGHT="27" CONTENT="remain" WC="0.97" CC="000010"/>
						<SP ID="P97_SP00011" HPOS="1144" VPOS="398" WIDTH="29"/>
						<String ID="P97_ST00015" HPOS="1173" VPOS="376" WIDTH="70" HEIGHT="28" CONTENT="very" WC="0.83" CC="0050"/>
						<SP ID="P97_SP00012" HPOS="1243" VPOS="404" WIDTH="28"/>
						<String ID="P97_ST00016" HPOS="1271" VPOS="369" WIDTH="80" HEIGHT="34" CONTENT="long," WC="0.80" CC="30203"/>
					</TextLine>
					<TextLine ID="P97_TL00005" HPOS="207" VPOS="410" WIDTH="1145" HEIGHT="39">
						<String ID="P97_ST00017" HPOS="207" VPOS="410" WIDTH="45" HEIGHT="27" CONTENT="for" WC="1.00" CC="000"/>
						<SP ID="P97_SP00013" HPOS="252" VPOS="437" WIDTH="25"/>
						<String ID="P97_ST00018" HPOS="277" VPOS="411" WIDTH="90" HEIGHT="27" CONTENT="Anne" WC="0.78" CC="0340"/>
						<SP ID="P97_SP00014" HPOS="367" VPOS="438" WIDTH="27"/>
						<String ID="P97_ST00019" HPOS="394" VPOS="412" WIDTH="59" HEIGHT="26" CONTENT="and" WC="0.68" CC="900"/>
						<SP ID="P97_SP00015" HPOS="453" VPOS="438" WIDTH="26"/>
						<String ID="P97_ST00020" HPOS="479" VPOS="412" WIDTH="53" HEIGHT="26" CONTENT="her" WC="0.88" CC="201"/>
						<SP ID="P97_SP00016" HPOS="532" VPOS="438" WIDTH="26"/>
						<String ID="P97_ST00021" HPOS="558" VPOS="416" WIDTH="87" HEIGHT="32" CONTENT="party" WC="0.95" CC="00020"/>
						<String ID="P97_ST00022" HPOS="645" VPOS="428" WIDTH="36" HEIGHT="4" CONTENT="—" WC="0.20" CC="8"/>
						<String ID="P97_ST00023" HPOS="684" VPOS="412" WIDTH="153" HEIGHT="36" CONTENT="including" WC="0.62" CC="450750360"/>
						<SP ID="P97_SP00017" HPOS="837" VPOS="448" WIDTH="30"/>
						<String ID="P97_ST00024" HPOS="867" VPOS="415" WIDTH="112" HEIGHT="25" CONTENT="several" WC="0.92" CC="0050000"/>
						<SP ID="P97_SP00018" HPOS="979" VPOS="448" WIDTH="26"/>
						<String ID="P97_ST00025" HPOS="1005" VPOS="415" WIDTH="122" HEIGHT="34" CONTENT="knights" WC="0.83" CC="0040700"/>
						<SP ID="P97_SP00019" HPOS="1127" VPOS="449" WIDTH="28"/>
						<String ID="P97_ST00026" HPOS="1155" VPOS="416" WIDTH="33" HEIGHT="26" CONTENT="of" WC="0.92" CC="01"/>
						<SP ID="P97_SP00020" HPOS="1188" VPOS="449" WIDTH="21"/>
						<String ID="P97_ST00027" HPOS="1209" VPOS="418" WIDTH="49" HEIGHT="25" CONTENT="the" WC="0.74" CC="052"/>
						<SP ID="P97_SP00021" HPOS="1258" VPOS="449" WIDTH="26"/>
						<String ID="P97_ST00028" HPOS="1284" VPOS="417" WIDTH="68" HEIGHT="27" CONTENT="Star" WC="0.92" CC="0300"/>
					</TextLine>
					<TextLine ID="P97_TL00006" HPOS="209" VPOS="460" WIDTH="1143" HEIGHT="37">
						<String ID="P97_ST00029" HPOS="209" VPOS="461" WIDTH="58" HEIGHT="25" CONTENT="and" WC="0.98" CC="000"/>
						<SP ID="P97_SP00022" HPOS="267" VPOS="486" WIDTH="23"/>
						<String ID="P97_ST00030" HPOS="290" VPOS="460" WIDTH="105" HEIGHT="27" CONTENT="Garter" WC="0.95" CC="200000"/>
						<String ID="P97_ST00031" HPOS="395" VPOS="476" WIDTH="36" HEIGHT="4" CONTENT="—" WC="0.20" CC="8"/>
						<String ID="P97_ST00032" HPOS="432" VPOS="462" WIDTH="167" HEIGHT="33" CONTENT="persuaded" WC="0.90" CC="003050000"/>
						<SP ID="P97_SP00023" HPOS="599" VPOS="495" WIDTH="20"/>
						<String ID="P97_ST00033" HPOS="619" VPOS="462" WIDTH="105" HEIGHT="35" CONTENT="Henry" WC="0.81" CC="60030"/>
						<SP ID="P97_SP00024" HPOS="724" VPOS="497" WIDTH="20"/>
						<String ID="P97_ST00034" HPOS="744" VPOS="466" WIDTH="30" HEIGHT="21" CONTENT="to" WC="1.00" CC="00"/>
						<SP ID="P97_SP00025" HPOS="774" VPOS="497" WIDTH="17"/>
						<String ID="P97_ST00035" HPOS="791" VPOS="463" WIDTH="86" HEIGHT="25" CONTENT="order" WC="1.00" CC="00000"/>
						<SP ID="P97_SP00026" HPOS="877" VPOS="497" WIDTH="17"/>
						<String ID="P97_ST00036" HPOS="894" VPOS="464" WIDTH="49" HEIGHT="26" CONTENT="the" WC="0.83" CC="040"/>
						<SP ID="P97_SP00027" HPOS="943" VPOS="497" WIDTH="17"/>
						<String ID="P97_ST00037" HPOS="960" VPOS="465" WIDTH="131" HEIGHT="25" CONTENT="cardinal" WC="0.90" CC="00000042"/>
						<SP ID="P97_SP00028" HPOS="1091" VPOS="497" WIDTH="20"/>
						<String ID="P97_ST00038" HPOS="1111" VPOS="465" WIDTH="44" HEIGHT="26" CONTENT="off" WC="0.85" CC="004"/>
						<SP ID="P97_SP00029" HPOS="1155" VPOS="497" WIDTH="17"/>
						<String ID="P97_ST00039" HPOS="1172" VPOS="470" WIDTH="30" HEIGHT="22" CONTENT="to" WC="1.00" CC="00"/>
						<SP ID="P97_SP00030" HPOS="1202" VPOS="497" WIDTH="18"/>
						<String ID="P97_ST00040" HPOS="1220" VPOS="466" WIDTH="45" HEIGHT="26" CONTENT="his" WC="0.76" CC="700"/>
						<SP ID="P97_SP00031" HPOS="1265" VPOS="497" WIDTH="22"/>
						<String ID="P97_ST00041" HPOS="1287" VPOS="475" WIDTH="65" HEIGHT="18" CONTENT="own" WC="0.87" CC="003"/>
					</TextLine>
					<TextLine ID="P97_TL00007" HPOS="206" VPOS="509" WIDTH="230" HEIGHT="34">
						<String ID="P97_ST00042" HPOS="206" VPOS="509" WIDTH="230" HEIGHT="34" CONTENT="archbishopric." WC="0.85" CC="00060155000000"/>
					</TextLine>
				</TextBlock>
				<TextBlock ID="P97_TB00005" HPOS="204" VPOS="585" WIDTH="1150" HEIGHT="1116" STYLEREFS="TXT_1 PAR_LEFT">
					<TextLine ID="P97_TL00008" HPOS="262" VPOS="585" WIDTH="1089" HEIGHT="38">
						<String ID="P97_ST00043" HPOS="262" VPOS="586" WIDTH="63" HEIGHT="25" CONTENT="The" WC="0.71" CC="260"/>
						<SP ID="P97_SP00032" HPOS="325" VPOS="611" WIDTH="14"/>
						<String ID="P97_ST00044" HPOS="339" VPOS="585" WIDTH="91" HEIGHT="26" CONTENT="fallen" WC="1.00" CC="000000"/>
						<SP ID="P97_SP00033" HPOS="430" VPOS="611" WIDTH="22"/>
						<String ID="P97_ST00045" HPOS="452" VPOS="587" WIDTH="113" HEIGHT="33" CONTENT="prelate" WC="0.90" CC="0000600"/>
						<SP ID="P97_SP00034" HPOS="565" VPOS="620" WIDTH="21"/>
						<String ID="P97_ST00046" HPOS="586" VPOS="587" WIDTH="127" HEIGHT="33" CONTENT="thought" WC="0.82" CC="0500060"/>
						<SP ID="P97_SP00035" HPOS="713" VPOS="620" WIDTH="21"/>
						<String ID="P97_ST00047" HPOS="734" VPOS="587" WIDTH="59" HEIGHT="25" CONTENT="this" WC="0.87" CC="0500"/>
						<SP ID="P97_SP00036" HPOS="793" VPOS="620" WIDTH="19"/>
						<String ID="P97_ST00048" HPOS="812" VPOS="587" WIDTH="99" HEIGHT="26" CONTENT="forced" WC="0.84" CC="002070"/>
						<SP ID="P97_SP00037" HPOS="911" VPOS="620" WIDTH="17"/>
						<String ID="P97_ST00049" HPOS="928" VPOS="587" WIDTH="125" HEIGHT="35" CONTENT="journey" WC="0.92" CC="0030200"/>
						<SP ID="P97_SP00038" HPOS="1053" VPOS="622" WIDTH="14"/>
						<String ID="P97_ST00050" HPOS="1067" VPOS="596" WIDTH="32" HEIGHT="17" CONTENT="so" WC="0.67" CC="60"/>
						<SP ID="P97_SP00039" HPOS="1099" VPOS="622" WIDTH="14"/>
						<String ID="P97_ST00051" HPOS="1113" VPOS="597" WIDTH="70" HEIGHT="26" CONTENT="very" WC="0.82" CC="7000"/>
						<SP ID="P97_SP00040" HPOS="1183" VPOS="623" WIDTH="13"/>
						<String ID="P97_ST00052" HPOS="1196" VPOS="589" WIDTH="73" HEIGHT="25" CONTENT="hard" WC="0.92" CC="3000"/>
						<SP ID="P97_SP00041" HPOS="1269" VPOS="623" WIDTH="19"/>
						<String ID="P97_ST00053" HPOS="1288" VPOS="589" WIDTH="63" HEIGHT="25" CONTENT="that" WC="0.84" CC="0600"/>
					</TextLine>
					<TextLine ID="P97_TL00009" HPOS="207" VPOS="634" WIDTH="1144" HEIGHT="36">
						<String ID="P97_ST00054" HPOS="207" VPOS="635" WIDTH="38" HEIGHT="25" CONTENT="he" WC="0.63" CC="70"/>
						<SP ID="P97_SP00042" HPOS="245" VPOS="660" WIDTH="17"/>
						<String ID="P97_ST00055" HPOS="262" VPOS="635" WIDTH="75" HEIGHT="25" CONTENT="tried" WC="1.00" CC="00000"/>
						<SP ID="P97_SP00043" HPOS="337" VPOS="660" WIDTH="17"/>
						<String ID="P97_ST00056" HPOS="354" VPOS="639" WIDTH="31" HEIGHT="21" CONTENT="to" WC="1.00" CC="00"/>
						<SP ID="P97_SP00044" HPOS="385" VPOS="660" WIDTH="19"/>
						<String ID="P97_ST00057" HPOS="404" VPOS="634" WIDTH="95" HEIGHT="26" CONTENT="soften" WC="1.00" CC="000000"/>
						<SP ID="P97_SP00045" HPOS="499" VPOS="660" WIDTH="21"/>
						<String ID="P97_ST00058" HPOS="520" VPOS="635" WIDTH="22" HEIGHT="25" CONTENT="it" WC="0.88" CC="20"/>
						<SP ID="P97_SP00046" HPOS="542" VPOS="660" WIDTH="21"/>
						<String ID="P97_ST00059" HPOS="563" VPOS="636" WIDTH="39" HEIGHT="33" CONTENT="by" WC="0.86" CC="20"/>
						<SP ID="P97_SP00047" HPOS="602" VPOS="669" WIDTH="15"/>
						<String ID="P97_ST00060" HPOS="617" VPOS="643" WIDTH="70" HEIGHT="27" CONTENT="easy" WC="1.00" CC="0000"/>
						<SP ID="P97_SP00048" HPOS="687" VPOS="670" WIDTH="15"/>
						<String ID="P97_ST00061" HPOS="702" VPOS="640" WIDTH="109" HEIGHT="30" CONTENT="stages," WC="1.00" CC="0000000"/>
						<SP ID="P97_SP00049" HPOS="811" VPOS="670" WIDTH="16"/>
						<String ID="P97_ST00062" HPOS="827" VPOS="636" WIDTH="58" HEIGHT="25" CONTENT="and" WC="0.83" CC="050"/>
						<SP ID="P97_SP00050" HPOS="885" VPOS="670" WIDTH="18"/>
						<String ID="P97_ST00063" HPOS="903" VPOS="636" WIDTH="36" HEIGHT="26" CONTENT="he" WC="0.73" CC="50"/>
						<SP ID="P97_SP00051" HPOS="939" VPOS="670" WIDTH="20"/>
						<String ID="P97_ST00064" HPOS="959" VPOS="637" WIDTH="141" HEIGHT="26" CONTENT="travelled" WC="0.78" CC="600704000"/>
						<SP ID="P97_SP00052" HPOS="1100" VPOS="670" WIDTH="20"/>
						<String ID="P97_ST00065" HPOS="1120" VPOS="641" WIDTH="30" HEIGHT="22" CONTENT="at" WC="0.71" CC="50"/>
						<SP ID="P97_SP00053" HPOS="1150" VPOS="670" WIDTH="18"/>
						<String ID="P97_ST00066" HPOS="1168" VPOS="637" WIDTH="49" HEIGHT="27" CONTENT="the" WC="1.00" CC="000"/>
						<SP ID="P97_SP00054" HPOS="1217" VPOS="670" WIDTH="19"/>
						<String ID="P97_ST00067" HPOS="1236" VPOS="638" WIDTH="115" HEIGHT="26" CONTENT="slowest" WC="0.68" CC="0009075"/>
					</TextLine>
					<TextLine ID="P97_TL00010" HPOS="206" VPOS="683" WIDTH="1146" HEIGHT="38">
						<String ID="P97_ST00068" HPOS="206" VPOS="684" WIDTH="132" HEIGHT="34" CONTENT="possible" WC="0.98" CC="00001000"/>
						<SP ID="P97_SP00055" HPOS="338" VPOS="718" WIDTH="14"/>
						<String ID="P97_ST00069" HPOS="352" VPOS="692" WIDTH="82" HEIGHT="25" CONTENT="pace," WC="1.00" CC="00000"/>
						<SP ID="P97_SP00056" HPOS="434" VPOS="718" WIDTH="16"/>
						<String ID="P97_ST00070" HPOS="450" VPOS="683" WIDTH="31" HEIGHT="26" CONTENT="in" WC="1.00" CC="00"/>
						<SP ID="P97_SP00057" HPOS="481" VPOS="718" WIDTH="15"/>
						<String ID="P97_ST00071" HPOS="496" VPOS="684" WIDTH="50" HEIGHT="25" CONTENT="the" WC="0.77" CC="060"/>
						<SP ID="P97_SP00058" HPOS="546" VPOS="718" WIDTH="19"/>
						<String ID="P97_ST00072" HPOS="565" VPOS="684" WIDTH="78" HEIGHT="34" CONTENT="hope" WC="0.84" CC="6000"/>
						<SP ID="P97_SP00059" HPOS="643" VPOS="718" WIDTH="20"/>
						<String ID="P97_ST00073" HPOS="663" VPOS="683" WIDTH="33" HEIGHT="26" CONTENT="of" WC="0.94" CC="01"/>
						<SP ID="P97_SP00060" HPOS="696" VPOS="718" WIDTH="16"/>
						<String ID="P97_ST00074" HPOS="712" VPOS="684" WIDTH="92" HEIGHT="35" CONTENT="being" WC="0.73" CC="70320"/>
						<SP ID="P97_SP00061" HPOS="804" VPOS="719" WIDTH="20"/>
						<String ID="P97_ST00075" HPOS="824" VPOS="689" WIDTH="65" HEIGHT="21" CONTENT="sent" WC="1.00" CC="0000"/>
						<SP ID="P97_SP00062" HPOS="889" VPOS="719" WIDTH="17"/>
						<String ID="P97_ST00076" HPOS="906" VPOS="685" WIDTH="44" HEIGHT="25" CONTENT="for" WC="1.00" CC="000"/>
						<SP ID="P97_SP00063" HPOS="950" VPOS="719" WIDTH="21"/>
						<String ID="P97_ST00077" HPOS="971" VPOS="685" WIDTH="76" HEIGHT="26" CONTENT="back" WC="1.00" CC="0000"/>
						<SP ID="P97_SP00064" HPOS="1047" VPOS="719" WIDTH="19"/>
						<String ID="P97_ST00078" HPOS="1066" VPOS="686" WIDTH="99" HEIGHT="33" CONTENT="again." WC="0.83" CC="090000"/>
						<SP ID="P97_SP00065" HPOS="1165" VPOS="719" WIDTH="39"/>
						<String ID="P97_ST00079" HPOS="1204" VPOS="686" WIDTH="41" HEIGHT="26" CONTENT="At" WC="1.00" CC="00"/>
						<SP ID="P97_SP00066" HPOS="1245" VPOS="719" WIDTH="20"/>
						<String ID="P97_ST00080" HPOS="1265" VPOS="695" WIDTH="87" HEIGHT="26" CONTENT="every" WC="1.00" CC="00000"/>
					</TextLine>
					<TextLine ID="P97_TL00011" HPOS="206" VPOS="733" WIDTH="1145" HEIGHT="36">
						<String ID="P97_ST00081" HPOS="206" VPOS="733" WIDTH="52" HEIGHT="25" CONTENT="inn" WC="0.42" CC="556"/>
						<SP ID="P97_SP00067" HPOS="258" VPOS="758" WIDTH="14"/>
						<String ID="P97_ST00082" HPOS="272" VPOS="733" WIDTH="38" HEIGHT="25" CONTENT="he" WC="0.79" CC="40"/>
						<SP ID="P97_SP00068" HPOS="310" VPOS="758" WIDTH="14"/>
						<String ID="P97_ST00083" HPOS="324" VPOS="734" WIDTH="122" HEIGHT="25" CONTENT="entered" WC="0.86" CC="0000900"/>
						<SP ID="P97_SP00069" HPOS="446" VPOS="759" WIDTH="14"/>
						<String ID="P97_ST00084" HPOS="460" VPOS="733" WIDTH="44" HEIGHT="25" CONTENT="for" WC="1.00" CC="000"/>
						<SP ID="P97_SP00070" HPOS="504" VPOS="759" WIDTH="20"/>
						<String ID="P97_ST00085" HPOS="524" VPOS="733" WIDTH="193" HEIGHT="26" CONTENT="refreshment" WC="0.87" CC="00020070040"/>
						<SP ID="P97_SP00071" HPOS="717" VPOS="759" WIDTH="15"/>
						<String ID="P97_ST00086" HPOS="732" VPOS="742" WIDTH="37" HEIGHT="17" CONTENT="on" WC="1.00" CC="00"/>
						<SP ID="P97_SP00072" HPOS="769" VPOS="759" WIDTH="16"/>
						<String ID="P97_ST00087" HPOS="785" VPOS="735" WIDTH="49" HEIGHT="24" CONTENT="the" WC="0.63" CC="560"/>
						<SP ID="P97_SP00073" HPOS="834" VPOS="759" WIDTH="14"/>
						<String ID="P97_ST00088" HPOS="848" VPOS="735" WIDTH="71" HEIGHT="25" CONTENT="road" WC="1.00" CC="0000"/>
						<SP ID="P97_SP00074" HPOS="919" VPOS="760" WIDTH="20"/>
						<String ID="P97_ST00089" HPOS="939" VPOS="735" WIDTH="37" HEIGHT="24" CONTENT="he" WC="0.65" CC="70"/>
						<SP ID="P97_SP00075" HPOS="976" VPOS="760" WIDTH="21"/>
						<String ID="P97_ST00090" HPOS="997" VPOS="735" WIDTH="109" HEIGHT="34" CONTENT="always" WC="0.79" CC="000480"/>
						<SP ID="P97_SP00076" HPOS="1106" VPOS="769" WIDTH="20"/>
						<String ID="P97_ST00091" HPOS="1126" VPOS="735" WIDTH="51" HEIGHT="26" CONTENT="left" WC="0.85" CC="0050"/>
						<SP ID="P97_SP00077" HPOS="1177" VPOS="769" WIDTH="21"/>
						<String ID="P97_ST00092" HPOS="1198" VPOS="744" WIDTH="17" HEIGHT="17" CONTENT="a" WC="1.00" CC="0"/>
						<SP ID="P97_SP00078" HPOS="1215" VPOS="769" WIDTH="20"/>
						<String ID="P97_ST00093" HPOS="1235" VPOS="740" WIDTH="116" HEIGHT="29" CONTENT="request" WC="0.92" CC="4000010"/>
					</TextLine>
					<TextLine ID="P97_TL00012" HPOS="207" VPOS="782" WIDTH="1143" HEIGHT="35">
						<String ID="P97_ST00094" HPOS="207" VPOS="783" WIDTH="29" HEIGHT="25" CONTENT="in" WC="0.86" CC="20"/>
						<SP ID="P97_SP00079" HPOS="236" VPOS="808" WIDTH="23"/>
						<String ID="P97_ST00095" HPOS="259" VPOS="783" WIDTH="50" HEIGHT="25" CONTENT="the" WC="0.87" CC="030"/>
						<SP ID="P97_SP00080" HPOS="309" VPOS="808" WIDTH="23"/>
						<String ID="P97_ST00096" HPOS="332" VPOS="783" WIDTH="62" HEIGHT="31" CONTENT="bar," WC="0.98" CC="0000"/>
						<SP ID="P97_SP00081" HPOS="394" VPOS="814" WIDTH="26"/>
						<String ID="P97_ST00097" HPOS="420" VPOS="783" WIDTH="64" HEIGHT="25" CONTENT="that" WC="0.71" CC="0550"/>
						<SP ID="P97_SP00082" HPOS="484" VPOS="814" WIDTH="23"/>
						<String ID="P97_ST00098" HPOS="507" VPOS="782" WIDTH="24" HEIGHT="26" CONTENT="if" WC="0.81" CC="30"/>
						<SP ID="P97_SP00083" HPOS="531" VPOS="814" WIDTH="22"/>
						<String ID="P97_ST00099" HPOS="553" VPOS="791" WIDTH="60" HEIGHT="26" CONTENT="any" WC="0.90" CC="030"/>
						<SP ID="P97_SP00084" HPOS="613" VPOS="817" WIDTH="23"/>
						<String ID="P97_ST00100" HPOS="636" VPOS="791" WIDTH="55" HEIGHT="17" CONTENT="one" WC="0.78" CC="060"/>
						<SP ID="P97_SP00085" HPOS="691" VPOS="817" WIDTH="22"/>
						<String ID="P97_ST00101" HPOS="713" VPOS="783" WIDTH="105" HEIGHT="25" CONTENT="should" WC="0.75" CC="040450"/>
						<SP ID="P97_SP00086" HPOS="818" VPOS="817" WIDTH="22"/>
						<String ID="P97_ST00102" HPOS="840" VPOS="783" WIDTH="60" HEIGHT="25" CONTENT="-ask" WC="0.81" CC="7000"/>
						<SP ID="P97_SP00087" HPOS="900" VPOS="817" WIDTH="25"/>
						<String ID="P97_ST00103" HPOS="925" VPOS="782" WIDTH="44" HEIGHT="26" CONTENT="for" WC="0.68" CC="270"/>
						<SP ID="P97_SP00088" HPOS="969" VPOS="817" WIDTH="27"/>
						<String ID="P97_ST00104" HPOS="996" VPOS="792" WIDTH="16" HEIGHT="16" CONTENT="a" WC="1.00" CC="0"/>
						<SP ID="P97_SP00089" HPOS="1012" VPOS="817" WIDTH="26"/>
						<String ID="P97_ST00105" HPOS="1038" VPOS="784" WIDTH="171" HEIGHT="33" CONTENT="gentleman" WC="0.80" CC="900080000"/>
						<SP ID="P97_SP00090" HPOS="1209" VPOS="817" WIDTH="33"/>
						<String ID="P97_ST00106" HPOS="1242" VPOS="784" WIDTH="32" HEIGHT="25" CONTENT="of" WC="1.00" CC="00"/>
						<SP ID="P97_SP00091" HPOS="1274" VPOS="817" WIDTH="28"/>
						<String ID="P97_ST00107" HPOS="1302" VPOS="785" WIDTH="48" HEIGHT="25" CONTENT="the" WC="0.87" CC="030"/>
					</TextLine>
					<TextLine ID="P97_TL00013" HPOS="207" VPOS="831" WIDTH="1143" HEIGHT="36">
						<String ID="P97_ST00108" HPOS="207" VPOS="840" WIDTH="87" HEIGHT="17" CONTENT="name" WC="1.00" CC="0000"/>
						<SP ID="P97_SP00092" HPOS="294" VPOS="857" WIDTH="15"/>
						<String ID="P97_ST00109" HPOS="309" VPOS="831" WIDTH="32" HEIGHT="26" CONTENT="of" WC="1.00" CC="00"/>
						<SP ID="P97_SP00093" HPOS="341" VPOS="857" WIDTH="10"/>
						<String ID="P97_ST00110" HPOS="351" VPOS="831" WIDTH="133" HEIGHT="35" CONTENT="Wolsey," WC="0.90" CC="0060000"/>
						<SP ID="P97_SP00094" HPOS="484" VPOS="866" WIDTH="15"/>
						<String ID="P97_ST00111" HPOS="499" VPOS="832" WIDTH="51" HEIGHT="25" CONTENT="the" WC="0.88" CC="030"/>
						<SP ID="P97_SP00095" HPOS="550" VPOS="866" WIDTH="14"/>
						<String ID="P97_ST00112" HPOS="564" VPOS="831" WIDTH="130" HEIGHT="35" CONTENT="inquirer" WC="0.83" CC="52005000"/>
						<SP ID="P97_SP00096" HPOS="694" VPOS="866" WIDTH="20"/>
						<String ID="P97_ST00113" HPOS="714" VPOS="832" WIDTH="105" HEIGHT="26" CONTENT="should" WC="0.87" CC="060100"/>
						<SP ID="P97_SP00097" HPOS="819" VPOS="866" WIDTH="21"/>
						<String ID="P97_ST00114" HPOS="840" VPOS="833" WIDTH="37" HEIGHT="24" CONTENT="be" WC="1.00" CC="00"/>
						<SP ID="P97_SP00098" HPOS="877" VPOS="866" WIDTH="20"/>
						<String ID="P97_ST00115" HPOS="897" VPOS="832" WIDTH="100" HEIGHT="26" CONTENT="shown" WC="0.91" CC="03000"/>
						<SP ID="P97_SP00099" HPOS="997" VPOS="866" WIDTH="22"/>
						<String ID="P97_ST00116" HPOS="1019" VPOS="833" WIDTH="126" HEIGHT="34" CONTENT="straight" WC="0.86" CC="60000040"/>
						<SP ID="P97_SP00100" HPOS="1145" VPOS="867" WIDTH="21"/>
						<String ID="P97_ST00117" HPOS="1166" VPOS="842" WIDTH="48" HEIGHT="25" CONTENT="up," WC="0.71" CC="502"/>
						<SP ID="P97_SP00101" HPOS="1214" VPOS="867" WIDTH="14"/>
						<String ID="P97_ST00118" HPOS="1228" VPOS="833" WIDTH="122" HEIGHT="26" CONTENT="without" WC="0.83" CC="0006032"/>
					</TextLine>
					<TextLine ID="P97_TL00014" HPOS="205" VPOS="880" WIDTH="1144" HEIGHT="36">
						<String ID="P97_ST00119" HPOS="205" VPOS="881" WIDTH="51" HEIGHT="26" CONTENT="the" WC="0.60" CC="560"/>
						<SP ID="P97_SP00102" HPOS="256" VPOS="907" WIDTH="15"/>
						<String ID="P97_ST00120" HPOS="271" VPOS="881" WIDTH="87" HEIGHT="35" CONTENT="delay" WC="1.00" CC="00000"/>
						<SP ID="P97_SP00103" HPOS="358" VPOS="916" WIDTH="13"/>
						<String ID="P97_ST00121" HPOS="371" VPOS="880" WIDTH="33" HEIGHT="27" CONTENT="of" WC="0.76" CC="04"/>
						<SP ID="P97_SP00104" HPOS="404" VPOS="916" WIDTH="11"/>
						<String ID="P97_ST00122" HPOS="415" VPOS="890" WIDTH="37" HEIGHT="17" CONTENT="an" WC="0.82" CC="03"/>
						<SP ID="P97_SP00105" HPOS="452" VPOS="916" WIDTH="19"/>
						<String ID="P97_ST00123" HPOS="471" VPOS="881" WIDTH="121" HEIGHT="26" CONTENT="instant." WC="0.84" CC="00000092"/>
						<SP ID="P97_SP00106" HPOS="592" VPOS="916" WIDTH="41"/>
						<String ID="P97_ST00124" HPOS="633" VPOS="882" WIDTH="59" HEIGHT="25" CONTENT="Not" WC="0.85" CC="004"/>
						<SP ID="P97_SP00107" HPOS="692" VPOS="916" WIDTH="15"/>
						<String ID="P97_ST00125" HPOS="707" VPOS="890" WIDTH="17" HEIGHT="17" CONTENT="a" WC="1.00" CC="0"/>
						<SP ID="P97_SP00108" HPOS="724" VPOS="916" WIDTH="13"/>
						<String ID="P97_ST00126" HPOS="737" VPOS="882" WIDTH="99" HEIGHT="25" CONTENT="knock" WC="1.00" CC="00000"/>
						<SP ID="P97_SP00109" HPOS="836" VPOS="916" WIDTH="14"/>
						<String ID="P97_ST00127" HPOS="850" VPOS="890" WIDTH="82" HEIGHT="17" CONTENT="came" WC="1.00" CC="0000"/>
						<SP ID="P97_SP00110" HPOS="932" VPOS="916" WIDTH="20"/>
						<String ID="P97_ST00128" HPOS="952" VPOS="886" WIDTH="30" HEIGHT="21" CONTENT="to" WC="1.00" CC="00"/>
						<SP ID="P97_SP00111" HPOS="982" VPOS="916" WIDTH="20"/>
						<String ID="P97_ST00129" HPOS="1002" VPOS="882" WIDTH="49" HEIGHT="25" CONTENT="the" WC="1.00" CC="000"/>
						<SP ID="P97_SP00112" HPOS="1051" VPOS="916" WIDTH="21"/>
						<String ID="P97_ST00130" HPOS="1072" VPOS="883" WIDTH="72" HEIGHT="25" CONTENT="door" WC="1.00" CC="0000"/>
						<SP ID="P97_SP00113" HPOS="1144" VPOS="916" WIDTH="20"/>
						<String ID="P97_ST00131" HPOS="1164" VPOS="882" WIDTH="32" HEIGHT="25" CONTENT="of" WC="1.00" CC="00"/>
						<SP ID="P97_SP00114" HPOS="1196" VPOS="916" WIDTH="19"/>
						<String ID="P97_ST00132" HPOS="1215" VPOS="882" WIDTH="44" HEIGHT="25" CONTENT="his" WC="0.62" CC="460"/>
						<SP ID="P97_SP00115" HPOS="1259" VPOS="916" WIDTH="21"/>
						<String ID="P97_ST00133" HPOS="1280" VPOS="883" WIDTH="69" HEIGHT="25" CONTENT="bed" SUBS_TYPE="HypPart1" SUBS_CONTENT="bedroom" WC="1.00" CC="0000"/>
						<HYP CONTENT="-"/>
					</TextLine>
					<TextLine ID="P97_TL00015" HPOS="207" VPOS="930" WIDTH="1143" HEIGHT="35">
						<String ID="P97_ST00134" HPOS="207" VPOS="939" WIDTH="81" HEIGHT="17" CONTENT="room" SUBS_TYPE="HypPart2" SUBS_CONTENT="bedroom" WC="1.00" CC="0000"/>
						<SP ID="P97_SP00116" HPOS="288" VPOS="956" WIDTH="15"/>
						<String ID="P97_ST00135" HPOS="303" VPOS="930" WIDTH="52" HEIGHT="26" CONTENT="but" WC="0.95" CC="010"/>
						<SP ID="P97_SP00117" HPOS="355" VPOS="956" WIDTH="14"/>
						<String ID="P97_ST00136" HPOS="369" VPOS="930" WIDTH="38" HEIGHT="26" CONTENT="he" WC="0.68" CC="60"/>
						<SP ID="P97_SP00118" HPOS="407" VPOS="956" WIDTH="14"/>
						<String ID="P97_ST00137" HPOS="421" VPOS="930" WIDTH="144" HEIGHT="34" CONTENT="expected" WC="1.00" CC="00000000"/>
						<SP ID="P97_SP00119" HPOS="565" VPOS="964" WIDTH="15"/>
						<String ID="P97_ST00138" HPOS="580" VPOS="930" WIDTH="22" HEIGHT="26" CONTENT="it" WC="0.76" CC="40"/>
						<SP ID="P97_SP00120" HPOS="602" VPOS="964" WIDTH="14"/>
						<String ID="P97_ST00139" HPOS="616" VPOS="939" WIDTH="60" HEIGHT="18" CONTENT="was" WC="1.00" CC="000"/>
						<SP ID="P97_SP00121" HPOS="676" VPOS="964" WIDTH="15"/>
						<String ID="P97_ST00140" HPOS="691" VPOS="939" WIDTH="17" HEIGHT="17" CONTENT="a" WC="1.00" CC="0"/>
						<SP ID="P97_SP00122" HPOS="708" VPOS="964" WIDTH="21"/>
						<String ID="P97_ST00141" HPOS="729" VPOS="939" WIDTH="172" HEIGHT="25" CONTENT="messenger" WC="0.98" CC="000000001"/>
						<SP ID="P97_SP00123" HPOS="901" VPOS="964" WIDTH="19"/>
						<String ID="P97_ST00142" HPOS="920" VPOS="930" WIDTH="72" HEIGHT="27" CONTENT="from" WC="1.00" CC="0000"/>
						<SP ID="P97_SP00124" HPOS="992" VPOS="964" WIDTH="22"/>
						<String ID="P97_ST00143" HPOS="1014" VPOS="931" WIDTH="48" HEIGHT="26" CONTENT="the" WC="0.78" CC="060"/>
						<SP ID="P97_SP00125" HPOS="1062" VPOS="964" WIDTH="21"/>
						<String ID="P97_ST00144" HPOS="1083" VPOS="931" WIDTH="73" HEIGHT="34" CONTENT="king" WC="0.54" CC="2059"/>
						<String ID="P97_ST00145" HPOS="1166" VPOS="941" WIDTH="5" HEIGHT="21" CONTENT=";" WC="0.96" CC="0"/>
						<SP ID="P97_SP00126" HPOS="1171" VPOS="965" WIDTH="23"/>
						<String ID="P97_ST00146" HPOS="1194" VPOS="931" WIDTH="58" HEIGHT="26" CONTENT="and" WC="0.80" CC="006"/>
						<SP ID="P97_SP00127" HPOS="1252" VPOS="965" WIDTH="13"/>
						<String ID="P97_ST00147" HPOS="1265" VPOS="932" WIDTH="85" HEIGHT="25" CONTENT="when" WC="0.67" CC="0507"/>
					</TextLine>
					<TextLine ID="P97_TL00016" HPOS="205" VPOS="979" WIDTH="1145" HEIGHT="35">
						<String ID="P97_ST00148" HPOS="205" VPOS="979" WIDTH="38" HEIGHT="26" CONTENT="he" WC="0.79" CC="40"/>
						<SP ID="P97_SP00128" HPOS="243" VPOS="1005" WIDTH="21"/>
						<String ID="P97_ST00149" HPOS="264" VPOS="979" WIDTH="100" HEIGHT="31" CONTENT="found," WC="0.87" CC="001600"/>
						<SP ID="P97_SP00129" HPOS="364" VPOS="1010" WIDTH="25"/>
						<String ID="P97_ST00150" HPOS="389" VPOS="979" WIDTH="30" HEIGHT="25" CONTENT="in" WC="0.73" CC="22"/>
						<SP ID="P97_SP00130" HPOS="419" VPOS="1010" WIDTH="22"/>
						<String ID="P97_ST00151" HPOS="441" VPOS="988" WIDTH="91" HEIGHT="25" CONTENT="many" WC="0.97" CC="0010"/>
						<SP ID="P97_SP00131" HPOS="532" VPOS="1013" WIDTH="23"/>
						<String ID="P97_ST00152" HPOS="555" VPOS="987" WIDTH="92" HEIGHT="23" CONTENT="cases," WC="1.00" CC="000000"/>
						<SP ID="P97_SP00132" HPOS="647" VPOS="1013" WIDTH="20"/>
						<String ID="P97_ST00153" HPOS="667" VPOS="979" WIDTH="21" HEIGHT="26" CONTENT="it" WC="0.96" CC="00"/>
						<SP ID="P97_SP00133" HPOS="688" VPOS="1013" WIDTH="20"/>
						<String ID="P97_ST00154" HPOS="708" VPOS="988" WIDTH="61" HEIGHT="17" CONTENT="was" WC="1.00" CC="000"/>
						<SP ID="P97_SP00134" HPOS="769" VPOS="1013" WIDTH="16"/>
						<String ID="P97_ST00155" HPOS="785" VPOS="983" WIDTH="16" HEIGHT="10" CONTENT='"' WC="0.55" CC="4"/>
						<SP ID="P97_SP00135" HPOS="801" VPOS="1013" WIDTH="12"/>
						<String ID="P97_ST00156" HPOS="813" VPOS="980" WIDTH="71" HEIGHT="34" CONTENT="only" WC="0.78" CC="0260"/>
						<SP ID="P97_SP00136" HPOS="884" VPOS="1014" WIDTH="13"/>
						<String ID="P97_ST00157" HPOS="897" VPOS="980" WIDTH="50" HEIGHT="25" CONTENT="the" WC="0.78" CC="060"/>
						<SP ID="P97_SP00137" HPOS="947" VPOS="1014" WIDTH="21"/>
						<String ID="P97_ST00158" HPOS="968" VPOS="980" WIDTH="113" HEIGHT="32" CONTENT='boots,"' WC="0.88" CC="0000025"/>
						<SP ID="P97_SP00138" HPOS="1081" VPOS="1014" WIDTH="21"/>
						<String ID="P97_ST00159" HPOS="1102" VPOS="980" WIDTH="46" HEIGHT="26" CONTENT="his" WC="0.83" CC="500"/>
						<SP ID="P97_SP00139" HPOS="1148" VPOS="1014" WIDTH="19"/>
						<String ID="P97_ST00160" HPOS="1167" VPOS="980" WIDTH="183" HEIGHT="34" CONTENT="disappoint" SUBS_TYPE="HypPart1" SUBS_CONTENT="disappointment" WC="0.93" CC="00000002500"/>
						<HYP CONTENT="-"/>
					</TextLine>
					<TextLine ID="P97_TL00017" HPOS="207" VPOS="1028" WIDTH="1141" HEIGHT="34">
						<String ID="P97_ST00161" HPOS="207" VPOS="1032" WIDTH="81" HEIGHT="22" CONTENT="ment" SUBS_TYPE="HypPart2" SUBS_CONTENT="disappointment" WC="0.96" CC="0001"/>
						<SP ID="P97_SP00140" HPOS="288" VPOS="1054" WIDTH="14"/>
						<String ID="P97_ST00162" HPOS="302" VPOS="1028" WIDTH="96" HEIGHT="25" CONTENT="would" WC="0.58" CC="90550"/>
						<SP ID="P97_SP00141" HPOS="398" VPOS="1054" WIDTH="14"/>
						<String ID="P97_ST00163" HPOS="412" VPOS="1032" WIDTH="70" HEIGHT="22" CONTENT="vent" WC="0.86" CC="5000"/>
						<SP ID="P97_SP00142" HPOS="482" VPOS="1054" WIDTH="21"/>
						<String ID="P97_ST00164" HPOS="503" VPOS="1028" WIDTH="83" HEIGHT="25" CONTENT="itself" WC="0.95" CC="000030"/>
						<SP ID="P97_SP00143" HPOS="586" VPOS="1054" WIDTH="16"/>
						<String ID="P97_ST00165" HPOS="602" VPOS="1028" WIDTH="28" HEIGHT="25" CONTENT="in" WC="0.96" CC="00"/>
						<SP ID="P97_SP00144" HPOS="630" VPOS="1054" WIDTH="22"/>
						<String ID="P97_ST00166" HPOS="652" VPOS="1033" WIDTH="89" HEIGHT="21" CONTENT="terms" WC="0.93" CC="00003"/>
						<SP ID="P97_SP00145" HPOS="741" VPOS="1054" WIDTH="22"/>
						<String ID="P97_ST00167" HPOS="763" VPOS="1028" WIDTH="32" HEIGHT="26" CONTENT="of" WC="1.00" CC="00"/>
						<SP ID="P97_SP00146" HPOS="795" VPOS="1054" WIDTH="17"/>
						<String ID="P97_ST00168" HPOS="812" VPOS="1033" WIDTH="84" HEIGHT="29" CONTENT="great" WC="1.00" CC="00000"/>
						<SP ID="P97_SP00147" HPOS="896" VPOS="1062" WIDTH="21"/>
						<String ID="P97_ST00169" HPOS="917" VPOS="1028" WIDTH="167" HEIGHT="26" CONTENT="bitterness." WC="0.89" CC="05060000000"/>
						<SP ID="P97_SP00148" HPOS="1084" VPOS="1062" WIDTH="39"/>
						<String ID="P97_ST00170" HPOS="1123" VPOS="1028" WIDTH="156" HEIGHT="34" CONTENT="Adopting" WC="0.94" CC="00000400"/>
						<SP ID="P97_SP00149" HPOS="1279" VPOS="1062" WIDTH="20"/>
						<String ID="P97_ST00171" HPOS="1299" VPOS="1029" WIDTH="49" HEIGHT="26" CONTENT="the" WC="0.82" CC="050"/>
					</TextLine>
					<TextLine ID="P97_TL00018" HPOS="206" VPOS="1076" WIDTH="1143" HEIGHT="36">
						<String ID="P97_ST00172" HPOS="206" VPOS="1083" WIDTH="170" HEIGHT="28" CONTENT="customary" WC="0.90" CC="320200000"/>
						<SP ID="P97_SP00150" HPOS="376" VPOS="1111" WIDTH="23"/>
						<String ID="P97_ST00173" HPOS="399" VPOS="1078" WIDTH="86" HEIGHT="24" CONTENT="mode" WC="1.00" CC="0000"/>
						<SP ID="P97_SP00151" HPOS="485" VPOS="1111" WIDTH="27"/>
						<String ID="P97_ST00174" HPOS="512" VPOS="1076" WIDTH="33" HEIGHT="27" CONTENT="of" WC="1.00" CC="00"/>
						<SP ID="P97_SP00152" HPOS="545" VPOS="1111" WIDTH="22"/>
						<String ID="P97_ST00175" HPOS="567" VPOS="1077" WIDTH="135" HEIGHT="34" CONTENT="showing" WC="0.83" CC="0307100"/>
						<SP ID="P97_SP00153" HPOS="702" VPOS="1111" WIDTH="22"/>
						<String ID="P97_ST00176" HPOS="724" VPOS="1076" WIDTH="78" HEIGHT="35" CONTENT="grief" WC="0.80" CC="03600"/>
						<SP ID="P97_SP00154" HPOS="802" VPOS="1111" WIDTH="20"/>
						<String ID="P97_ST00177" HPOS="822" VPOS="1077" WIDTH="29" HEIGHT="25" CONTENT="in" WC="1.00" CC="00"/>
						<SP ID="P97_SP00155" HPOS="851" VPOS="1111" WIDTH="22"/>
						<String ID="P97_ST00178" HPOS="873" VPOS="1078" WIDTH="84" HEIGHT="24" CONTENT="those" WC="0.67" CC="06090"/>
						<SP ID="P97_SP00156" HPOS="957" VPOS="1111" WIDTH="24"/>
						<String ID="P97_ST00179" HPOS="981" VPOS="1078" WIDTH="204" HEIGHT="33" CONTENT="superstitious" WC="0.96" CC="0000000004000"/>
						<SP ID="P97_SP00157" HPOS="1185" VPOS="1111" WIDTH="24"/>
						<String ID="P97_ST00180" HPOS="1209" VPOS="1078" WIDTH="81" HEIGHT="34" CONTENT="days," WC="1.00" CC="00000"/>
						<SP ID="P97_SP00158" HPOS="1290" VPOS="1112" WIDTH="23"/>
						<String ID="P97_ST00181" HPOS="1313" VPOS="1078" WIDTH="36" HEIGHT="25" CONTENT="he" WC="0.82" CC="30"/>
					</TextLine>
					<TextLine ID="P97_TL00019" HPOS="207" VPOS="1126" WIDTH="1142" HEIGHT="35">
						<String ID="P97_ST00182" HPOS="207" VPOS="1127" WIDTH="70" HEIGHT="25" CONTENT="took" WC="1.00" CC="0000"/>
						<SP ID="P97_SP00159" HPOS="277" VPOS="1152" WIDTH="27"/>
						<String ID="P97_ST00183" HPOS="304" VPOS="1130" WIDTH="29" HEIGHT="22" CONTENT="to" WC="1.00" CC="00"/>
						<SP ID="P97_SP00160" HPOS="333" VPOS="1152" WIDTH="26"/>
						<String ID="P97_ST00184" HPOS="359" VPOS="1127" WIDTH="133" HEIGHT="34" CONTENT="wearing" WC="0.74" CC="0200059"/>
						<SP ID="P97_SP00161" HPOS="492" VPOS="1161" WIDTH="28"/>
						<String ID="P97_ST00185" HPOS="520" VPOS="1126" WIDTH="88" HEIGHT="25" CONTENT="shirts" WC="0.88" CC="042000"/>
						<SP ID="P97_SP00162" HPOS="608" VPOS="1161" WIDTH="36"/>
						<String ID="P97_ST00186" HPOS="644" VPOS="1127" WIDTH="86" HEIGHT="24" CONTENT="made" WC="1.00" CC="0000"/>
						<SP ID="P97_SP00163" HPOS="730" VPOS="1161" WIDTH="36"/>
						<String ID="P97_ST00187" HPOS="766" VPOS="1126" WIDTH="32" HEIGHT="25" CONTENT="of" WC="1.00" CC="00"/>
						<SP ID="P97_SP00164" HPOS="798" VPOS="1161" WIDTH="29"/>
						<String ID="P97_ST00188" HPOS="827" VPOS="1126" WIDTH="166" HEIGHT="25" CONTENT="horse-hair" WC="0.85" CC="5000006020"/>
						<SP ID="P97_SP00165" HPOS="993" VPOS="1161" WIDTH="35"/>
						<String ID="P97_ST00189" HPOS="1028" VPOS="1131" WIDTH="70" HEIGHT="21" CONTENT="next" WC="0.79" CC="0080"/>
						<SP ID="P97_SP00166" HPOS="1098" VPOS="1161" WIDTH="26"/>
						<String ID="P97_ST00190" HPOS="1124" VPOS="1127" WIDTH="46" HEIGHT="25" CONTENT="his" WC="0.76" CC="330"/>
						<SP ID="P97_SP00167" HPOS="1170" VPOS="1161" WIDTH="27"/>
						<String ID="P97_ST00191" HPOS="1197" VPOS="1127" WIDTH="74" HEIGHT="31" CONTENT="skin," WC="0.94" CC="00200"/>
						<SP ID="P97_SP00168" HPOS="1271" VPOS="1161" WIDTH="27"/>
						<String ID="P97_ST00192" HPOS="1298" VPOS="1128" WIDTH="51" HEIGHT="25" CONTENT="but" WC="1.00" CC="000"/>
					</TextLine>
					<TextLine ID="P97_TL00020" HPOS="207" VPOS="1175" WIDTH="1143" HEIGHT="36">
						<String ID="P97_ST00193" HPOS="207" VPOS="1176" WIDTH="224" HEIGHT="35" CONTENT="donkey's-hair" WC="0.90" CC="0000000025022"/>
						<SP ID="P97_SP00169" HPOS="431" VPOS="1211" WIDTH="13"/>
						<String ID="P97_ST00194" HPOS="444" VPOS="1176" WIDTH="97" HEIGHT="25" CONTENT="would" WC="0.84" CC="00502"/>
						<SP ID="P97_SP00170" HPOS="541" VPOS="1211" WIDTH="15"/>
						<String ID="P97_ST00195" HPOS="556" VPOS="1175" WIDTH="144" HEIGHT="34" CONTENT="certainly" WC="0.74" CC="010004376"/>
						<SP ID="P97_SP00171" HPOS="700" VPOS="1211" WIDTH="13"/>
						<String ID="P97_ST00196" HPOS="713" VPOS="1175" WIDTH="76" HEIGHT="25" CONTENT="have" WC="0.83" CC="6000"/>
						<SP ID="P97_SP00172" HPOS="789" VPOS="1211" WIDTH="14"/>
						<String ID="P97_ST00197" HPOS="803" VPOS="1176" WIDTH="73" HEIGHT="25" CONTENT="been" WC="0.86" CC="0005"/>
						<SP ID="P97_SP00173" HPOS="876" VPOS="1211" WIDTH="16"/>
						<String ID="P97_ST00198" HPOS="892" VPOS="1184" WIDTH="80" HEIGHT="17" CONTENT="more" WC="0.92" CC="3000"/>
						<SP ID="P97_SP00174" HPOS="972" VPOS="1211" WIDTH="18"/>
						<String ID="P97_ST00199" HPOS="990" VPOS="1176" WIDTH="198" HEIGHT="34" CONTENT="appropriate." WC="0.97" CC="000000030000"/>
						<SP ID="P97_SP00175" HPOS="1188" VPOS="1211" WIDTH="40"/>
						<String ID="P97_ST00200" HPOS="1228" VPOS="1176" WIDTH="47" HEIGHT="25" CONTENT="He" WC="1.00" CC="00"/>
						<SP ID="P97_SP00176" HPOS="1275" VPOS="1211" WIDTH="17"/>
						<String ID="P97_ST00201" HPOS="1292" VPOS="1177" WIDTH="58" HEIGHT="24" CONTENT="had" WC="0.31" CC="694"/>
					</TextLine>
					<TextLine ID="P97_TL00021" HPOS="207" VPOS="1225" WIDTH="1143" HEIGHT="32">
						<String ID="P97_ST00202" HPOS="207" VPOS="1226" WIDTH="145" HEIGHT="31" CONTENT="however," WC="0.77" CC="40903000"/>
						<SP ID="P97_SP00177" HPOS="352" VPOS="1257" WIDTH="22"/>
						<String ID="P97_ST00203" HPOS="374" VPOS="1226" WIDTH="121" HEIGHT="24" CONTENT="become" WC="0.96" CC="000020"/>
						<SP ID="P97_SP00178" HPOS="495" VPOS="1257" WIDTH="23"/>
						<String ID="P97_ST00204" HPOS="518" VPOS="1233" WIDTH="31" HEIGHT="17" CONTENT="so" WC="1.00" CC="00"/>
						<SP ID="P97_SP00179" HPOS="549" VPOS="1257" WIDTH="28"/>
						<String ID="P97_ST00205" HPOS="577" VPOS="1225" WIDTH="188" HEIGHT="25" CONTENT="accustomed" WC="0.93" CC="0004000020"/>
						<SP ID="P97_SP00180" HPOS="765" VPOS="1257" WIDTH="27"/>
						<String ID="P97_ST00206" HPOS="792" VPOS="1229" WIDTH="30" HEIGHT="20" CONTENT="to" WC="1.00" CC="00"/>
						<SP ID="P97_SP00181" HPOS="822" VPOS="1257" WIDTH="26"/>
						<String ID="P97_ST00207" HPOS="848" VPOS="1225" WIDTH="74" HEIGHT="24" CONTENT="hard" WC="0.82" CC="7000"/>
						<SP ID="P97_SP00182" HPOS="922" VPOS="1257" WIDTH="22"/>
						<String ID="P97_ST00208" HPOS="944" VPOS="1225" WIDTH="77" HEIGHT="30" CONTENT="rubs," WC="0.98" CC="00000"/>
						<SP ID="P97_SP00183" HPOS="1021" VPOS="1257" WIDTH="25"/>
						<String ID="P97_ST00209" HPOS="1046" VPOS="1225" WIDTH="64" HEIGHT="25" CONTENT="that" WC="0.82" CC="0700"/>
						<SP ID="P97_SP00184" HPOS="1110" VPOS="1257" WIDTH="22"/>
						<String ID="P97_ST00210" HPOS="1132" VPOS="1233" WIDTH="17" HEIGHT="17" CONTENT="a" WC="1.00" CC="0"/>
						<SP ID="P97_SP00185" HPOS="1149" VPOS="1257" WIDTH="21"/>
						<String ID="P97_ST00211" HPOS="1170" VPOS="1225" WIDTH="74" HEIGHT="25" CONTENT="little" WC="0.88" CC="050100"/>
						<SP ID="P97_SP00186" HPOS="1244" VPOS="1257" WIDTH="24"/>
						<String ID="P97_ST00212" HPOS="1268" VPOS="1229" WIDTH="82" HEIGHT="21" CONTENT="extra" WC="0.70" CC="00860"/>
					</TextLine>
					<TextLine ID="P97_TL00022" HPOS="207" VPOS="1273" WIDTH="1144" HEIGHT="35">
						<String ID="P97_ST00213" HPOS="207" VPOS="1274" WIDTH="197" HEIGHT="26" CONTENT="scarification" WC="0.91" CC="0000311000401"/>
						<SP ID="P97_SP00187" HPOS="404" VPOS="1300" WIDTH="22"/>
						<String ID="P97_ST00214" HPOS="426" VPOS="1282" WIDTH="60" HEIGHT="17" CONTENT="was" WC="1.00" CC="000"/>
						<SP ID="P97_SP00188" HPOS="486" VPOS="1300" WIDTH="23"/>
						<String ID="P97_ST00215" HPOS="509" VPOS="1274" WIDTH="131" HEIGHT="34" CONTENT="scarcely" WC="0.97" CC="00020000"/>
						<SP ID="P97_SP00189" HPOS="640" VPOS="1308" WIDTH="21"/>
						<String ID="P97_ST00216" HPOS="661" VPOS="1273" WIDTH="190" HEIGHT="34" CONTENT="perceptible." WC="0.91" CC="000000037000"/>
						<SP ID="P97_SP00190" HPOS="851" VPOS="1308" WIDTH="40"/>
						<String ID="P97_ST00217" HPOS="891" VPOS="1273" WIDTH="47" HEIGHT="26" CONTENT="On" WC="0.90" CC="01"/>
						<SP ID="P97_SP00191" HPOS="938" VPOS="1308" WIDTH="22"/>
						<String ID="P97_ST00218" HPOS="960" VPOS="1273" WIDTH="45" HEIGHT="26" CONTENT="his" WC="0.71" CC="530"/>
						<SP ID="P97_SP00192" HPOS="1005" VPOS="1308" WIDTH="22"/>
						<String ID="P97_ST00219" HPOS="1027" VPOS="1274" WIDTH="106" HEIGHT="25" CONTENT="arrival" WC="0.93" CC="0000004"/>
						<SP ID="P97_SP00193" HPOS="1133" VPOS="1308" WIDTH="21"/>
						<String ID="P97_ST00220" HPOS="1154" VPOS="1278" WIDTH="29" HEIGHT="21" CONTENT="at" WC="1.00" CC="00"/>
						<SP ID="P97_SP00194" HPOS="1183" VPOS="1308" WIDTH="20"/>
						<String ID="P97_ST00221" HPOS="1203" VPOS="1274" WIDTH="90" HEIGHT="31" CONTENT="York," WC="1.00" CC="00000"/>
						<SP ID="P97_SP00195" HPOS="1293" VPOS="1308" WIDTH="21"/>
						<String ID="P97_ST00222" HPOS="1314" VPOS="1274" WIDTH="37" HEIGHT="25" CONTENT="he" WC="0.94" CC="10"/>
					</TextLine>
					<TextLine ID="P97_TL00023" HPOS="209" VPOS="1321" WIDTH="1141" HEIGHT="35">
						<String ID="P97_ST00223" HPOS="209" VPOS="1323" WIDTH="206" HEIGHT="26" CONTENT="endeavoured" WC="0.94" CC="04000002000"/>
						<SP ID="P97_SP00196" HPOS="415" VPOS="1349" WIDTH="23"/>
						<String ID="P97_ST00224" HPOS="438" VPOS="1327" WIDTH="31" HEIGHT="22" CONTENT="to" WC="1.00" CC="00"/>
						<SP ID="P97_SP00197" HPOS="469" VPOS="1349" WIDTH="26"/>
						<String ID="P97_ST00225" HPOS="495" VPOS="1323" WIDTH="87" HEIGHT="25" CONTENT="make" WC="1.00" CC="0000"/>
						<SP ID="P97_SP00198" HPOS="582" VPOS="1349" WIDTH="26"/>
						<String ID="P97_ST00226" HPOS="608" VPOS="1321" WIDTH="122" HEIGHT="27" CONTENT="himself" WC="0.86" CC="6000002"/>
						<SP ID="P97_SP00199" HPOS="730" VPOS="1349" WIDTH="22"/>
						<String ID="P97_ST00227" HPOS="752" VPOS="1322" WIDTH="197" HEIGHT="34" CONTENT="neighbourly" WC="0.70" CC="00090401367"/>
						<SP ID="P97_SP00200" HPOS="949" VPOS="1356" WIDTH="22"/>
						<String ID="P97_ST00228" HPOS="971" VPOS="1322" WIDTH="70" HEIGHT="27" CONTENT="with" WC="0.89" CC="0004"/>
						<SP ID="P97_SP00201" HPOS="1041" VPOS="1356" WIDTH="21"/>
						<String ID="P97_ST00229" HPOS="1062" VPOS="1323" WIDTH="49" HEIGHT="25" CONTENT="the" WC="0.81" CC="050"/>
						<SP ID="P97_SP00202" HPOS="1111" VPOS="1356" WIDTH="23"/>
						<String ID="P97_ST00230" HPOS="1134" VPOS="1323" WIDTH="106" HEIGHT="33" CONTENT="people" WC="0.78" CC="700050"/>
						<SP ID="P97_SP00203" HPOS="1240" VPOS="1356" WIDTH="22"/>
						<String ID="P97_ST00231" HPOS="1262" VPOS="1323" WIDTH="88" HEIGHT="26" CONTENT="about" WC="0.96" CC="00010"/>
					</TextLine>
					<TextLine ID="P97_TL00024" HPOS="210" VPOS="1371" WIDTH="1140" HEIGHT="34">
						<String ID="P97_ST00232" HPOS="210" VPOS="1373" WIDTH="70" HEIGHT="30" CONTENT="him," WC="0.74" CC="5500"/>
						<SP ID="P97_SP00204" HPOS="280" VPOS="1403" WIDTH="17"/>
						<String ID="P97_ST00233" HPOS="297" VPOS="1373" WIDTH="58" HEIGHT="25" CONTENT="and" WC="0.83" CC="050"/>
						<SP ID="P97_SP00205" HPOS="355" VPOS="1403" WIDTH="15"/>
						<String ID="P97_ST00234" HPOS="370" VPOS="1373" WIDTH="122" HEIGHT="25" CONTENT="became" WC="0.85" CC="000080"/>
						<SP ID="P97_SP00206" HPOS="492" VPOS="1403" WIDTH="15"/>
						<String ID="P97_ST00235" HPOS="507" VPOS="1380" WIDTH="17" HEIGHT="17" CONTENT="a" WC="1.00" CC="0"/>
						<SP ID="P97_SP00207" HPOS="524" VPOS="1403" WIDTH="14"/>
						<String ID="P97_ST00236" HPOS="538" VPOS="1376" WIDTH="60" HEIGHT="22" CONTENT="sort" WC="0.97" CC="0010"/>
						<SP ID="P97_SP00208" HPOS="598" VPOS="1403" WIDTH="15"/>
						<String ID="P97_ST00237" HPOS="613" VPOS="1371" WIDTH="33" HEIGHT="26" CONTENT="of" WC="0.93" CC="10"/>
						<SP ID="P97_SP00209" HPOS="646" VPOS="1403" WIDTH="9"/>
						<String ID="P97_ST00238" HPOS="655" VPOS="1371" WIDTH="171" HEIGHT="34" CONTENT="gentleman" WC="1.00" CC="000000000"/>
						<SP ID="P97_SP00210" HPOS="826" VPOS="1405" WIDTH="20"/>
						<String ID="P97_ST00239" HPOS="846" VPOS="1371" WIDTH="116" HEIGHT="32" CONTENT="farmer," WC="0.97" CC="0000002"/>
						<SP ID="P97_SP00211" HPOS="962" VPOS="1405" WIDTH="16"/>
						<String ID="P97_ST00240" HPOS="978" VPOS="1371" WIDTH="175" HEIGHT="34" CONTENT="expressing" WC="0.83" CC="0002000319"/>
						<SP ID="P97_SP00212" HPOS="1153" VPOS="1405" WIDTH="19"/>
						<String ID="P97_ST00241" HPOS="1172" VPOS="1372" WIDTH="49" HEIGHT="25" CONTENT="the" WC="0.85" CC="040"/>
						<SP ID="P97_SP00213" HPOS="1221" VPOS="1405" WIDTH="20"/>
						<String ID="P97_ST00242" HPOS="1241" VPOS="1376" WIDTH="109" HEIGHT="21" CONTENT="utmost" WC="0.76" CC="409000"/>
					</TextLine>
					<TextLine ID="P97_TL00025" HPOS="208" VPOS="1420" WIDTH="1141" HEIGHT="32">
						<String ID="P97_ST00243" HPOS="208" VPOS="1423" WIDTH="122" HEIGHT="25" CONTENT="interest" WC="0.91" CC="15000000"/>
						<SP ID="P97_SP00214" HPOS="330" VPOS="1448" WIDTH="21"/>
						<String ID="P97_ST00244" HPOS="351" VPOS="1422" WIDTH="30" HEIGHT="26" CONTENT="in" WC="0.85" CC="02"/>
						<SP ID="P97_SP00215" HPOS="381" VPOS="1448" WIDTH="22"/>
						<String ID="P97_ST00245" HPOS="403" VPOS="1422" WIDTH="78" HEIGHT="25" CONTENT="rural" WC="0.50" CC="27085"/>
						<SP ID="P97_SP00216" HPOS="481" VPOS="1448" WIDTH="23"/>
						<String ID="P97_ST00246" HPOS="504" VPOS="1420" WIDTH="107" HEIGHT="26" CONTENT="affairs." WC="0.89" CC="04102000"/>
						<SP ID="P97_SP00217" HPOS="611" VPOS="1448" WIDTH="41"/>
						<String ID="P97_ST00247" HPOS="652" VPOS="1420" WIDTH="48" HEIGHT="26" CONTENT="He" WC="0.76" CC="40"/>
						<SP ID="P97_SP00218" HPOS="700" VPOS="1448" WIDTH="22"/>
						<String ID="P97_ST00248" HPOS="722" VPOS="1420" WIDTH="87" HEIGHT="25" CONTENT="made" WC="1.00" CC="0000"/>
						<SP ID="P97_SP00219" HPOS="809" VPOS="1448" WIDTH="22"/>
						<String ID="P97_ST00249" HPOS="831" VPOS="1420" WIDTH="121" HEIGHT="26" CONTENT="himself" WC="0.71" CC="6093000"/>
						<SP ID="P97_SP00220" HPOS="952" VPOS="1448" WIDTH="18"/>
						<String ID="P97_ST00250" HPOS="970" VPOS="1429" WIDTH="36" HEIGHT="16" CONTENT="an" WC="1.00" CC="00"/>
						<SP ID="P97_SP00221" HPOS="1006" VPOS="1448" WIDTH="24"/>
						<String ID="P97_ST00251" HPOS="1030" VPOS="1420" WIDTH="147" HEIGHT="26" CONTENT="universal" WC="0.84" CC="041501000"/>
						<SP ID="P97_SP00222" HPOS="1177" VPOS="1448" WIDTH="22"/>
						<String ID="P97_ST00252" HPOS="1199" VPOS="1420" WIDTH="150" HEIGHT="32" CONTENT="favourite," WC="0.82" CC="4070005000"/>
					</TextLine>
					<TextLine ID="P97_TL00026" HPOS="209" VPOS="1469" WIDTH="1145" HEIGHT="35">
						<String ID="P97_ST00253" HPOS="209" VPOS="1472" WIDTH="58" HEIGHT="26" CONTENT="and" WC="0.91" CC="020"/>
						<SP ID="P97_SP00223" HPOS="267" VPOS="1498" WIDTH="21"/>
						<String ID="P97_ST00254" HPOS="288" VPOS="1480" WIDTH="62" HEIGHT="18" CONTENT="was" WC="1.00" CC="000"/>
						<SP ID="P97_SP00224" HPOS="350" VPOS="1498" WIDTH="23"/>
						<String ID="P97_ST00255" HPOS="373" VPOS="1471" WIDTH="51" HEIGHT="26" CONTENT="the" WC="0.80" CC="050"/>
						<SP ID="P97_SP00225" HPOS="424" VPOS="1498" WIDTH="23"/>
						<String ID="P97_ST00256" HPOS="447" VPOS="1470" WIDTH="61" HEIGHT="26" CONTENT="lion" WC="0.89" CC="0202"/>
						<SP ID="P97_SP00226" HPOS="508" VPOS="1498" WIDTH="22"/>
						<String ID="P97_ST00257" HPOS="530" VPOS="1470" WIDTH="33" HEIGHT="25" CONTENT="of" WC="1.00" CC="00"/>
						<SP ID="P97_SP00227" HPOS="563" VPOS="1498" WIDTH="23"/>
						<String ID="P97_ST00258" HPOS="586" VPOS="1477" WIDTH="88" HEIGHT="26" CONTENT="every" WC="1.00" CC="00000"/>
						<SP ID="P97_SP00228" HPOS="674" VPOS="1503" WIDTH="23"/>
						<String ID="P97_ST00259" HPOS="697" VPOS="1469" WIDTH="129" HEIGHT="34" CONTENT="evening" WC="0.86" CC="0000260"/>
						<SP ID="P97_SP00229" HPOS="826" VPOS="1503" WIDTH="23"/>
						<String ID="P97_ST00260" HPOS="849" VPOS="1473" WIDTH="85" HEIGHT="31" CONTENT="party" WC="1.00" CC="00000"/>
						<SP ID="P97_SP00230" HPOS="934" VPOS="1504" WIDTH="23"/>
						<String ID="P97_ST00261" HPOS="957" VPOS="1470" WIDTH="103" HEIGHT="25" CONTENT="within" WC="0.68" CC="035630"/>
						<SP ID="P97_SP00231" HPOS="1060" VPOS="1504" WIDTH="23"/>
						<String ID="P97_ST00262" HPOS="1083" VPOS="1470" WIDTH="104" HEIGHT="25" CONTENT="twelve" WC="0.82" CC="090000"/>
						<SP ID="P97_SP00232" HPOS="1187" VPOS="1504" WIDTH="26"/>
						<String ID="P97_ST00263" HPOS="1213" VPOS="1470" WIDTH="83" HEIGHT="24" CONTENT="miles" WC="0.75" CC="60500"/>
						<SP ID="P97_SP00233" HPOS="1296" VPOS="1504" WIDTH="27"/>
						<String ID="P97_ST00264" HPOS="1323" VPOS="1469" WIDTH="31" HEIGHT="25" CONTENT="of" WC="1.00" CC="00"/>
					</TextLine>
					<TextLine ID="P97_TL00027" HPOS="208" VPOS="1518" WIDTH="1143" HEIGHT="35">
						<String ID="P97_ST00265" HPOS="208" VPOS="1521" WIDTH="47" HEIGHT="26" CONTENT="his" WC="0.74" CC="330"/>
						<SP ID="P97_SP00234" HPOS="255" VPOS="1547" WIDTH="33"/>
						<String ID="P97_ST00266" HPOS="288" VPOS="1520" WIDTH="160" HEIGHT="27" CONTENT="residence." WC="0.96" CC="0002000000"/>
						<SP ID="P97_SP00235" HPOS="448" VPOS="1547" WIDTH="49"/>
						<String ID="P97_ST00267" HPOS="497" VPOS="1520" WIDTH="48" HEIGHT="25" CONTENT="He" WC="0.66" CC="60"/>
						<SP ID="P97_SP00236" HPOS="545" VPOS="1547" WIDTH="32"/>
						<String ID="P97_ST00268" HPOS="577" VPOS="1527" WIDTH="70" HEIGHT="22" CONTENT="was," WC="1.00" CC="0000"/>
						<SP ID="P97_SP00237" HPOS="647" VPOS="1549" WIDTH="34"/>
						<String ID="P97_ST00269" HPOS="681" VPOS="1519" WIDTH="143" HEIGHT="30" CONTENT="however," WC="0.93" CC="50000000"/>
						<SP ID="P97_SP00238" HPOS="824" VPOS="1549" WIDTH="35"/>
						<String ID="P97_ST00270" HPOS="859" VPOS="1519" WIDTH="130" HEIGHT="34" CONTENT="scarcely" WC="1.00" CC="00000000"/>
						<SP ID="P97_SP00239" HPOS="989" VPOS="1553" WIDTH="33"/>
						<String ID="P97_ST00271" HPOS="1022" VPOS="1527" WIDTH="17" HEIGHT="16" CONTENT="a" WC="1.00" CC="0"/>
						<SP ID="P97_SP00240" HPOS="1039" VPOS="1553" WIDTH="31"/>
						<String ID="P97_ST00272" HPOS="1070" VPOS="1518" WIDTH="92" HEIGHT="34" CONTENT="figure" WC="0.62" CC="079500"/>
						<SP ID="P97_SP00241" HPOS="1162" VPOS="1553" WIDTH="32"/>
						<String ID="P97_ST00273" HPOS="1194" VPOS="1518" WIDTH="43" HEIGHT="25" CONTENT="for" WC="1.00" CC="000"/>
						<SP ID="P97_SP00242" HPOS="1237" VPOS="1553" WIDTH="32"/>
						<String ID="P97_ST00274" HPOS="1269" VPOS="1519" WIDTH="82" HEIGHT="25" CONTENT="these" WC="0.88" CC="05000"/>
					</TextLine>
					<TextLine ID="P97_TL00028" HPOS="206" VPOS="1567" WIDTH="1144" HEIGHT="35">
						<String ID="P97_ST00275" HPOS="206" VPOS="1570" WIDTH="144" HEIGHT="32" CONTENT="reunions," WC="0.55" CC="098400781"/>
						<SP ID="P97_SP00243" HPOS="350" VPOS="1602" WIDTH="25"/>
						<String ID="P97_ST00276" HPOS="375" VPOS="1570" WIDTH="30" HEIGHT="25" CONTENT="in" WC="0.73" CC="40"/>
						<SP ID="P97_SP00244" HPOS="405" VPOS="1602" WIDTH="24"/>
						<String ID="P97_ST00277" HPOS="429" VPOS="1569" WIDTH="46" HEIGHT="26" CONTENT="his" WC="0.78" CC="330"/>
						<SP ID="P97_SP00245" HPOS="475" VPOS="1602" WIDTH="23"/>
						<String ID="P97_ST00278" HPOS="498" VPOS="1568" WIDTH="168" HEIGHT="26" CONTENT="horse-hair" WC="0.87" CC="3000035000"/>
						<SP ID="P97_SP00246" HPOS="666" VPOS="1602" WIDTH="26"/>
						<String ID="P97_ST00279" HPOS="692" VPOS="1567" WIDTH="73" HEIGHT="26" CONTENT="shirt" WC="0.81" CC="05300"/>
						<String ID="P97_ST00280" HPOS="775" VPOS="1577" WIDTH="6" HEIGHT="20" CONTENT=";" WC="0.53" CC="4"/>
						<SP ID="P97_SP00247" HPOS="781" VPOS="1602" WIDTH="30"/>
						<String ID="P97_ST00281" HPOS="811" VPOS="1568" WIDTH="51" HEIGHT="25" CONTENT="but" WC="0.86" CC="040"/>
						<SP ID="P97_SP00248" HPOS="862" VPOS="1602" WIDTH="27"/>
						<String ID="P97_ST00282" HPOS="889" VPOS="1568" WIDTH="36" HEIGHT="25" CONTENT="he" WC="0.67" CC="60"/>
						<SP ID="P97_SP00249" HPOS="925" VPOS="1602" WIDTH="26"/>
						<String ID="P97_ST00283" HPOS="951" VPOS="1567" WIDTH="145" HEIGHT="35" CONTENT="probably" WC="0.77" CC="70031500"/>
						<SP ID="P97_SP00250" HPOS="1096" VPOS="1602" WIDTH="23"/>
						<String ID="P97_ST00284" HPOS="1119" VPOS="1567" WIDTH="157" HEIGHT="25" CONTENT="concealed" WC="0.93" CC="006000000"/>
						<SP ID="P97_SP00251" HPOS="1276" VPOS="1602" WIDTH="25"/>
						<String ID="P97_ST00285" HPOS="1301" VPOS="1567" WIDTH="49" HEIGHT="25" CONTENT="the" WC="0.82" CC="050"/>
					</TextLine>
					<TextLine ID="P97_TL00029" HPOS="205" VPOS="1616" WIDTH="1145" HEIGHT="37">
						<String ID="P97_ST00286" HPOS="205" VPOS="1619" WIDTH="177" HEIGHT="34" CONTENT="penitential" WC="0.84" CC="01000040505"/>
						<SP ID="P97_SP00252" HPOS="382" VPOS="1653" WIDTH="17"/>
						<String ID="P97_ST00287" HPOS="399" VPOS="1622" WIDTH="67" HEIGHT="30" CONTENT="part" WC="1.00" CC="0000"/>
						<SP ID="P97_SP00253" HPOS="466" VPOS="1653" WIDTH="20"/>
						<String ID="P97_ST00288" HPOS="486" VPOS="1617" WIDTH="34" HEIGHT="26" CONTENT="of" WC="1.00" CC="00"/>
						<SP ID="P97_SP00254" HPOS="520" VPOS="1653" WIDTH="14"/>
						<String ID="P97_ST00289" HPOS="534" VPOS="1617" WIDTH="46" HEIGHT="26" CONTENT="his" WC="0.76" CC="430"/>
						<SP ID="P97_SP00255" HPOS="580" VPOS="1653" WIDTH="18"/>
						<String ID="P97_ST00290" HPOS="598" VPOS="1620" WIDTH="131" HEIGHT="22" CONTENT="costume" WC="1.00" CC="0000000"/>
						<SP ID="P97_SP00256" HPOS="729" VPOS="1653" WIDTH="17"/>
						<String ID="P97_ST00291" HPOS="746" VPOS="1617" WIDTH="39" HEIGHT="35" CONTENT="by" WC="1.00" CC="00"/>
						<SP ID="P97_SP00257" HPOS="785" VPOS="1653" WIDTH="16"/>
						<String ID="P97_ST00292" HPOS="801" VPOS="1616" WIDTH="132" HEIGHT="35" CONTENT="wearing" WC="0.92" CC="0000050"/>
						<SP ID="P97_SP00258" HPOS="933" VPOS="1653" WIDTH="20"/>
						<String ID="P97_ST00293" HPOS="953" VPOS="1625" WIDTH="17" HEIGHT="17" CONTENT="a" WC="1.00" CC="0"/>
						<SP ID="P97_SP00259" HPOS="970" VPOS="1653" WIDTH="18"/>
						<String ID="P97_ST00294" HPOS="988" VPOS="1616" WIDTH="198" HEIGHT="26" CONTENT="camel's-hair" WC="0.86" CC="000002004052"/>
						<SP ID="P97_SP00260" HPOS="1186" VPOS="1653" WIDTH="13"/>
						<String ID="P97_ST00295" HPOS="1199" VPOS="1616" WIDTH="151" HEIGHT="25" CONTENT="waistcoat" WC="0.95" CC="004000000"/>
					</TextLine>
					<TextLine ID="P97_TL00030" HPOS="205" VPOS="1667" WIDTH="331" HEIGHT="34">
						<String ID="P97_ST00296" HPOS="205" VPOS="1669" WIDTH="204" HEIGHT="32" CONTENT="immediately" WC="0.92" CC="10000000070"/>
						<SP ID="P97_SP00261" HPOS="409" VPOS="1701" WIDTH="13"/>
						<String ID="P97_ST00297" HPOS="422" VPOS="1675" WIDTH="69" HEIGHT="19" CONTENT="over" WC="0.96" CC="0001"/>
						<SP ID="P97_SP00262" HPOS="491" VPOS="1701" WIDTH="14"/>
						<String ID="P97_ST00298" HPOS="505" VPOS="1667" WIDTH="31" HEIGHT="26" CONTENT="it." WC="1.00" CC="000"/>
					</TextLine>
				</TextBlock>
				<TextBlock ID="P97_TB00006" HPOS="204" VPOS="1739" WIDTH="1147" HEIGHT="433" STYLEREFS="TXT_1 PAR_LEFT">
					<TextLine ID="P97_TL00031" HPOS="261" VPOS="1740" WIDTH="1089" HEIGHT="37">
						<String ID="P97_ST00299" HPOS="261" VPOS="1743" WIDTH="64" HEIGHT="25" CONTENT="The" WC="0.81" CC="050"/>
						<SP ID="P97_SP00263" HPOS="325" VPOS="1768" WIDTH="18"/>
						<String ID="P97_ST00300" HPOS="343" VPOS="1743" WIDTH="102" HEIGHT="33" CONTENT="clergy" WC="0.91" CC="030100"/>
						<SP ID="P97_SP00264" HPOS="445" VPOS="1776" WIDTH="14"/>
						<String ID="P97_ST00301" HPOS="459" VPOS="1749" WIDTH="75" HEIGHT="18" CONTENT="were" WC="1.00" CC="0000"/>
						<SP ID="P97_SP00265" HPOS="534" VPOS="1776" WIDTH="22"/>
						<String ID="P97_ST00302" HPOS="556" VPOS="1741" WIDTH="110" HEIGHT="33" CONTENT="always" WC="0.82" CC="010009"/>
						<SP ID="P97_SP00266" HPOS="666" VPOS="1776" WIDTH="18"/>
						<String ID="P97_ST00303" HPOS="684" VPOS="1741" WIDTH="117" HEIGHT="33" CONTENT="getting" WC="0.85" CC="0000450"/>
						<SP ID="P97_SP00267" HPOS="801" VPOS="1776" WIDTH="21"/>
						<String ID="P97_ST00304" HPOS="822" VPOS="1749" WIDTH="39" HEIGHT="25" CONTENT="up" WC="0.83" CC="30"/>
						<SP ID="P97_SP00268" HPOS="861" VPOS="1776" WIDTH="17"/>
						<String ID="P97_ST00305" HPOS="878" VPOS="1741" WIDTH="76" HEIGHT="25" CONTENT="little" WC="0.91" CC="220000"/>
						<SP ID="P97_SP00269" HPOS="954" VPOS="1776" WIDTH="14"/>
						<String ID="P97_ST00306" HPOS="968" VPOS="1740" WIDTH="82" HEIGHT="37" CONTENT="fetes," WC="0.73" CC="030254"/>
						<SP ID="P97_SP00270" HPOS="1050" VPOS="1777" WIDTH="20"/>
						<String ID="P97_ST00307" HPOS="1070" VPOS="1740" WIDTH="32" HEIGHT="26" CONTENT="of" WC="1.00" CC="00"/>
						<SP ID="P97_SP00271" HPOS="1102" VPOS="1777" WIDTH="16"/>
						<String ID="P97_ST00308" HPOS="1118" VPOS="1741" WIDTH="95" HEIGHT="25" CONTENT="which" WC="0.97" CC="00100"/>
						<SP ID="P97_SP00272" HPOS="1213" VPOS="1777" WIDTH="21"/>
						<String ID="P97_ST00309" HPOS="1234" VPOS="1741" WIDTH="37" HEIGHT="25" CONTENT="he" WC="0.66" CC="24"/>
						<SP ID="P97_SP00273" HPOS="1271" VPOS="1777" WIDTH="19"/>
						<String ID="P97_ST00310" HPOS="1290" VPOS="1748" WIDTH="60" HEIGHT="18" CONTENT="was" WC="1.00" CC="000"/>
					</TextLine>
					<TextLine ID="P97_TL00032" HPOS="207" VPOS="1789" WIDTH="1144" HEIGHT="35">
						<String ID="P97_ST00311" HPOS="207" VPOS="1793" WIDTH="50" HEIGHT="25" CONTENT="the" WC="0.82" CC="050"/>
						<SP ID="P97_SP00274" HPOS="257" VPOS="1818" WIDTH="14"/>
						<String ID="P97_ST00312" HPOS="271" VPOS="1793" WIDTH="71" HEIGHT="25" CONTENT="hero" WC="0.86" CC="5000"/>
						<String ID="P97_ST00313" HPOS="354" VPOS="1802" WIDTH="4" HEIGHT="16" CONTENT=":" WC="0.45" CC="5"/>
						<SP ID="P97_SP00275" HPOS="358" VPOS="1818" WIDTH="24"/>
						<String ID="P97_ST00314" HPOS="382" VPOS="1791" WIDTH="57" HEIGHT="26" CONTENT="and" WC="1.00" CC="000"/>
						<SP ID="P97_SP00276" HPOS="439" VPOS="1818" WIDTH="15"/>
						<String ID="P97_ST00315" HPOS="454" VPOS="1791" WIDTH="38" HEIGHT="25" CONTENT="he" WC="0.80" CC="40"/>
						<SP ID="P97_SP00277" HPOS="492" VPOS="1818" WIDTH="13"/>
						<String ID="P97_ST00316" HPOS="505" VPOS="1798" WIDTH="61" HEIGHT="18" CONTENT="was" WC="1.00" CC="000"/>
						<SP ID="P97_SP00278" HPOS="566" VPOS="1818" WIDTH="20"/>
						<String ID="P97_ST00317" HPOS="586" VPOS="1790" WIDTH="111" HEIGHT="25" CONTENT="invited" WC="0.95" CC="3000000"/>
						<SP ID="P97_SP00279" HPOS="697" VPOS="1818" WIDTH="16"/>
						<String ID="P97_ST00318" HPOS="713" VPOS="1794" WIDTH="30" HEIGHT="22" CONTENT="to" WC="1.00" CC="00"/>
						<SP ID="P97_SP00280" HPOS="743" VPOS="1818" WIDTH="20"/>
						<String ID="P97_ST00319" HPOS="763" VPOS="1790" WIDTH="50" HEIGHT="25" CONTENT="the" WC="0.87" CC="030"/>
						<SP ID="P97_SP00281" HPOS="813" VPOS="1818" WIDTH="21"/>
						<String ID="P97_ST00320" HPOS="834" VPOS="1798" WIDTH="156" HEIGHT="26" CONTENT="ceremony" WC="0.97" CC="00002000"/>
						<SP ID="P97_SP00282" HPOS="990" VPOS="1824" WIDTH="14"/>
						<String ID="P97_ST00321" HPOS="1004" VPOS="1789" WIDTH="33" HEIGHT="26" CONTENT="of" WC="1.00" CC="00"/>
						<SP ID="P97_SP00283" HPOS="1037" VPOS="1824" WIDTH="15"/>
						<String ID="P97_ST00322" HPOS="1052" VPOS="1790" WIDTH="183" HEIGHT="25" CONTENT="installation" WC="0.85" CC="560000000500"/>
						<SP ID="P97_SP00284" HPOS="1235" VPOS="1824" WIDTH="20"/>
						<String ID="P97_ST00323" HPOS="1255" VPOS="1789" WIDTH="30" HEIGHT="25" CONTENT="in" WC="1.00" CC="00"/>
						<SP ID="P97_SP00285" HPOS="1285" VPOS="1824" WIDTH="20"/>
						<String ID="P97_ST00324" HPOS="1305" VPOS="1789" WIDTH="46" HEIGHT="25" CONTENT="his" WC="0.80" CC="600"/>
					</TextLine>
					<TextLine ID="P97_TL00033" HPOS="206" VPOS="1838" WIDTH="1145" HEIGHT="35">
						<String ID="P97_ST00325" HPOS="206" VPOS="1842" WIDTH="161" HEIGHT="31" CONTENT="cathedral," WC="0.89" CC="0004000060"/>
						<SP ID="P97_SP00286" HPOS="367" VPOS="1873" WIDTH="21"/>
						<String ID="P97_ST00326" HPOS="388" VPOS="1840" WIDTH="97" HEIGHT="27" CONTENT="which" WC="0.79" CC="05500"/>
						<SP ID="P97_SP00287" HPOS="485" VPOS="1873" WIDTH="23"/>
						<String ID="P97_ST00327" HPOS="508" VPOS="1840" WIDTH="38" HEIGHT="25" CONTENT="he" WC="0.65" CC="70"/>
						<SP ID="P97_SP00288" HPOS="546" VPOS="1873" WIDTH="22"/>
						<String ID="P97_ST00328" HPOS="568" VPOS="1839" WIDTH="148" HEIGHT="34" CONTENT="promised" WC="0.87" CC="02304000"/>
						<SP ID="P97_SP00289" HPOS="716" VPOS="1873" WIDTH="24"/>
						<String ID="P97_ST00329" HPOS="740" VPOS="1843" WIDTH="30" HEIGHT="22" CONTENT="to" WC="1.00" CC="00"/>
						<SP ID="P97_SP00290" HPOS="770" VPOS="1873" WIDTH="24"/>
						<String ID="P97_ST00330" HPOS="794" VPOS="1847" WIDTH="39" HEIGHT="26" CONTENT="go" WC="1.00" CC="00"/>
						<SP ID="P97_SP00291" HPOS="833" VPOS="1873" WIDTH="23"/>
						<String ID="P97_ST00331" HPOS="856" VPOS="1840" WIDTH="138" HEIGHT="33" CONTENT="through," WC="0.70" CC="05000944"/>
						<SP ID="P97_SP00292" HPOS="994" VPOS="1873" WIDTH="23"/>
						<String ID="P97_ST00332" HPOS="1017" VPOS="1847" WIDTH="37" HEIGHT="17" CONTENT="on" WC="0.84" CC="03"/>
						<SP ID="P97_SP00293" HPOS="1054" VPOS="1873" WIDTH="24"/>
						<String ID="P97_ST00333" HPOS="1078" VPOS="1839" WIDTH="150" HEIGHT="25" CONTENT="condition" WC="0.92" CC="000040002"/>
						<SP ID="P97_SP00294" HPOS="1228" VPOS="1873" WIDTH="23"/>
						<String ID="P97_ST00334" HPOS="1251" VPOS="1838" WIDTH="33" HEIGHT="26" CONTENT="of" WC="0.89" CC="02"/>
						<SP ID="P97_SP00295" HPOS="1284" VPOS="1873" WIDTH="18"/>
						<String ID="P97_ST00335" HPOS="1302" VPOS="1839" WIDTH="49" HEIGHT="25" CONTENT="the" WC="0.86" CC="040"/>
					</TextLine>
					<TextLine ID="P97_TL00034" HPOS="207" VPOS="1888" WIDTH="1143" HEIGHT="38">
						<String ID="P97_ST00336" HPOS="207" VPOS="1892" WIDTH="87" HEIGHT="34" CONTENT="thing" WC="0.80" CC="06300"/>
						<SP ID="P97_SP00296" HPOS="294" VPOS="1926" WIDTH="21"/>
						<String ID="P97_ST00337" HPOS="315" VPOS="1891" WIDTH="92" HEIGHT="34" CONTENT="being" WC="0.90" CC="00400"/>
						<SP ID="P97_SP00297" HPOS="407" VPOS="1926" WIDTH="26"/>
						<String ID="P97_ST00338" HPOS="433" VPOS="1891" WIDTH="77" HEIGHT="25" CONTENT="done" WC="0.91" CC="2100"/>
						<SP ID="P97_SP00298" HPOS="510" VPOS="1926" WIDTH="28"/>
						<String ID="P97_ST00339" HPOS="538" VPOS="1898" WIDTH="32" HEIGHT="17" CONTENT="as" WC="1.00" CC="00"/>
						<SP ID="P97_SP00299" HPOS="570" VPOS="1926" WIDTH="22"/>
						<String ID="P97_ST00340" HPOS="592" VPOS="1889" WIDTH="114" HEIGHT="34" CONTENT="quietly" WC="0.95" CC="0000030"/>
						<SP ID="P97_SP00300" HPOS="706" VPOS="1926" WIDTH="19"/>
						<String ID="P97_ST00341" HPOS="725" VPOS="1896" WIDTH="33" HEIGHT="18" CONTENT="as" WC="1.00" CC="00"/>
						<SP ID="P97_SP00301" HPOS="758" VPOS="1926" WIDTH="21"/>
						<String ID="P97_ST00342" HPOS="779" VPOS="1888" WIDTH="140" HEIGHT="35" CONTENT="possible." WC="0.93" CC="000000500"/>
						<SP ID="P97_SP00302" HPOS="919" VPOS="1926" WIDTH="41"/>
						<String ID="P97_ST00343" HPOS="960" VPOS="1888" WIDTH="26" HEIGHT="25" CONTENT="It" WC="1.00" CC="00"/>
						<SP ID="P97_SP00303" HPOS="986" VPOS="1926" WIDTH="21"/>
						<String ID="P97_ST00344" HPOS="1007" VPOS="1896" WIDTH="61" HEIGHT="17" CONTENT="was" WC="1.00" CC="000"/>
						<SP ID="P97_SP00304" HPOS="1068" VPOS="1926" WIDTH="20"/>
						<String ID="P97_ST00345" HPOS="1088" VPOS="1888" WIDTH="178" HEIGHT="25" CONTENT="understood" WC="0.98" CC="1000000000"/>
						<SP ID="P97_SP00305" HPOS="1266" VPOS="1926" WIDTH="21"/>
						<String ID="P97_ST00346" HPOS="1287" VPOS="1888" WIDTH="63" HEIGHT="25" CONTENT="that" WC="0.75" CC="0620"/>
					</TextLine>
					<TextLine ID="P97_TL00035" HPOS="206" VPOS="1937" WIDTH="1145" HEIGHT="35">
						<String ID="P97_ST00347" HPOS="206" VPOS="1942" WIDTH="83" HEIGHT="25" CONTENT="there" WC="0.87" CC="06000"/>
						<SP ID="P97_SP00306" HPOS="289" VPOS="1967" WIDTH="21"/>
						<String ID="P97_ST00348" HPOS="310" VPOS="1940" WIDTH="105" HEIGHT="27" CONTENT="should" WC="0.93" CC="120000"/>
						<SP ID="P97_SP00307" HPOS="415" VPOS="1967" WIDTH="19"/>
						<String ID="P97_ST00349" HPOS="434" VPOS="1940" WIDTH="36" HEIGHT="26" CONTENT="be" WC="0.74" CC="05"/>
						<SP ID="P97_SP00308" HPOS="470" VPOS="1967" WIDTH="22"/>
						<String ID="P97_ST00350" HPOS="492" VPOS="1942" WIDTH="15" HEIGHT="11" CONTENT='"' WC="0.85" CC="1"/>
						<SP ID="P97_SP00309" HPOS="507" VPOS="1967" WIDTH="13"/>
						<String ID="P97_ST00351" HPOS="520" VPOS="1947" WIDTH="38" HEIGHT="17" CONTENT="no" WC="1.00" CC="00"/>
						<SP ID="P97_SP00310" HPOS="558" VPOS="1967" WIDTH="22"/>
						<String ID="P97_ST00352" HPOS="580" VPOS="1938" WIDTH="89" HEIGHT="32" CONTENT='fuss,"' WC="0.65" CC="095014"/>
						<SP ID="P97_SP00311" HPOS="669" VPOS="1970" WIDTH="20"/>
						<String ID="P97_ST00353" HPOS="689" VPOS="1938" WIDTH="52" HEIGHT="26" CONTENT="but" WC="0.87" CC="030"/>
						<SP ID="P97_SP00312" HPOS="741" VPOS="1970" WIDTH="21"/>
						<String ID="P97_ST00354" HPOS="762" VPOS="1938" WIDTH="112" HEIGHT="25" CONTENT="several" WC="1.00" CC="0000000"/>
						<SP ID="P97_SP00313" HPOS="874" VPOS="1970" WIDTH="22"/>
						<String ID="P97_ST00355" HPOS="896" VPOS="1937" WIDTH="33" HEIGHT="26" CONTENT="of" WC="1.00" CC="00"/>
						<SP ID="P97_SP00314" HPOS="929" VPOS="1970" WIDTH="18"/>
						<String ID="P97_ST00356" HPOS="947" VPOS="1938" WIDTH="50" HEIGHT="25" CONTENT="the" WC="1.00" CC="000"/>
						<SP ID="P97_SP00315" HPOS="997" VPOS="1970" WIDTH="20"/>
						<String ID="P97_ST00357" HPOS="1017" VPOS="1937" WIDTH="127" HEIGHT="35" CONTENT="nobility" WC="0.96" CC="20000000"/>
						<SP ID="P97_SP00316" HPOS="1144" VPOS="1972" WIDTH="22"/>
						<String ID="P97_ST00358" HPOS="1166" VPOS="1937" WIDTH="59" HEIGHT="25" CONTENT="and" WC="1.00" CC="000"/>
						<SP ID="P97_SP00317" HPOS="1225" VPOS="1972" WIDTH="21"/>
						<String ID="P97_ST00359" HPOS="1246" VPOS="1940" WIDTH="105" HEIGHT="31" CONTENT="gentry" WC="0.98" CC="000010"/>
					</TextLine>
					<TextLine ID="P97_TL00036" HPOS="207" VPOS="1985" WIDTH="1143" HEIGHT="36">
						<String ID="P97_ST00360" HPOS="207" VPOS="1995" WIDTH="65" HEIGHT="22" CONTENT="sent" WC="1.00" CC="0000"/>
						<SP ID="P97_SP00318" HPOS="272" VPOS="2017" WIDTH="16"/>
						<String ID="P97_ST00361" HPOS="288" VPOS="1989" WIDTH="216" HEIGHT="28" CONTENT="contributions" WC="0.93" CC="0000410003000"/>
						<SP ID="P97_SP00319" HPOS="504" VPOS="2017" WIDTH="15"/>
						<String ID="P97_ST00362" HPOS="519" VPOS="1988" WIDTH="33" HEIGHT="27" CONTENT="of" WC="1.00" CC="00"/>
						<SP ID="P97_SP00320" HPOS="552" VPOS="2017" WIDTH="10"/>
						<String ID="P97_ST00363" HPOS="562" VPOS="1988" WIDTH="65" HEIGHT="26" CONTENT="cold" WC="0.87" CC="0050"/>
						<SP ID="P97_SP00321" HPOS="627" VPOS="2017" WIDTH="14"/>
						<String ID="P97_ST00364" HPOS="641" VPOS="1991" WIDTH="80" HEIGHT="22" CONTENT="meat" WC="0.92" CC="0003"/>
						<SP ID="P97_SP00322" HPOS="721" VPOS="2017" WIDTH="14"/>
						<String ID="P97_ST00365" HPOS="735" VPOS="1988" WIDTH="59" HEIGHT="25" CONTENT="and" WC="0.92" CC="020"/>
						<SP ID="P97_SP00323" HPOS="794" VPOS="2017" WIDTH="13"/>
						<String ID="P97_ST00366" HPOS="807" VPOS="1987" WIDTH="86" HEIGHT="32" CONTENT="wine," WC="0.94" CC="00002"/>
						<SP ID="P97_SP00324" HPOS="893" VPOS="2019" WIDTH="15"/>
						<String ID="P97_ST00367" HPOS="908" VPOS="1986" WIDTH="129" HEIGHT="35" CONTENT="forming" WC="0.87" CC="0000440"/>
						<SP ID="P97_SP00325" HPOS="1037" VPOS="2021" WIDTH="13"/>
						<String ID="P97_ST00368" HPOS="1050" VPOS="1986" WIDTH="176" HEIGHT="26" CONTENT="themselves" WC="0.88" CC="0500006000"/>
						<SP ID="P97_SP00326" HPOS="1226" VPOS="2021" WIDTH="17"/>
						<String ID="P97_ST00369" HPOS="1243" VPOS="1985" WIDTH="30" HEIGHT="26" CONTENT="in" WC="1.00" CC="00"/>
						<SP ID="P97_SP00327" HPOS="1273" VPOS="2021" WIDTH="20"/>
						<String ID="P97_ST00370" HPOS="1293" VPOS="1985" WIDTH="57" HEIGHT="26" CONTENT="fact" WC="0.98" CC="0000"/>
					</TextLine>
					<TextLine ID="P97_TL00037" HPOS="206" VPOS="2034" WIDTH="1145" HEIGHT="40">
						<String ID="P97_ST00371" HPOS="206" VPOS="2040" WIDTH="62" HEIGHT="26" CONTENT="into" WC="0.95" CC="1000"/>
						<SP ID="P97_SP00328" HPOS="268" VPOS="2066" WIDTH="15"/>
						<String ID="P97_ST00372" HPOS="283" VPOS="2049" WIDTH="18" HEIGHT="17" CONTENT="a" WC="1.00" CC="0"/>
						<SP ID="P97_SP00329" HPOS="301" VPOS="2066" WIDTH="14"/>
						<String ID="P97_ST00373" HPOS="315" VPOS="2039" WIDTH="182" HEIGHT="35" CONTENT="provisional" WC="0.88" CC="00002900000"/>
						<SP ID="P97_SP00330" HPOS="497" VPOS="2074" WIDTH="16"/>
						<String ID="P97_ST00374" HPOS="513" VPOS="2038" WIDTH="178" HEIGHT="32" CONTENT="committee," WC="0.93" CC="0000300003"/>
						<SP ID="P97_SP00331" HPOS="691" VPOS="2074" WIDTH="16"/>
						<String ID="P97_ST00375" HPOS="707" VPOS="2045" WIDTH="32" HEIGHT="18" CONTENT="so" WC="1.00" CC="00"/>
						<SP ID="P97_SP00332" HPOS="739" VPOS="2074" WIDTH="15"/>
						<String ID="P97_ST00376" HPOS="754" VPOS="2037" WIDTH="64" HEIGHT="26" CONTENT="that" WC="0.98" CC="0000"/>
						<SP ID="P97_SP00333" HPOS="818" VPOS="2074" WIDTH="15"/>
						<String ID="P97_ST00377" HPOS="833" VPOS="2036" WIDTH="49" HEIGHT="26" CONTENT="the" WC="0.80" CC="050"/>
						<SP ID="P97_SP00334" HPOS="882" VPOS="2074" WIDTH="14"/>
						<String ID="P97_ST00378" HPOS="896" VPOS="2035" WIDTH="85" HEIGHT="27" CONTENT="affair" WC="0.77" CC="007060"/>
						<SP ID="P97_SP00335" HPOS="981" VPOS="2074" WIDTH="13"/>
						<String ID="P97_ST00379" HPOS="994" VPOS="2035" WIDTH="125" HEIGHT="35" CONTENT="partook" WC="0.97" CC="0000020"/>
						<SP ID="P97_SP00336" HPOS="1119" VPOS="2074" WIDTH="19"/>
						<String ID="P97_ST00380" HPOS="1138" VPOS="2035" WIDTH="99" HEIGHT="26" CONTENT="rather" WC="0.95" CC="000200"/>
						<SP ID="P97_SP00337" HPOS="1237" VPOS="2074" WIDTH="17"/>
						<String ID="P97_ST00381" HPOS="1254" VPOS="2034" WIDTH="33" HEIGHT="27" CONTENT="of" WC="0.82" CC="03"/>
						<SP ID="P97_SP00338" HPOS="1287" VPOS="2074" WIDTH="15"/>
						<String ID="P97_ST00382" HPOS="1302" VPOS="2034" WIDTH="49" HEIGHT="26" CONTENT="the" WC="0.61" CC="550"/>
					</TextLine>
					<TextLine ID="P97_TL00038" HPOS="205" VPOS="2084" WIDTH="1146" HEIGHT="38">
						<String ID="P97_ST00383" HPOS="205" VPOS="2090" WIDTH="154" HEIGHT="26" CONTENT="character" WC="0.92" CC="030030000"/>
						<SP ID="P97_SP00339" HPOS="359" VPOS="2116" WIDTH="13"/>
						<String ID="P97_ST00384" HPOS="372" VPOS="2088" WIDTH="33" HEIGHT="27" CONTENT="of" WC="0.85" CC="20"/>
						<SP ID="P97_SP00340" HPOS="405" VPOS="2116" WIDTH="10"/>
						<String ID="P97_ST00385" HPOS="415" VPOS="2097" WIDTH="16" HEIGHT="17" CONTENT="a" WC="1.00" CC="0"/>
						<SP ID="P97_SP00341" HPOS="431" VPOS="2116" WIDTH="15"/>
						<String ID="P97_ST00386" HPOS="446" VPOS="2088" WIDTH="111" HEIGHT="34" CONTENT="pic-nic" WC="0.80" CC="0602220"/>
						<SP ID="P97_SP00342" HPOS="557" VPOS="2122" WIDTH="18"/>
						<String ID="P97_ST00387" HPOS="575" VPOS="2087" WIDTH="72" HEIGHT="26" CONTENT="than" WC="0.71" CC="0604"/>
						<SP ID="P97_SP00343" HPOS="647" VPOS="2122" WIDTH="22"/>
						<String ID="P97_ST00388" HPOS="669" VPOS="2086" WIDTH="33" HEIGHT="26" CONTENT="of" WC="1.00" CC="00"/>
						<SP ID="P97_SP00344" HPOS="702" VPOS="2122" WIDTH="16"/>
						<String ID="P97_ST00389" HPOS="718" VPOS="2094" WIDTH="17" HEIGHT="17" CONTENT="a" WC="0.89" CC="1"/>
						<SP ID="P97_SP00345" HPOS="735" VPOS="2122" WIDTH="20"/>
						<String ID="P97_ST00390" HPOS="755" VPOS="2089" WIDTH="140" HEIGHT="32" CONTENT="pageant." WC="1.00" CC="00000000"/>
						<SP ID="P97_SP00346" HPOS="895" VPOS="2122" WIDTH="39"/>
						<String ID="P97_ST00391" HPOS="934" VPOS="2086" WIDTH="95" HEIGHT="25" CONTENT="Three" WC="0.99" CC="00000"/>
						<SP ID="P97_SP00347" HPOS="1029" VPOS="2122" WIDTH="19"/>
						<String ID="P97_ST00392" HPOS="1048" VPOS="2085" WIDTH="73" HEIGHT="36" CONTENT="days" WC="0.89" CC="0400"/>
						<SP ID="P97_SP00348" HPOS="1121" VPOS="2122" WIDTH="19"/>
						<String ID="P97_ST00393" HPOS="1140" VPOS="2084" WIDTH="97" HEIGHT="27" CONTENT="before" WC="0.92" CC="004000"/>
						<SP ID="P97_SP00349" HPOS="1237" VPOS="2122" WIDTH="19"/>
						<String ID="P97_ST00394" HPOS="1256" VPOS="2084" WIDTH="21" HEIGHT="27" CONTENT="it" WC="1.00" CC="00"/>
						<SP ID="P97_SP00350" HPOS="1277" VPOS="2122" WIDTH="14"/>
						<String ID="P97_ST00395" HPOS="1291" VPOS="2092" WIDTH="60" HEIGHT="18" CONTENT="was" WC="0.67" CC="009"/>
					</TextLine>
					<TextLine ID="P97_TL00039" HPOS="204" VPOS="2133" WIDTH="1147" HEIGHT="39">
						<String ID="P97_ST00396" HPOS="204" VPOS="2144" WIDTH="30" HEIGHT="22" CONTENT="to" WC="1.00" CC="00"/>
						<SP ID="P97_SP00351" HPOS="234" VPOS="2166" WIDTH="15"/>
						<String ID="P97_ST00397" HPOS="249" VPOS="2138" WIDTH="70" HEIGHT="28" CONTENT="take" WC="1.00" CC="0000"/>
						<SP ID="P97_SP00352" HPOS="319" VPOS="2166" WIDTH="13"/>
						<String ID="P97_ST00398" HPOS="332" VPOS="2138" WIDTH="86" HEIGHT="34" CONTENT="place" WC="0.90" CC="04000"/>
						<SP ID="P97_SP00353" HPOS="418" VPOS="2172" WIDTH="13"/>
						<String ID="P97_ST00399" HPOS="431" VPOS="2138" WIDTH="126" HEIGHT="34" CONTENT="Wolsey" WC="0.92" CC="004000"/>
						<SP ID="P97_SP00354" HPOS="557" VPOS="2172" WIDTH="12"/>
						<String ID="P97_ST00400" HPOS="569" VPOS="2145" WIDTH="62" HEIGHT="18" CONTENT="was" WC="1.00" CC="000"/>
						<SP ID="P97_SP00355" HPOS="631" VPOS="2172" WIDTH="16"/>
						<String ID="P97_ST00401" HPOS="647" VPOS="2135" WIDTH="104" HEIGHT="36" CONTENT="sitting" WC="1.00" CC="0000000"/>
						<SP ID="P97_SP00356" HPOS="751" VPOS="2172" WIDTH="15"/>
						<String ID="P97_ST00402" HPOS="766" VPOS="2139" WIDTH="30" HEIGHT="22" CONTENT="at" WC="1.00" CC="00"/>
						<SP ID="P97_SP00357" HPOS="796" VPOS="2172" WIDTH="15"/>
						<String ID="P97_ST00403" HPOS="811" VPOS="2135" WIDTH="105" HEIGHT="26" CONTENT="dinner" WC="0.81" CC="030303"/>
						<SP ID="P97_SP00358" HPOS="916" VPOS="2172" WIDTH="12"/>
						<String ID="P97_ST00404" HPOS="928" VPOS="2135" WIDTH="86" HEIGHT="26" CONTENT="when" WC="0.88" CC="0400"/>
						<SP ID="P97_SP00359" HPOS="1014" VPOS="2172" WIDTH="19"/>
						<String ID="P97_ST00405" HPOS="1033" VPOS="2134" WIDTH="81" HEIGHT="27" CONTENT="there" WC="0.81" CC="07010"/>
						<SP ID="P97_SP00360" HPOS="1114" VPOS="2172" WIDTH="14"/>
						<String ID="P97_ST00406" HPOS="1128" VPOS="2142" WIDTH="82" HEIGHT="18" CONTENT="came" WC="1.00" CC="0000"/>
						<SP ID="P97_SP00361" HPOS="1210" VPOS="2172" WIDTH="15"/>
						<String ID="P97_ST00407" HPOS="1225" VPOS="2142" WIDTH="17" HEIGHT="17" CONTENT="a" WC="1.00" CC="0"/>
						<SP ID="P97_SP00362" HPOS="1242" VPOS="2172" WIDTH="12"/>
						<String ID="P97_ST00408" HPOS="1254" VPOS="2133" WIDTH="97" HEIGHT="26" CONTENT="knock" WC="0.99" CC="00000"/>
					</TextLine>
				</TextBlock>
				<TextBlock ID="P97_TB00007" HPOS="257" VPOS="2187" WIDTH="985" HEIGHT="21" STYLEREFS="TXT_1 PAR_LEFT">
					<TextLine ID="P97_TL00040" HPOS="257" VPOS="2188" WIDTH="985" HEIGHT="20">
						<String ID="P97_ST00409" HPOS="257" VPOS="2193" WIDTH="53" HEIGHT="15" CONTENT="VOL." WC="0.52" CC="4490"/>
						<SP ID="P97_SP00363" HPOS="310" VPOS="2208" WIDTH="18"/>
						<String ID="P97_ST00410" HPOS="328" VPOS="2193" WIDTH="26" HEIGHT="15" CONTENT="II." WC="0.82" CC="400"/>
						<SP ID="P97_SP00364" HPOS="354" VPOS="2208" WIDTH="875"/>
						<String ID="P97_ST00411" HPOS="1229" VPOS="2188" WIDTH="13" HEIGHT="14" CONTENT="L" WC="0.32" CC="6"/>
					</TextLine>
				</TextBlock>
			</PrintSpace>
		</Page>
	</Layout>
</alto>
