<?xml version="1.0" encoding="UTF-8"?>
<alto xmlns:xsi="http://www.w3.org/2001/XMLSchema-instance" xsi:noNamespaceSchemaLocation="http://www.bl.uk/schemas/alto/alto-1-4.xsd" xmlns:xlink="http://www.w3.org/1999/xlink">
	<Description>
		<MeasurementUnit>mm10</MeasurementUnit>
		<sourceImageInformation>
			<fileName>//head1/IN/2008-50/A0012346969.2/003661.jp2</fileName>
		</sourceImageInformation>
		<OCRProcessing ID="OCRPROCESSING_1">
			<preProcessingStep>
				<processingSoftware>
					<softwareCreator>CCS Content Conversion Specialists GmbH, Germany</softwareCreator>
					<softwareName>CCS docWORKS</softwareName>
					<softwareVersion>6.1-0.67</softwareVersion>
				</processingSoftware>
			</preProcessingStep>
			<ocrProcessingStep>
				<processingSoftware>
					<softwareCreator>ABBYY (BIT Software), Russia</softwareCreator>
					<softwareName>Finereader</softwareName>
				</processingSoftware>
			</ocrProcessingStep>
		</OCRProcessing>
	</Description>
	<Styles>
		<TextStyle ID="TXT_0" FONTSIZE="9" FONTFAMILY="Courier New"/>
		<ParagraphStyle ID="PAR_LEFT" ALIGN="Left"/>
	</Styles>
	<Layout>
		<Page ID="P19" PHYSICAL_IMG_NR="19" HEIGHT="2488" WIDTH="1692" POSITION="Right" ACCURACY="53.71">
			<TopMargin ID="P19_TM00001" HPOS="0" VPOS="0" WIDTH="1691" HEIGHT="0"/>
			<LeftMargin ID="P19_LM00001" HPOS="0" VPOS="0" WIDTH="0" HEIGHT="2488"/>
			<RightMargin ID="P19_RM00001" HPOS="1691" VPOS="0" WIDTH="0" HEIGHT="2488"/>
			<BottomMargin ID="P19_BM00001" HPOS="0" VPOS="2488" WIDTH="1691" HEIGHT="0"/>
			<PrintSpace ID="P19_PS00001" HPOS="0" VPOS="0" WIDTH="1691" HEIGHT="2488">
				<TextBlock ID="P19_TB00001" HPOS="535" VPOS="1044" WIDTH="305" HEIGHT="60" STYLEREFS="TXT_0 PAR_LEFT">
					<TextLine ID="P19_TL00001" HPOS="536" VPOS="1045" WIDTH="304" HEIGHT="59">
						<String ID="P19_ST00001" HPOS="536" VPOS="1045" WIDTH="185" HEIGHT="59" CONTENT="1800k" WC="0.13" CC="97997"/>
						<SP ID="P19_SP00001" HPOS="721" VPOS="1104" WIDTH="70"/>
						<String ID="P19_ST00002" HPOS="791" VPOS="1051" WIDTH="49" HEIGHT="52" CONTENT="5." WC="0.18" CC="87"/>
					</TextLine>
				</TextBlock>
				<TextBlock ID="P19_TB00002" HPOS="160" VPOS="1220" WIDTH="1051" HEIGHT="17" STYLEREFS="TXT_0 PAR_LEFT">
					<TextLine ID="P19_TL00002" HPOS="160" VPOS="1221" WIDTH="1051" HEIGHT="16">
						<String ID="P19_ST00003" HPOS="160" VPOS="1222" WIDTH="70" HEIGHT="15" CONTENT="FROM" WC="0.25" CC="7949"/>
						<SP ID="P19_SP00002" HPOS="230" VPOS="1237" WIDTH="32"/>
						<String ID="P19_ST00004" HPOS="262" VPOS="1222" WIDTH="54" HEIGHT="15" CONTENT="THE" WC="0.81" CC="005"/>
						<SP ID="P19_SP00003" HPOS="316" VPOS="1237" WIDTH="31"/>
						<String ID="P19_ST00005" HPOS="347" VPOS="1221" WIDTH="149" HEIGHT="16" CONTENT="ACCESSION" WC="0.72" CC="042301631"/>
						<SP ID="P19_SP00004" HPOS="496" VPOS="1237" WIDTH="31"/>
						<String ID="P19_ST00006" HPOS="527" VPOS="1221" WIDTH="32" HEIGHT="16" CONTENT="OF" WC="0.48" CC="54"/>
						<SP ID="P19_SP00005" HPOS="559" VPOS="1237" WIDTH="35"/>
						<String ID="P19_ST00007" HPOS="594" VPOS="1221" WIDTH="89" HEIGHT="16" CONTENT="HENRY" WC="0.65" CC="61304"/>
						<SP ID="P19_SP00006" HPOS="683" VPOS="1237" WIDTH="30"/>
						<String ID="P19_ST00008" HPOS="713" VPOS="1222" WIDTH="54" HEIGHT="15" CONTENT="THE" WC="0.36" CC="836"/>
						<SP ID="P19_SP00007" HPOS="767" VPOS="1237" WIDTH="33"/>
						<String ID="P19_ST00009" HPOS="800" VPOS="1222" WIDTH="122" HEIGHT="15" CONTENT="SEVENTH" WC="0.71" CC="0605205"/>
						<SP ID="P19_SP00008" HPOS="922" VPOS="1237" WIDTH="31"/>
						<String ID="P19_ST00010" HPOS="953" VPOS="1222" WIDTH="33" HEIGHT="15" CONTENT="TO" WC="0.95" CC="01"/>
						<SP ID="P19_SP00009" HPOS="986" VPOS="1237" WIDTH="30"/>
						<String ID="P19_ST00011" HPOS="1016" VPOS="1223" WIDTH="53" HEIGHT="14" CONTENT="THE" WC="0.66" CC="046"/>
						<SP ID="P19_SP00010" HPOS="1069" VPOS="1237" WIDTH="31"/>
						<String ID="P19_ST00012" HPOS="1100" VPOS="1223" WIDTH="51" HEIGHT="14" CONTENT="END" WC="0.45" CC="194"/>
						<SP ID="P19_SP00011" HPOS="1151" VPOS="1237" WIDTH="31"/>
						<String ID="P19_ST00013" HPOS="1182" VPOS="1223" WIDTH="29" HEIGHT="14" CONTENT="OF" WC="0.47" CC="37"/>
					</TextLine>
				</TextBlock>
				<TextBlock ID="P19_TB00003" HPOS="482" VPOS="1270" WIDTH="414" HEIGHT="16" STYLEREFS="TXT_0 PAR_LEFT">
					<TextLine ID="P19_TL00003" HPOS="482" VPOS="1271" WIDTH="414" HEIGHT="15">
						<String ID="P19_ST00014" HPOS="482" VPOS="1271" WIDTH="54" HEIGHT="15" CONTENT="THE" WC="0.61" CC="055"/>
						<SP ID="P19_SP00012" HPOS="536" VPOS="1286" WIDTH="32"/>
						<String ID="P19_ST00015" HPOS="568" VPOS="1272" WIDTH="80" HEIGHT="14" CONTENT="REIGN" WC="0.61" CC="07470"/>
						<SP ID="P19_SP00013" HPOS="648" VPOS="1286" WIDTH="29"/>
						<String ID="P19_ST00016" HPOS="677" VPOS="1272" WIDTH="31" HEIGHT="14" CONTENT="OF" WC="0.34" CC="66"/>
						<SP ID="P19_SP00014" HPOS="708" VPOS="1286" WIDTH="29"/>
						<String ID="P19_ST00017" HPOS="737" VPOS="1272" WIDTH="159" HEIGHT="14" CONTENT="ELIZABETH." WC="0.77" CC="7002804000"/>
					</TextLine>
				</TextBlock>
			</PrintSpace>
		</Page>
	</Layout>
</alto>
