<?xml version="1.0" encoding="UTF-8"?>
<alto xmlns:xsi="http://www.w3.org/2001/XMLSchema-instance" xsi:noNamespaceSchemaLocation="http://www.bl.uk/schemas/alto/alto-1-4.xsd" xmlns:xlink="http://www.w3.org/1999/xlink">
	<Description>
		<MeasurementUnit>mm10</MeasurementUnit>
		<sourceImageInformation>
			<fileName>//head1/IN/2008-50/A0012346969.2/004108.jp2</fileName>
		</sourceImageInformation>
		<OCRProcessing ID="OCRPROCESSING_1">
			<preProcessingStep>
				<processingSoftware>
					<softwareCreator>CCS Content Conversion Specialists GmbH, Germany</softwareCreator>
					<softwareName>CCS docWORKS</softwareName>
					<softwareVersion>6.1-0.67</softwareVersion>
				</processingSoftware>
			</preProcessingStep>
			<ocrProcessingStep>
				<processingSoftware>
					<softwareCreator>ABBYY (BIT Software), Russia</softwareCreator>
					<softwareName>Finereader</softwareName>
				</processingSoftware>
			</ocrProcessingStep>
		</OCRProcessing>
	</Description>
	<Styles>
		<TextStyle ID="TXT_0" FONTSIZE="9" FONTFAMILY="Courier New"/>
		<TextStyle ID="TXT_1" FONTSIZE="11" FONTFAMILY="Courier New"/>
		<ParagraphStyle ID="PAR_RIGHT" ALIGN="Right"/>
		<ParagraphStyle ID="PAR_LEFT" ALIGN="Left"/>
	</Styles>
	<Layout>
		<Page ID="P446" PHYSICAL_IMG_NR="446" HEIGHT="2488" WIDTH="1692" POSITION="Left" ACCURACY="49.92">
			<TopMargin ID="P446_TM00001" HPOS="0" VPOS="0" WIDTH="1691" HEIGHT="0"/>
			<LeftMargin ID="P446_LM00001" HPOS="0" VPOS="0" WIDTH="0" HEIGHT="2488"/>
			<RightMargin ID="P446_RM00001" HPOS="1691" VPOS="0" WIDTH="0" HEIGHT="2488"/>
			<BottomMargin ID="P446_BM00001" HPOS="0" VPOS="2488" WIDTH="1691" HEIGHT="0"/>
			<PrintSpace ID="P446_PS00001" HPOS="0" VPOS="0" WIDTH="1691" HEIGHT="2488">
				<TextBlock ID="P446_TB00001" HPOS="850" VPOS="1437" WIDTH="179" HEIGHT="14" STYLEREFS="TXT_0 PAR_RIGHT">
					<TextLine ID="P446_TL00001" HPOS="850" VPOS="1438" WIDTH="179" HEIGHT="13">
						<String ID="P446_ST00001" HPOS="850" VPOS="1438" WIDTH="26" HEIGHT="13" CONTENT="Ma" WC="0.38" CC="74"/>
						<SP ID="P446_SP00001" HPOS="876" VPOS="1451" WIDTH="7"/>
						<String ID="P446_ST00002" HPOS="883" VPOS="1438" WIDTH="45" HEIGHT="13" CONTENT="king" WC="0.63" CC="9005"/>
						<SP ID="P446_SP00002" HPOS="928" VPOS="1451" WIDTH="18"/>
						<String ID="P446_ST00003" HPOS="946" VPOS="1441" WIDTH="24" HEIGHT="10" CONTENT="a/i" WC="0.36" CC="773"/>
						<SP ID="P446_SP00003" HPOS="970" VPOS="1451" WIDTH="20"/>
						<String ID="P446_ST00004" HPOS="990" VPOS="1438" WIDTH="39" HEIGHT="13" CONTENT="End." WC="0.63" CC="5090"/>
					</TextLine>
				</TextBlock>
				<ComposedBlock ID="P446_CB00001" HPOS="579" VPOS="944" WIDTH="751" HEIGHT="465" STYLEREFS="TXT_1 PAR_LEFT" TYPE="Illustration">
					<GraphicalElement ID="P446_CB00001_SUB" HPOS="579" VPOS="944" WIDTH="751" HEIGHT="465"/>
				</ComposedBlock>
			</PrintSpace>
		</Page>
	</Layout>
</alto>
