<?xml version="1.0" encoding="UTF-8"?>
<alto xmlns:xsi="http://www.w3.org/2001/XMLSchema-instance" xsi:noNamespaceSchemaLocation="http://www.bl.uk/schemas/alto/alto-1-4.xsd" xmlns:xlink="http://www.w3.org/1999/xlink">
	<Description>
		<MeasurementUnit>mm10</MeasurementUnit>
		<sourceImageInformation>
			<fileName>//head1/IN/2008-50/A0012346969.2/003818.jp2</fileName>
		</sourceImageInformation>
		<OCRProcessing ID="OCRPROCESSING_1">
			<preProcessingStep>
				<processingSoftware>
					<softwareCreator>CCS Content Conversion Specialists GmbH, Germany</softwareCreator>
					<softwareName>CCS docWORKS</softwareName>
					<softwareVersion>6.1-0.67</softwareVersion>
				</processingSoftware>
			</preProcessingStep>
			<ocrProcessingStep>
				<processingSoftware>
					<softwareCreator>ABBYY (BIT Software), Russia</softwareCreator>
					<softwareName>Finereader</softwareName>
				</processingSoftware>
			</ocrProcessingStep>
		</OCRProcessing>
	</Description>
	<Styles>
		<TextStyle ID="TXT_0" FONTSIZE="11" FONTFAMILY="Courier New"/>
		<TextStyle ID="TXT_1" FONTSIZE="11" FONTFAMILY="Fraktur"/>
		<TextStyle ID="TXT_2" FONTSIZE="10" FONTFAMILY="Courier New"/>
		<TextStyle ID="TXT_3" FONTSIZE="9" FONTFAMILY="Courier New"/>
		<ParagraphStyle ID="PAR_RIGHT" ALIGN="Right"/>
		<ParagraphStyle ID="PAR_LEFT" ALIGN="Left"/>
		<ParagraphStyle ID="PAR_CENTER" ALIGN="Center"/>
	</Styles>
	<Layout>
		<Page ID="P158" PHYSICAL_IMG_NR="158" HEIGHT="2488" WIDTH="1692" PRINTED_IMG_NR="132" POSITION="Left" ACCURACY="77.72">
			<TopMargin ID="P158_TM00001" HPOS="0" VPOS="0" WIDTH="1691" HEIGHT="331">
				<TextBlock ID="P158_TB00001" HPOS="578" VPOS="271" WIDTH="709" HEIGHT="60" STYLEREFS="TXT_0 PAR_RIGHT">
					<TextLine ID="P158_TL00001" HPOS="578" VPOS="271" WIDTH="709" HEIGHT="60">
						<String ID="P158_ST00001" HPOS="578" VPOS="276" WIDTH="151" HEIGHT="46" CONTENT="Comic" WC="0.98" CC="01000"/>
						<SP ID="P158_SP00001" HPOS="729" VPOS="322" WIDTH="29"/>
						<String ID="P158_ST00002" HPOS="758" VPOS="275" WIDTH="191" HEIGHT="56" CONTENT="History" WC="0.86" CC="0305000"/>
						<SP ID="P158_SP00002" HPOS="949" VPOS="331" WIDTH="34"/>
						<String ID="P158_ST00003" HPOS="983" VPOS="275" WIDTH="55" HEIGHT="56" CONTENT="of" WC="1.00" CC="00"/>
						<SP ID="P158_SP00003" HPOS="1038" VPOS="331" WIDTH="16"/>
						<String ID="P158_ST00004" HPOS="1054" VPOS="271" WIDTH="233" HEIGHT="60" CONTENT="England." WC="0.88" CC="00000702"/>
					</TextLine>
				</TextBlock>
				<TextBlock ID="P158_TB00002" HPOS="365" VPOS="295" WIDTH="52" HEIGHT="27" STYLEREFS="TXT_1 PAR_LEFT">
					<TextLine ID="P158_TL00002" HPOS="365" VPOS="295" WIDTH="52" HEIGHT="27">
						<String ID="P158_ST00005" HPOS="365" VPOS="295" WIDTH="52" HEIGHT="27" CONTENT="132" WC="1.00" CC="000"/>
					</TextLine>
				</TextBlock>
				<TextBlock ID="P158_TB00003" HPOS="1424" VPOS="298" WIDTH="33" HEIGHT="18" STYLEREFS="TXT_2 PAR_RIGHT">
					<TextLine ID="P158_TL00003" HPOS="1426" VPOS="298" WIDTH="31" HEIGHT="18">
						<String ID="P158_ST00006" HPOS="1426" VPOS="298" WIDTH="31" HEIGHT="18" CONTENT="[Be" WC="0.27" CC="479"/>
					</TextLine>
				</TextBlock>
			</TopMargin>
			<LeftMargin ID="P158_LM00001" HPOS="0" VPOS="324" WIDTH="363" HEIGHT="1900"/>
			<RightMargin ID="P158_RM00001" HPOS="1524" VPOS="324" WIDTH="167" HEIGHT="1900"/>
			<BottomMargin ID="P158_BM00001" HPOS="0" VPOS="2224" WIDTH="1691" HEIGHT="264"/>
			<PrintSpace ID="P158_PS00001" HPOS="363" VPOS="324" WIDTH="1165" HEIGHT="1900">
				<TextBlock ID="P158_TB00004" HPOS="363" VPOS="388" WIDTH="1160" HEIGHT="237" STYLEREFS="TXT_3 PAR_LEFT">
					<TextLine ID="P158_TL00004" HPOS="364" VPOS="389" WIDTH="1159" HEIGHT="39">
						<String ID="P158_ST00007" HPOS="364" VPOS="400" WIDTH="117" HEIGHT="27" CONTENT="anyone" WC="0.88" CC="006000"/>
						<SP ID="P158_SP00004" HPOS="481" VPOS="427" WIDTH="14"/>
						<String ID="P158_ST00008" HPOS="495" VPOS="392" WIDTH="74" HEIGHT="26" CONTENT="from" WC="0.90" CC="1200"/>
						<SP ID="P158_SP00005" HPOS="569" VPOS="427" WIDTH="15"/>
						<String ID="P158_ST00009" HPOS="584" VPOS="392" WIDTH="125" HEIGHT="36" CONTENT="making" WC="0.56" CC="046068"/>
						<SP ID="P158_SP00006" HPOS="709" VPOS="428" WIDTH="13"/>
						<String ID="P158_ST00010" HPOS="722" VPOS="394" WIDTH="75" HEIGHT="25" CONTENT="wool" WC="0.56" CC="0862"/>
						<SP ID="P158_SP00007" HPOS="797" VPOS="428" WIDTH="17"/>
						<String ID="P158_ST00011" HPOS="814" VPOS="394" WIDTH="65" HEIGHT="25" CONTENT="who" WC="0.82" CC="050"/>
						<SP ID="P158_SP00008" HPOS="879" VPOS="428" WIDTH="16"/>
						<String ID="P158_ST00012" HPOS="895" VPOS="393" WIDTH="59" HEIGHT="25" CONTENT="had" WC="0.59" CC="380"/>
						<SP ID="P158_SP00009" HPOS="954" VPOS="428" WIDTH="21"/>
						<String ID="P158_ST00013" HPOS="975" VPOS="395" WIDTH="52" HEIGHT="23" CONTENT="not" WC="0.77" CC="060"/>
						<SP ID="P158_SP00010" HPOS="1027" VPOS="428" WIDTH="21"/>
						<String ID="P158_ST00014" HPOS="1048" VPOS="390" WIDTH="104" HEIGHT="27" CONTENT="served" WC="0.95" CC="002000"/>
						<SP ID="P158_SP00011" HPOS="1152" VPOS="428" WIDTH="21"/>
						<String ID="P158_ST00015" HPOS="1173" VPOS="398" WIDTH="91" HEIGHT="18" CONTENT="seven" WC="0.94" CC="00003"/>
						<SP ID="P158_SP00012" HPOS="1264" VPOS="428" WIDTH="19"/>
						<String ID="P158_ST00016" HPOS="1283" VPOS="389" WIDTH="96" HEIGHT="35" CONTENT="years'" WC="0.83" CC="000090"/>
						<SP ID="P158_SP00013" HPOS="1379" VPOS="428" WIDTH="17"/>
						<String ID="P158_ST00017" HPOS="1396" VPOS="396" WIDTH="127" HEIGHT="26" CONTENT="appren" SUBS_TYPE="HypPart1" SUBS_CONTENT="apprenticeship." WC="0.93" CC="0002020"/>
						<HYP CONTENT="-"/>
					</TextLine>
					<TextLine ID="P158_TL00005" HPOS="363" VPOS="438" WIDTH="1160" HEIGHT="39">
						<String ID="P158_ST00018" HPOS="363" VPOS="441" WIDTH="136" HEIGHT="35" CONTENT="ticeship." SUBS_TYPE="HypPart2" SUBS_CONTENT="apprenticeship." WC="0.89" CC="000005300"/>
						<SP ID="P158_SP00014" HPOS="499" VPOS="476" WIDTH="40"/>
						<String ID="P158_ST00019" HPOS="539" VPOS="443" WIDTH="96" HEIGHT="26" CONTENT="There" WC="0.86" CC="13100"/>
						<SP ID="P158_SP00015" HPOS="635" VPOS="476" WIDTH="13"/>
						<String ID="P158_ST00020" HPOS="648" VPOS="451" WIDTH="62" HEIGHT="18" CONTENT="was" WC="1.00" CC="000"/>
						<SP ID="P158_SP00016" HPOS="710" VPOS="476" WIDTH="24"/>
						<String ID="P158_ST00021" HPOS="734" VPOS="443" WIDTH="32" HEIGHT="26" CONTENT="of" WC="0.96" CC="00"/>
						<SP ID="P158_SP00017" HPOS="766" VPOS="476" WIDTH="19"/>
						<String ID="P158_ST00022" HPOS="785" VPOS="451" WIDTH="103" HEIGHT="18" CONTENT="course" WC="0.51" CC="774090"/>
						<SP ID="P158_SP00018" HPOS="888" VPOS="476" WIDTH="23"/>
						<String ID="P158_ST00023" HPOS="911" VPOS="451" WIDTH="18" HEIGHT="17" CONTENT="a" WC="1.00" CC="0"/>
						<SP ID="P158_SP00019" HPOS="929" VPOS="476" WIDTH="23"/>
						<String ID="P158_ST00024" HPOS="952" VPOS="445" WIDTH="86" HEIGHT="32" CONTENT="great" WC="0.92" CC="00400"/>
						<SP ID="P158_SP00020" HPOS="1038" VPOS="477" WIDTH="22"/>
						<String ID="P158_ST00025" HPOS="1060" VPOS="450" WIDTH="50" HEIGHT="27" CONTENT="cry" WC="1.00" CC="000"/>
						<SP ID="P158_SP00021" HPOS="1110" VPOS="477" WIDTH="15"/>
						<String ID="P158_ST00026" HPOS="1125" VPOS="441" WIDTH="59" HEIGHT="25" CONTENT="and" WC="1.00" CC="000"/>
						<SP ID="P158_SP00022" HPOS="1184" VPOS="477" WIDTH="20"/>
						<String ID="P158_ST00027" HPOS="1204" VPOS="449" WIDTH="72" HEIGHT="26" CONTENT="very" WC="1.00" CC="0000"/>
						<SP ID="P158_SP00023" HPOS="1276" VPOS="477" WIDTH="21"/>
						<String ID="P158_ST00028" HPOS="1297" VPOS="438" WIDTH="77" HEIGHT="27" CONTENT="little" WC="0.92" CC="100300"/>
						<SP ID="P158_SP00024" HPOS="1374" VPOS="477" WIDTH="18"/>
						<String ID="P158_ST00029" HPOS="1392" VPOS="438" WIDTH="78" HEIGHT="27" CONTENT="wool" WC="1.00" CC="0000"/>
						<SP ID="P158_SP00025" HPOS="1470" VPOS="477" WIDTH="25"/>
						<String ID="P158_ST00030" HPOS="1495" VPOS="438" WIDTH="28" HEIGHT="25" CONTENT="in" WC="1.00" CC="00"/>
					</TextLine>
					<TextLine ID="P158_TL00006" HPOS="364" VPOS="488" WIDTH="1159" HEIGHT="38">
						<String ID="P158_ST00031" HPOS="364" VPOS="499" WIDTH="205" HEIGHT="27" CONTENT="consequence" WC="0.95" CC="00000040000"/>
						<SP ID="P158_SP00026" HPOS="569" VPOS="526" WIDTH="27"/>
						<String ID="P158_ST00032" HPOS="596" VPOS="491" WIDTH="34" HEIGHT="27" CONTENT="of" WC="1.00" CC="00"/>
						<SP ID="P158_SP00027" HPOS="630" VPOS="526" WIDTH="20"/>
						<String ID="P158_ST00033" HPOS="650" VPOS="492" WIDTH="60" HEIGHT="26" CONTENT="this" WC="0.73" CC="0504"/>
						<SP ID="P158_SP00028" HPOS="710" VPOS="526" WIDTH="30"/>
						<String ID="P158_ST00034" HPOS="740" VPOS="493" WIDTH="111" HEIGHT="25" CONTENT="absurd" WC="0.95" CC="000200"/>
						<SP ID="P158_SP00029" HPOS="851" VPOS="526" WIDTH="28"/>
						<String ID="P158_ST00035" HPOS="879" VPOS="495" WIDTH="180" HEIGHT="28" CONTENT="enactment," WC="0.91" CC="0600000200"/>
						<SP ID="P158_SP00030" HPOS="1059" VPOS="526" WIDTH="23"/>
						<String ID="P158_ST00036" HPOS="1082" VPOS="490" WIDTH="98" HEIGHT="27" CONTENT="which" WC="0.85" CC="02301"/>
						<SP ID="P158_SP00031" HPOS="1180" VPOS="526" WIDTH="26"/>
						<String ID="P158_ST00037" HPOS="1206" VPOS="499" WIDTH="62" HEIGHT="17" CONTENT="was" WC="0.67" CC="009"/>
						<SP ID="P158_SP00032" HPOS="1268" VPOS="526" WIDTH="32"/>
						<String ID="P158_ST00038" HPOS="1300" VPOS="498" WIDTH="33" HEIGHT="18" CONTENT="so" WC="0.51" CC="90"/>
						<SP ID="P158_SP00033" HPOS="1333" VPOS="526" WIDTH="34"/>
						<String ID="P158_ST00039" HPOS="1367" VPOS="488" WIDTH="156" HEIGHT="35" CONTENT="decidedly" WC="0.86" CC="002401040"/>
					</TextLine>
					<TextLine ID="P158_TL00007" HPOS="363" VPOS="538" WIDTH="1160" HEIGHT="39">
						<String ID="P158_ST00040" HPOS="363" VPOS="541" WIDTH="145" HEIGHT="35" CONTENT="impolitic" WC="0.82" CC="200060015"/>
						<SP ID="P158_SP00034" HPOS="508" VPOS="576" WIDTH="22"/>
						<String ID="P158_ST00041" HPOS="530" VPOS="543" WIDTH="66" HEIGHT="26" CONTENT="that" WC="0.79" CC="2600"/>
						<SP ID="P158_SP00035" HPOS="596" VPOS="576" WIDTH="13"/>
						<String ID="P158_ST00042" HPOS="609" VPOS="551" WIDTH="44" HEIGHT="18" CONTENT="we" WC="1.00" CC="00"/>
						<SP ID="P158_SP00036" HPOS="653" VPOS="576" WIDTH="24"/>
						<String ID="P158_ST00043" HPOS="677" VPOS="550" WIDTH="55" HEIGHT="18" CONTENT="can" WC="1.00" CC="000"/>
						<SP ID="P158_SP00037" HPOS="732" VPOS="576" WIDTH="23"/>
						<String ID="P158_ST00044" HPOS="755" VPOS="542" WIDTH="68" HEIGHT="35" CONTENT="give" WC="0.95" CC="0100"/>
						<SP ID="P158_SP00038" HPOS="823" VPOS="577" WIDTH="21"/>
						<String ID="P158_ST00045" HPOS="844" VPOS="542" WIDTH="89" HEIGHT="35" CONTENT="Mary" WC="0.87" CC="0050"/>
						<SP ID="P158_SP00039" HPOS="933" VPOS="577" WIDTH="12"/>
						<String ID="P158_ST00046" HPOS="945" VPOS="550" WIDTH="72" HEIGHT="27" CONTENT="very" WC="1.00" CC="0000"/>
						<SP ID="P158_SP00040" HPOS="1017" VPOS="577" WIDTH="14"/>
						<String ID="P158_ST00047" HPOS="1031" VPOS="541" WIDTH="77" HEIGHT="26" CONTENT="little" WC="0.71" CC="209040"/>
						<SP ID="P158_SP00041" HPOS="1108" VPOS="577" WIDTH="22"/>
						<String ID="P158_ST00048" HPOS="1130" VPOS="540" WIDTH="93" HEIGHT="26" CONTENT="credit" WC="0.89" CC="000024"/>
						<SP ID="P158_SP00042" HPOS="1223" VPOS="577" WIDTH="23"/>
						<String ID="P158_ST00049" HPOS="1246" VPOS="539" WIDTH="44" HEIGHT="26" CONTENT="for" WC="0.75" CC="303"/>
						<SP ID="P158_SP00043" HPOS="1290" VPOS="577" WIDTH="20"/>
						<String ID="P158_ST00050" HPOS="1310" VPOS="538" WIDTH="116" HEIGHT="36" CONTENT="having" WC="0.63" CC="700319"/>
						<SP ID="P158_SP00044" HPOS="1426" VPOS="577" WIDTH="20"/>
						<String ID="P158_ST00051" HPOS="1446" VPOS="538" WIDTH="77" HEIGHT="27" CONTENT="done" WC="0.83" CC="0006"/>
					</TextLine>
					<TextLine ID="P158_TL00008" HPOS="363" VPOS="591" WIDTH="217" HEIGHT="34">
						<String ID="P158_ST00052" HPOS="363" VPOS="600" WIDTH="87" HEIGHT="25" CONTENT="away" WC="1.00" CC="0000"/>
						<SP ID="P158_SP00045" HPOS="450" VPOS="625" WIDTH="14"/>
						<String ID="P158_ST00053" HPOS="464" VPOS="591" WIDTH="71" HEIGHT="27" CONTENT="with" WC="0.85" CC="0006"/>
						<SP ID="P158_SP00046" HPOS="535" VPOS="625" WIDTH="15"/>
						<String ID="P158_ST00054" HPOS="550" VPOS="592" WIDTH="30" HEIGHT="26" CONTENT="it." WC="0.82" CC="121"/>
					</TextLine>
				</TextBlock>
				<TextBlock ID="P158_TB00005" HPOS="636" VPOS="881" WIDTH="596" HEIGHT="56" STYLEREFS="TXT_0 PAR_CENTER">
					<TextLine ID="P158_TL00009" HPOS="636" VPOS="881" WIDTH="596" HEIGHT="56">
						<String ID="P158_ST00055" HPOS="636" VPOS="881" WIDTH="34" HEIGHT="56" CONTENT="f" WC="0.12" CC="8"/>
						<SP ID="P158_SP00047" HPOS="670" VPOS="937" WIDTH="12"/>
						<String ID="P158_ST00056" HPOS="682" VPOS="899" WIDTH="172" HEIGHT="34" CONTENT="HAPTER" WC="0.66" CC="101069"/>
						<SP ID="P158_SP00048" HPOS="854" VPOS="937" WIDTH="60"/>
						<String ID="P158_ST00057" HPOS="914" VPOS="899" WIDTH="83" HEIGHT="28" CONTENT="THE" WC="0.74" CC="034"/>
						<SP ID="P158_SP00049" HPOS="997" VPOS="937" WIDTH="63"/>
						<String ID="P158_ST00058" HPOS="1060" VPOS="885" WIDTH="172" HEIGHT="52" CONTENT=".EJlQHTH" WC="0.41" CC="58848605"/>
					</TextLine>
				</TextBlock>
				<TextBlock ID="P158_TB00006" HPOS="404" VPOS="991" WIDTH="1069" HEIGHT="29" STYLEREFS="TXT_3 PAR_CENTER">
					<TextLine ID="P158_TL00010" HPOS="404" VPOS="991" WIDTH="1069" HEIGHT="29">
						<String ID="P158_ST00059" HPOS="404" VPOS="991" WIDTH="150" HEIGHT="23" CONTENT="Elizabeth" WC="0.33" CC="066995849"/>
						<SP ID="P158_SP00050" HPOS="554" VPOS="1014" WIDTH="7"/>
						<String ID="P158_ST00060" HPOS="561" VPOS="1004" WIDTH="27" HEIGHT="2" CONTENT="—" WC="0.20" CC="8"/>
						<SP ID="P158_SP00051" HPOS="588" VPOS="1014" WIDTH="6"/>
						<String ID="P158_ST00061" HPOS="594" VPOS="992" WIDTH="85" HEIGHT="28" CONTENT="Mary" WC="0.34" CC="8980"/>
						<SP ID="P158_SP00052" HPOS="679" VPOS="1020" WIDTH="26"/>
						<String ID="P158_ST00062" HPOS="705" VPOS="992" WIDTH="32" HEIGHT="28" CONTENT="of" WC="0.57" CC="80"/>
						<SP ID="P158_SP00053" HPOS="737" VPOS="1020" WIDTH="25"/>
						<String ID="P158_ST00063" HPOS="762" VPOS="992" WIDTH="143" HEIGHT="23" CONTENT="Scotland" WC="0.55" CC="97313090"/>
						<String ID="P158_ST00064" HPOS="906" VPOS="1005" WIDTH="28" HEIGHT="2" CONTENT="—" WC="0.20" CC="8"/>
						<String ID="P158_ST00065" HPOS="939" VPOS="992" WIDTH="78" HEIGHT="22" CONTENT="Lord" WC="0.52" CC="0909"/>
						<SP ID="P158_SP00054" HPOS="1017" VPOS="1020" WIDTH="28"/>
						<String ID="P158_ST00066" HPOS="1045" VPOS="993" WIDTH="131" HEIGHT="27" CONTENT="Darnlcy" WC="0.63" CC="3700382"/>
						<String ID="P158_ST00067" HPOS="1180" VPOS="1006" WIDTH="30" HEIGHT="2" CONTENT="—" WC="0.20" CC="8"/>
						<String ID="P158_ST00068" HPOS="1214" VPOS="993" WIDTH="86" HEIGHT="21" CONTENT="Birth" WC="0.22" CC="84969"/>
						<SP ID="P158_SP00055" HPOS="1300" VPOS="1020" WIDTH="28"/>
						<String ID="P158_ST00069" HPOS="1328" VPOS="993" WIDTH="32" HEIGHT="27" CONTENT="of" WC="0.58" CC="17"/>
						<SP ID="P158_SP00056" HPOS="1360" VPOS="1020" WIDTH="20"/>
						<String ID="P158_ST00070" HPOS="1380" VPOS="993" WIDTH="93" HEIGHT="27" CONTENT="fames" WC="0.38" CC="90479"/>
					</TextLine>
				</TextBlock>
				<TextBlock ID="P158_TB00007" HPOS="1000" VPOS="1142" WIDTH="528" HEIGHT="968" STYLEREFS="TXT_3 PAR_LEFT">
					<TextLine ID="P158_TL00011" HPOS="1007" VPOS="1146" WIDTH="514" HEIGHT="47">
						<String ID="P158_ST00071" HPOS="1007" VPOS="1146" WIDTH="29" HEIGHT="35" CONTENT="T" WC="0.50" CC="4" STYLEREFS="TXT_2"/>
						<SP ID="P158_SP00057" HPOS="1036" VPOS="1181" WIDTH="25"/>
						<String ID="P158_ST00072" HPOS="1061" VPOS="1146" WIDTH="29" HEIGHT="35" CONTENT="T" WC="0.43" CC="5" STYLEREFS="TXT_2"/>
						<SP ID="P158_SP00058" HPOS="1090" VPOS="1181" WIDTH="17"/>
						<String ID="P158_ST00073" HPOS="1107" VPOS="1148" WIDTH="31" HEIGHT="33" CONTENT="E" WC="0.54" CC="4" STYLEREFS="TXT_2"/>
						<SP ID="P158_SP00059" HPOS="1138" VPOS="1181" WIDTH="42"/>
						<String ID="P158_ST00074" HPOS="1180" VPOS="1147" WIDTH="109" HEIGHT="34" CONTENT="death" WC="0.61" CC="40417" STYLEREFS="TXT_2"/>
						<SP ID="P158_SP00060" HPOS="1289" VPOS="1181" WIDTH="36"/>
						<String ID="P158_ST00075" HPOS="1325" VPOS="1148" WIDTH="41" HEIGHT="33" CONTENT="of" WC="0.49" CC="63" STYLEREFS="TXT_2"/>
						<SP ID="P158_SP00061" HPOS="1366" VPOS="1181" WIDTH="47"/>
						<String ID="P158_ST00076" HPOS="1413" VPOS="1148" WIDTH="108" HEIGHT="45" CONTENT="Mary" WC="0.60" CC="0905" STYLEREFS="TXT_2"/>
					</TextLine>
					<TextLine ID="P158_TL00012" HPOS="1007" VPOS="1210" WIDTH="514" HEIGHT="32">
						<String ID="P158_ST00077" HPOS="1007" VPOS="1213" WIDTH="29" HEIGHT="16" CONTENT="■*-" WC="0.26" CC="877" STYLEREFS="TXT_2"/>
						<SP ID="P158_SP00062" HPOS="1036" VPOS="1229" WIDTH="24"/>
						<String ID="P158_ST00078" HPOS="1060" VPOS="1215" WIDTH="30" HEIGHT="14" CONTENT="■*■" WC="0.23" CC="878" STYLEREFS="TXT_2"/>
						<SP ID="P158_SP00063" HPOS="1090" VPOS="1229" WIDTH="57"/>
						<String ID="P158_ST00079" HPOS="1147" VPOS="1222" WIDTH="64" HEIGHT="20" CONTENT="was" WC="0.55" CC="840" STYLEREFS="TXT_2"/>
						<SP ID="P158_SP00064" HPOS="1211" VPOS="1242" WIDTH="42"/>
						<String ID="P158_ST00080" HPOS="1253" VPOS="1210" WIDTH="169" HEIGHT="32" CONTENT="concealed" WC="0.81" CC="008102004" STYLEREFS="TXT_2"/>
						<SP ID="P158_SP00065" HPOS="1422" VPOS="1242" WIDTH="49"/>
						<String ID="P158_ST00081" HPOS="1471" VPOS="1211" WIDTH="50" HEIGHT="30" CONTENT="for" WC="0.71" CC="440" STYLEREFS="TXT_2"/>
					</TextLine>
					<TextLine ID="P158_TL00013" HPOS="1007" VPOS="1270" WIDTH="513" HEIGHT="35">
						<String ID="P158_ST00082" HPOS="1007" VPOS="1278" WIDTH="82" HEIGHT="17" CONTENT="some" WC="0.74" CC="9000"/>
						<SP ID="P158_SP00066" HPOS="1089" VPOS="1295" WIDTH="9"/>
						<String ID="P158_ST00083" HPOS="1098" VPOS="1270" WIDTH="99" HEIGHT="32" CONTENT="hours," WC="0.77" CC="005403"/>
						<SP ID="P158_SP00067" HPOS="1197" VPOS="1302" WIDTH="13"/>
						<String ID="P158_ST00084" HPOS="1210" VPOS="1270" WIDTH="81" HEIGHT="27" CONTENT="since" WC="0.90" CC="04000"/>
						<SP ID="P158_SP00068" HPOS="1291" VPOS="1302" WIDTH="14"/>
						<String ID="P158_ST00085" HPOS="1305" VPOS="1270" WIDTH="23" HEIGHT="26" CONTENT="it" WC="0.70" CC="50"/>
						<SP ID="P158_SP00069" HPOS="1328" VPOS="1302" WIDTH="14"/>
						<String ID="P158_ST00086" HPOS="1342" VPOS="1270" WIDTH="24" HEIGHT="26" CONTENT="is" WC="1.00" CC="00"/>
						<SP ID="P158_SP00070" HPOS="1366" VPOS="1302" WIDTH="16"/>
						<String ID="P158_ST00087" HPOS="1382" VPOS="1270" WIDTH="70" HEIGHT="35" CONTENT="only" WC="1.00" CC="0000"/>
						<SP ID="P158_SP00071" HPOS="1452" VPOS="1305" WIDTH="9"/>
						<String ID="P158_ST00088" HPOS="1461" VPOS="1270" WIDTH="59" HEIGHT="26" CONTENT="bad" WC="1.00" CC="000"/>
					</TextLine>
					<TextLine ID="P158_TL00014" HPOS="1007" VPOS="1320" WIDTH="513" HEIGHT="35">
						<String ID="P158_ST00089" HPOS="1007" VPOS="1327" WIDTH="81" HEIGHT="18" CONTENT="news" WC="0.79" CC="0080"/>
						<SP ID="P158_SP00072" HPOS="1088" VPOS="1345" WIDTH="11"/>
						<String ID="P158_ST00090" HPOS="1099" VPOS="1320" WIDTH="66" HEIGHT="26" CONTENT="that" WC="0.71" CC="5401"/>
						<SP ID="P158_SP00073" HPOS="1165" VPOS="1346" WIDTH="14"/>
						<String ID="P158_ST00091" HPOS="1179" VPOS="1320" WIDTH="60" HEIGHT="26" CONTENT="will" WC="0.91" CC="0030"/>
						<SP ID="P158_SP00074" HPOS="1239" VPOS="1346" WIDTH="18"/>
						<String ID="P158_ST00092" HPOS="1257" VPOS="1320" WIDTH="95" HEIGHT="26" CONTENT="travel" WC="0.94" CC="000300"/>
						<SP ID="P158_SP00075" HPOS="1352" VPOS="1346" WIDTH="14"/>
						<String ID="P158_ST00093" HPOS="1366" VPOS="1329" WIDTH="72" HEIGHT="26" CONTENT="very" WC="1.00" CC="0000"/>
						<SP ID="P158_SP00076" HPOS="1438" VPOS="1355" WIDTH="10"/>
						<String ID="P158_ST00094" HPOS="1448" VPOS="1320" WIDTH="58" HEIGHT="26" CONTENT="fast" WC="1.00" CC="0000"/>
						<String ID="P158_ST00095" HPOS="1514" VPOS="1331" WIDTH="6" HEIGHT="20" CONTENT=";" WC="1.00" CC="0"/>
					</TextLine>
					<TextLine ID="P158_TL00015" HPOS="1007" VPOS="1369" WIDTH="514" HEIGHT="27">
						<String ID="P158_ST00096" HPOS="1007" VPOS="1369" WIDTH="52" HEIGHT="25" CONTENT="but" WC="0.64" CC="109"/>
						<SP ID="P158_SP00077" HPOS="1059" VPOS="1394" WIDTH="24"/>
						<String ID="P158_ST00097" HPOS="1083" VPOS="1369" WIDTH="86" HEIGHT="26" CONTENT="when" WC="0.80" CC="0502"/>
						<SP ID="P158_SP00078" HPOS="1169" VPOS="1395" WIDTH="21"/>
						<String ID="P158_ST00098" HPOS="1190" VPOS="1369" WIDTH="50" HEIGHT="26" CONTENT="the" WC="0.84" CC="040"/>
						<SP ID="P158_SP00079" HPOS="1240" VPOS="1395" WIDTH="22"/>
						<String ID="P158_ST00099" HPOS="1262" VPOS="1369" WIDTH="81" HEIGHT="26" CONTENT="truth" WC="0.88" CC="00005"/>
						<SP ID="P158_SP00080" HPOS="1343" VPOS="1395" WIDTH="18"/>
						<String ID="P158_ST00100" HPOS="1361" VPOS="1369" WIDTH="51" HEIGHT="26" CONTENT="did" WC="0.99" CC="000"/>
						<SP ID="P158_SP00081" HPOS="1412" VPOS="1395" WIDTH="25"/>
						<String ID="P158_ST00101" HPOS="1437" VPOS="1378" WIDTH="84" HEIGHT="18" CONTENT="come" WC="0.81" CC="0007"/>
					</TextLine>
					<TextLine ID="P158_TL00016" HPOS="1006" VPOS="1420" WIDTH="515" HEIGHT="36">
						<String ID="P158_ST00102" HPOS="1006" VPOS="1424" WIDTH="30" HEIGHT="21" CONTENT="to" WC="0.52" CC="80"/>
						<SP ID="P158_SP00082" HPOS="1036" VPOS="1445" WIDTH="15"/>
						<String ID="P158_ST00103" HPOS="1051" VPOS="1420" WIDTH="36" HEIGHT="26" CONTENT="be" WC="1.00" CC="00"/>
						<SP ID="P158_SP00083" HPOS="1087" VPOS="1446" WIDTH="15"/>
						<String ID="P158_ST00104" HPOS="1102" VPOS="1420" WIDTH="156" HEIGHT="35" CONTENT="generally" WC="0.85" CC="005030202"/>
						<SP ID="P158_SP00084" HPOS="1258" VPOS="1455" WIDTH="13"/>
						<String ID="P158_ST00105" HPOS="1271" VPOS="1420" WIDTH="120" HEIGHT="33" CONTENT="known," WC="0.61" CC="050952"/>
						<SP ID="P158_SP00085" HPOS="1391" VPOS="1455" WIDTH="14"/>
						<String ID="P158_ST00106" HPOS="1405" VPOS="1421" WIDTH="52" HEIGHT="26" CONTENT="the" WC="0.78" CC="060"/>
						<SP ID="P158_SP00086" HPOS="1457" VPOS="1455" WIDTH="11"/>
						<String ID="P158_ST00107" HPOS="1468" VPOS="1421" WIDTH="53" HEIGHT="35" CONTENT="joy" WC="0.93" CC="002"/>
					</TextLine>
					<TextLine ID="P158_TL00017" HPOS="1006" VPOS="1470" WIDTH="515" HEIGHT="27">
						<String ID="P158_ST00108" HPOS="1006" VPOS="1470" WIDTH="97" HEIGHT="26" CONTENT="which" WC="0.46" CC="95506"/>
						<SP ID="P158_SP00087" HPOS="1103" VPOS="1496" WIDTH="20"/>
						<String ID="P158_ST00109" HPOS="1123" VPOS="1471" WIDTH="84" HEIGHT="25" CONTENT="burst" WC="0.66" CC="55401"/>
						<SP ID="P158_SP00088" HPOS="1207" VPOS="1496" WIDTH="22"/>
						<String ID="P158_ST00110" HPOS="1229" VPOS="1474" WIDTH="51" HEIGHT="22" CONTENT="out" WC="0.89" CC="003"/>
						<SP ID="P158_SP00089" HPOS="1280" VPOS="1496" WIDTH="27"/>
						<String ID="P158_ST00111" HPOS="1307" VPOS="1480" WIDTH="38" HEIGHT="16" CONTENT="on" WC="1.00" CC="00"/>
						<SP ID="P158_SP00090" HPOS="1345" VPOS="1496" WIDTH="28"/>
						<String ID="P158_ST00112" HPOS="1373" VPOS="1471" WIDTH="40" HEIGHT="25" CONTENT="all" WC="1.00" CC="000"/>
						<SP ID="P158_SP00091" HPOS="1413" VPOS="1496" WIDTH="28"/>
						<String ID="P158_ST00113" HPOS="1441" VPOS="1471" WIDTH="80" HEIGHT="26" CONTENT="sides" WC="0.79" CC="64000"/>
					</TextLine>
					<TextLine ID="P158_TL00018" HPOS="1005" VPOS="1519" WIDTH="520" HEIGHT="28">
						<String ID="P158_ST00114" HPOS="1005" VPOS="1519" WIDTH="72" HEIGHT="27" CONTENT="took" WC="1.00" CC="0000"/>
						<SP ID="P158_SP00092" HPOS="1077" VPOS="1546" WIDTH="19"/>
						<String ID="P158_ST00115" HPOS="1096" VPOS="1519" WIDTH="50" HEIGHT="27" CONTENT="the" WC="0.80" CC="060"/>
						<SP ID="P158_SP00093" HPOS="1146" VPOS="1546" WIDTH="21"/>
						<String ID="P158_ST00116" HPOS="1167" VPOS="1529" WIDTH="82" HEIGHT="17" CONTENT="more" WC="1.00" CC="0000"/>
						<SP ID="P158_SP00094" HPOS="1249" VPOS="1546" WIDTH="20"/>
						<String ID="P158_ST00117" HPOS="1269" VPOS="1521" WIDTH="107" HEIGHT="25" CONTENT="decent" WC="1.00" CC="000000"/>
						<SP ID="P158_SP00095" HPOS="1376" VPOS="1546" WIDTH="22"/>
						<String ID="P158_ST00118" HPOS="1398" VPOS="1520" WIDTH="74" HEIGHT="26" CONTENT="form" WC="0.86" CC="0050"/>
						<SP ID="P158_SP00096" HPOS="1472" VPOS="1546" WIDTH="21"/>
						<String ID="P158_ST00119" HPOS="1493" VPOS="1521" WIDTH="32" HEIGHT="26" CONTENT="of" WC="0.54" CC="90"/>
					</TextLine>
					<TextLine ID="P158_TL00019" HPOS="1006" VPOS="1570" WIDTH="519" HEIGHT="27">
						<String ID="P158_ST00120" HPOS="1006" VPOS="1570" WIDTH="166" HEIGHT="26" CONTENT="exultation" WC="0.61" CC="6630800507"/>
						<SP ID="P158_SP00097" HPOS="1172" VPOS="1596" WIDTH="24"/>
						<String ID="P158_ST00121" HPOS="1196" VPOS="1574" WIDTH="31" HEIGHT="22" CONTENT="at" WC="0.50" CC="09"/>
						<SP ID="P158_SP00098" HPOS="1227" VPOS="1596" WIDTH="22"/>
						<String ID="P158_ST00122" HPOS="1249" VPOS="1571" WIDTH="51" HEIGHT="25" CONTENT="the" WC="0.77" CC="060"/>
						<SP ID="P158_SP00099" HPOS="1300" VPOS="1596" WIDTH="20"/>
						<String ID="P158_ST00123" HPOS="1320" VPOS="1571" WIDTH="153" HEIGHT="26" CONTENT="accession" WC="0.96" CC="000000300"/>
						<SP ID="P158_SP00100" HPOS="1473" VPOS="1597" WIDTH="19"/>
						<String ID="P158_ST00124" HPOS="1492" VPOS="1571" WIDTH="33" HEIGHT="26" CONTENT="of" WC="1.00" CC="00"/>
					</TextLine>
					<TextLine ID="P158_TL00020" HPOS="1005" VPOS="1619" WIDTH="514" HEIGHT="36">
						<String ID="P158_ST00125" HPOS="1005" VPOS="1619" WIDTH="50" HEIGHT="26" CONTENT="the" WC="0.77" CC="060"/>
						<SP ID="P158_SP00101" HPOS="1055" VPOS="1645" WIDTH="16"/>
						<String ID="P158_ST00126" HPOS="1071" VPOS="1628" WIDTH="64" HEIGHT="17" CONTENT="new" WC="0.63" CC="108"/>
						<SP ID="P158_SP00102" HPOS="1135" VPOS="1645" WIDTH="15"/>
						<String ID="P158_ST00127" HPOS="1150" VPOS="1620" WIDTH="166" HEIGHT="35" CONTENT="sovereign." WC="0.92" CC="0010003020"/>
						<SP ID="P158_SP00103" HPOS="1316" VPOS="1655" WIDTH="34"/>
						<String ID="P158_ST00128" HPOS="1350" VPOS="1621" WIDTH="169" HEIGHT="32" CONTENT="Elizabeth," WC="0.82" CC="5203000060"/>
					</TextLine>
					<TextLine ID="P158_TL00021" HPOS="1006" VPOS="1669" WIDTH="515" HEIGHT="36">
						<String ID="P158_ST00129" HPOS="1006" VPOS="1669" WIDTH="101" HEIGHT="35" CONTENT="Betsy," WC="0.70" CC="400940"/>
						<SP ID="P158_SP00104" HPOS="1107" VPOS="1704" WIDTH="20"/>
						<String ID="P158_ST00130" HPOS="1127" VPOS="1669" WIDTH="106" HEIGHT="36" CONTENT="Bessy," WC="0.81" CC="604000"/>
						<SP ID="P158_SP00105" HPOS="1233" VPOS="1705" WIDTH="19"/>
						<String ID="P158_ST00131" HPOS="1252" VPOS="1679" WIDTH="33" HEIGHT="17" CONTENT="or" WC="0.72" CC="05"/>
						<SP ID="P158_SP00106" HPOS="1285" VPOS="1705" WIDTH="20"/>
						<String ID="P158_ST00132" HPOS="1305" VPOS="1670" WIDTH="84" HEIGHT="32" CONTENT="Bess," WC="0.76" CC="60500"/>
						<SP ID="P158_SP00107" HPOS="1389" VPOS="1705" WIDTH="21"/>
						<String ID="P158_ST00133" HPOS="1410" VPOS="1679" WIDTH="34" HEIGHT="18" CONTENT="as" WC="1.00" CC="00"/>
						<SP ID="P158_SP00108" HPOS="1444" VPOS="1705" WIDTH="23"/>
						<String ID="P158_ST00134" HPOS="1467" VPOS="1671" WIDTH="54" HEIGHT="26" CONTENT="she" WC="0.84" CC="040"/>
					</TextLine>
					<TextLine ID="P158_TL00022" HPOS="1006" VPOS="1719" WIDTH="515" HEIGHT="37">
						<String ID="P158_ST00135" HPOS="1006" VPOS="1719" WIDTH="54" HEIGHT="26" CONTENT="has" WC="0.67" CC="603"/>
						<SP ID="P158_SP00109" HPOS="1060" VPOS="1745" WIDTH="58"/>
						<String ID="P158_ST00136" HPOS="1118" VPOS="1720" WIDTH="77" HEIGHT="25" CONTENT="been" WC="0.91" CC="0003"/>
						<SP ID="P158_SP00110" HPOS="1195" VPOS="1745" WIDTH="55"/>
						<String ID="P158_ST00137" HPOS="1250" VPOS="1720" WIDTH="271" HEIGHT="36" CONTENT="indiscriminately" WC="0.92" CC="1000001204100000"/>
					</TextLine>
					<TextLine ID="P158_TL00023" HPOS="1006" VPOS="1769" WIDTH="514" HEIGHT="32">
						<String ID="P158_ST00138" HPOS="1006" VPOS="1769" WIDTH="104" HEIGHT="32" CONTENT="called," WC="0.95" CC="0000003"/>
						<SP ID="P158_SP00111" HPOS="1110" VPOS="1801" WIDTH="23"/>
						<String ID="P158_ST00139" HPOS="1133" VPOS="1778" WIDTH="62" HEIGHT="18" CONTENT="was" WC="0.67" CC="900"/>
						<SP ID="P158_SP00112" HPOS="1195" VPOS="1801" WIDTH="22"/>
						<String ID="P158_ST00140" HPOS="1217" VPOS="1774" WIDTH="30" HEIGHT="22" CONTENT="at" WC="0.58" CC="08"/>
						<SP ID="P158_SP00113" HPOS="1247" VPOS="1801" WIDTH="28"/>
						<String ID="P158_ST00141" HPOS="1275" VPOS="1770" WIDTH="135" HEIGHT="26" CONTENT="Hatfield" WC="0.81" CC="40233000"/>
						<SP ID="P158_SP00114" HPOS="1410" VPOS="1801" WIDTH="24"/>
						<String ID="P158_ST00142" HPOS="1434" VPOS="1771" WIDTH="86" HEIGHT="26" CONTENT="when" WC="0.64" CC="0607"/>
					</TextLine>
					<TextLine ID="P158_TL00024" HPOS="1005" VPOS="1819" WIDTH="516" HEIGHT="33">
						<String ID="P158_ST00143" HPOS="1005" VPOS="1819" WIDTH="53" HEIGHT="26" CONTENT="her" WC="0.85" CC="202"/>
						<SP ID="P158_SP00115" HPOS="1058" VPOS="1845" WIDTH="21"/>
						<String ID="P158_ST00144" HPOS="1079" VPOS="1820" WIDTH="87" HEIGHT="26" CONTENT="sister" WC="1.00" CC="000000"/>
						<SP ID="P158_SP00116" HPOS="1166" VPOS="1846" WIDTH="20"/>
						<String ID="P158_ST00145" HPOS="1186" VPOS="1820" WIDTH="77" HEIGHT="32" CONTENT="died," WC="0.96" CC="01000"/>
						<SP ID="P158_SP00117" HPOS="1263" VPOS="1852" WIDTH="26"/>
						<String ID="P158_ST00146" HPOS="1289" VPOS="1821" WIDTH="60" HEIGHT="25" CONTENT="and" WC="1.00" CC="000"/>
						<SP ID="P158_SP00118" HPOS="1349" VPOS="1852" WIDTH="21"/>
						<String ID="P158_ST00147" HPOS="1370" VPOS="1821" WIDTH="52" HEIGHT="26" CONTENT="she" WC="0.66" CC="072"/>
						<SP ID="P158_SP00119" HPOS="1422" VPOS="1852" WIDTH="25"/>
						<String ID="P158_ST00148" HPOS="1447" VPOS="1829" WIDTH="74" HEIGHT="18" CONTENT="soon" WC="0.94" CC="0020"/>
					</TextLine>
					<TextLine ID="P158_TL00025" HPOS="1005" VPOS="1870" WIDTH="516" HEIGHT="36">
						<String ID="P158_ST00149" HPOS="1005" VPOS="1870" WIDTH="107" HEIGHT="25" CONTENT="moved" WC="0.88" CC="00600"/>
						<SP ID="P158_SP00120" HPOS="1112" VPOS="1895" WIDTH="18"/>
						<String ID="P158_ST00150" HPOS="1130" VPOS="1874" WIDTH="31" HEIGHT="22" CONTENT="to" WC="1.00" CC="00"/>
						<SP ID="P158_SP00121" HPOS="1161" VPOS="1896" WIDTH="14"/>
						<String ID="P158_ST00151" HPOS="1175" VPOS="1870" WIDTH="135" HEIGHT="33" CONTENT="London," WC="0.99" CC="0000000"/>
						<SP ID="P158_SP00122" HPOS="1310" VPOS="1903" WIDTH="16"/>
						<String ID="P158_ST00152" HPOS="1326" VPOS="1872" WIDTH="134" HEIGHT="25" CONTENT="escorted" WC="0.98" CC="00001000"/>
						<SP ID="P158_SP00123" HPOS="1460" VPOS="1903" WIDTH="21"/>
						<String ID="P158_ST00153" HPOS="1481" VPOS="1872" WIDTH="40" HEIGHT="34" CONTENT="by" WC="1.00" CC="00"/>
					</TextLine>
					<TextLine ID="P158_TL00026" HPOS="1006" VPOS="1920" WIDTH="514" HEIGHT="35">
						<String ID="P158_ST00154" HPOS="1006" VPOS="1928" WIDTH="56" HEIGHT="17" CONTENT="one" WC="0.85" CC="400"/>
						<SP ID="P158_SP00124" HPOS="1062" VPOS="1945" WIDTH="27"/>
						<String ID="P158_ST00155" HPOS="1089" VPOS="1920" WIDTH="34" HEIGHT="26" CONTENT="of" WC="0.97" CC="00"/>
						<SP ID="P158_SP00125" HPOS="1123" VPOS="1946" WIDTH="24"/>
						<String ID="P158_ST00156" HPOS="1147" VPOS="1921" WIDTH="86" HEIGHT="26" CONTENT="those" WC="0.84" CC="16000"/>
						<SP ID="P158_SP00126" HPOS="1233" VPOS="1947" WIDTH="33"/>
						<String ID="P158_ST00157" HPOS="1266" VPOS="1921" WIDTH="139" HEIGHT="34" CONTENT="patriotic" WC="0.83" CC="000050900"/>
						<SP ID="P158_SP00127" HPOS="1405" VPOS="1955" WIDTH="29"/>
						<String ID="P158_ST00158" HPOS="1434" VPOS="1922" WIDTH="86" HEIGHT="26" CONTENT="mobs" WC="1.00" CC="0000"/>
					</TextLine>
					<TextLine ID="P158_TL00027" HPOS="1005" VPOS="1970" WIDTH="516" HEIGHT="36">
						<String ID="P158_ST00159" HPOS="1005" VPOS="1970" WIDTH="97" HEIGHT="26" CONTENT="which" WC="0.53" CC="93504"/>
						<SP ID="P158_SP00128" HPOS="1102" VPOS="1996" WIDTH="31"/>
						<String ID="P158_ST00160" HPOS="1133" VPOS="1979" WIDTH="50" HEIGHT="18" CONTENT="are" WC="0.80" CC="050"/>
						<SP ID="P158_SP00129" HPOS="1183" VPOS="1997" WIDTH="34"/>
						<String ID="P158_ST00161" HPOS="1217" VPOS="1971" WIDTH="113" HEIGHT="35" CONTENT="always" WC="0.83" CC="009000"/>
						<SP ID="P158_SP00130" HPOS="1330" VPOS="2006" WIDTH="33"/>
						<String ID="P158_ST00162" HPOS="1363" VPOS="1971" WIDTH="92" HEIGHT="35" CONTENT="ready" WC="0.91" CC="30000"/>
						<SP ID="P158_SP00131" HPOS="1455" VPOS="2006" WIDTH="34"/>
						<String ID="P158_ST00163" HPOS="1489" VPOS="1976" WIDTH="32" HEIGHT="22" CONTENT="to" WC="0.85" CC="20"/>
					</TextLine>
					<TextLine ID="P158_TL00028" HPOS="1004" VPOS="2020" WIDTH="517" HEIGHT="36">
						<String ID="P158_ST00164" HPOS="1004" VPOS="2020" WIDTH="73" HEIGHT="26" CONTENT="hoot" WC="0.83" CC="6000"/>
						<SP ID="P158_SP00132" HPOS="1077" VPOS="2046" WIDTH="24"/>
						<String ID="P158_ST00165" HPOS="1101" VPOS="2021" WIDTH="60" HEIGHT="25" CONTENT="and" WC="1.00" CC="000"/>
						<SP ID="P158_SP00133" HPOS="1161" VPOS="2046" WIDTH="23"/>
						<String ID="P158_ST00166" HPOS="1184" VPOS="2021" WIDTH="100" HEIGHT="26" CONTENT="halloo" WC="0.85" CC="500300"/>
						<SP ID="P158_SP00134" HPOS="1284" VPOS="2047" WIDTH="23"/>
						<String ID="P158_ST00167" HPOS="1307" VPOS="2020" WIDTH="45" HEIGHT="27" CONTENT="for" WC="0.89" CC="003"/>
						<SP ID="P158_SP00135" HPOS="1352" VPOS="2047" WIDTH="22"/>
						<String ID="P158_ST00168" HPOS="1374" VPOS="2030" WIDTH="59" HEIGHT="26" CONTENT="any" WC="0.64" CC="370"/>
						<SP ID="P158_SP00136" HPOS="1433" VPOS="2056" WIDTH="27"/>
						<String ID="P158_ST00169" HPOS="1460" VPOS="2021" WIDTH="61" HEIGHT="26" CONTENT="dis" SUBS_TYPE="HypPart1" SUBS_CONTENT="distance" WC="0.67" CC="0490"/>
						<HYP CONTENT="-"/>
					</TextLine>
					<TextLine ID="P158_TL00029" HPOS="1005" VPOS="2070" WIDTH="484" HEIGHT="37">
						<String ID="P158_ST00170" HPOS="1005" VPOS="2074" WIDTH="87" HEIGHT="22" CONTENT="tance" SUBS_TYPE="HypPart2" SUBS_CONTENT="distance" WC="0.87" CC="50100"/>
						<SP ID="P158_SP00137" HPOS="1092" VPOS="2096" WIDTH="14"/>
						<String ID="P158_ST00171" HPOS="1106" VPOS="2070" WIDTH="50" HEIGHT="26" CONTENT="the" WC="0.61" CC="460"/>
						<SP ID="P158_SP00138" HPOS="1156" VPOS="2096" WIDTH="15"/>
						<String ID="P158_ST00172" HPOS="1171" VPOS="2070" WIDTH="57" HEIGHT="28" CONTENT="last" WC="0.79" CC="0062"/>
						<SP ID="P158_SP00139" HPOS="1228" VPOS="2098" WIDTH="16"/>
						<String ID="P158_ST00173" HPOS="1244" VPOS="2080" WIDTH="64" HEIGHT="18" CONTENT="new" WC="1.00" CC="000"/>
						<SP ID="P158_SP00140" HPOS="1308" VPOS="2098" WIDTH="14"/>
						<String ID="P158_ST00174" HPOS="1322" VPOS="2071" WIDTH="167" HEIGHT="36" CONTENT="sovereign." WC="0.80" CC="0050304070"/>
					</TextLine>
				</TextBlock>
				<TextBlock ID="P158_TB00008" HPOS="512" VPOS="2036" WIDTH="282" HEIGHT="40" STYLEREFS="TXT_3 PAR_LEFT">
					<TextLine ID="P158_TL00030" HPOS="557" VPOS="2043" WIDTH="205" HEIGHT="18">
						<String ID="P158_ST00175" HPOS="557" VPOS="2043" WIDTH="50" HEIGHT="16" CONTENT="Good" WC="0.54" CC="3860"/>
						<SP ID="P158_SP00141" HPOS="607" VPOS="2059" WIDTH="18"/>
						<String ID="P158_ST00176" HPOS="625" VPOS="2043" WIDTH="65" HEIGHT="18" CONTENT="Queen" WC="0.52" CC="71680"/>
						<SP ID="P158_SP00142" HPOS="690" VPOS="2061" WIDTH="21"/>
						<String ID="P158_ST00177" HPOS="711" VPOS="2044" WIDTH="51" HEIGHT="16" CONTENT="Bess." WC="0.72" CC="05403"/>
					</TextLine>
				</TextBlock>
				<TextBlock ID="P158_TB00009" HPOS="363" VPOS="2132" WIDTH="1160" HEIGHT="92" STYLEREFS="TXT_2 PAR_LEFT">
					<TextLine ID="P158_TL00031" HPOS="418" VPOS="2132" WIDTH="1104" HEIGHT="40">
						<String ID="P158_ST00178" HPOS="418" VPOS="2132" WIDTH="47" HEIGHT="26" CONTENT="On" WC="0.24" CC="77"/>
						<SP ID="P158_SP00143" HPOS="465" VPOS="2158" WIDTH="21"/>
						<String ID="P158_ST00179" HPOS="486" VPOS="2133" WIDTH="50" HEIGHT="25" CONTENT="the" WC="0.78" CC="005"/>
						<SP ID="P158_SP00144" HPOS="536" VPOS="2158" WIDTH="24"/>
						<String ID="P158_ST00180" HPOS="560" VPOS="2133" WIDTH="65" HEIGHT="33" CONTENT="15th" WC="0.72" CC="3700"/>
						<SP ID="P158_SP00145" HPOS="625" VPOS="2166" WIDTH="21"/>
						<String ID="P158_ST00181" HPOS="646" VPOS="2133" WIDTH="34" HEIGHT="26" CONTENT="of" WC="1.00" CC="00"/>
						<SP ID="P158_SP00146" HPOS="680" VPOS="2166" WIDTH="14"/>
						<String ID="P158_ST00182" HPOS="694" VPOS="2134" WIDTH="142" HEIGHT="36" CONTENT="January," WC="0.87" CC="00500202"/>
						<SP ID="P158_SP00147" HPOS="836" VPOS="2170" WIDTH="20"/>
						<String ID="P158_ST00183" HPOS="856" VPOS="2145" WIDTH="77" HEIGHT="25" CONTENT="1559," WC="0.54" CC="57801"/>
						<SP ID="P158_SP00148" HPOS="933" VPOS="2170" WIDTH="17"/>
						<String ID="P158_ST00184" HPOS="950" VPOS="2137" WIDTH="50" HEIGHT="26" CONTENT="the" WC="0.60" CC="091"/>
						<SP ID="P158_SP00149" HPOS="1000" VPOS="2170" WIDTH="21"/>
						<String ID="P158_ST00185" HPOS="1021" VPOS="2147" WIDTH="95" HEIGHT="25" CONTENT="queen" WC="0.93" CC="00003"/>
						<SP ID="P158_SP00150" HPOS="1116" VPOS="2172" WIDTH="21"/>
						<String ID="P158_ST00186" HPOS="1137" VPOS="2148" WIDTH="62" HEIGHT="18" CONTENT="was" WC="0.88" CC="003"/>
						<SP ID="P158_SP00151" HPOS="1199" VPOS="2172" WIDTH="22"/>
						<String ID="P158_ST00187" HPOS="1221" VPOS="2140" WIDTH="137" HEIGHT="27" CONTENT="crowned" WC="0.93" CC="0000400"/>
						<SP ID="P158_SP00152" HPOS="1358" VPOS="2172" WIDTH="20"/>
						<String ID="P158_ST00188" HPOS="1378" VPOS="2144" WIDTH="30" HEIGHT="23" CONTENT="at" WC="1.00" CC="00"/>
						<SP ID="P158_SP00153" HPOS="1408" VPOS="2172" WIDTH="14"/>
						<String ID="P158_ST00189" HPOS="1422" VPOS="2140" WIDTH="100" HEIGHT="27" CONTENT="West" SUBS_TYPE="HypPart1" SUBS_CONTENT="Westminster" WC="0.77" CC="00522"/>
						<HYP CONTENT="-"/>
					</TextLine>
					<TextLine ID="P158_TL00032" HPOS="363" VPOS="2181" WIDTH="1160" HEIGHT="43">
						<String ID="P158_ST00190" HPOS="363" VPOS="2181" WIDTH="123" HEIGHT="27" CONTENT="minster" SUBS_TYPE="HypPart2" SUBS_CONTENT="Westminster" WC="0.85" CC="0006004"/>
						<SP ID="P158_SP00154" HPOS="486" VPOS="2208" WIDTH="28"/>
						<String ID="P158_ST00191" HPOS="514" VPOS="2182" WIDTH="118" HEIGHT="36" CONTENT="Abbey," WC="0.93" CC="000004"/>
						<SP ID="P158_SP00155" HPOS="632" VPOS="2218" WIDTH="27"/>
						<String ID="P158_ST00192" HPOS="659" VPOS="2184" WIDTH="53" HEIGHT="26" CONTENT="but" WC="0.91" CC="020"/>
						<SP ID="P158_SP00156" HPOS="712" VPOS="2218" WIDTH="30"/>
						<String ID="P158_ST00193" HPOS="742" VPOS="2184" WIDTH="109" HEIGHT="37" CONTENT="during" WC="0.79" CC="602300"/>
						<SP ID="P158_SP00157" HPOS="851" VPOS="2221" WIDTH="22"/>
						<String ID="P158_ST00194" HPOS="873" VPOS="2186" WIDTH="50" HEIGHT="27" CONTENT="the" WC="0.55" CC="660"/>
						<SP ID="P158_SP00158" HPOS="923" VPOS="2221" WIDTH="28"/>
						<String ID="P158_ST00195" HPOS="951" VPOS="2196" WIDTH="159" HEIGHT="28" CONTENT="ceremony" WC="0.88" CC="00400050"/>
						<SP ID="P158_SP00159" HPOS="1110" VPOS="2224" WIDTH="28"/>
						<String ID="P158_ST00196" HPOS="1138" VPOS="2189" WIDTH="52" HEIGHT="27" CONTENT="she" WC="0.57" CC="660"/>
						<SP ID="P158_SP00160" HPOS="1190" VPOS="2224" WIDTH="21"/>
						<String ID="P158_ST00197" HPOS="1211" VPOS="2199" WIDTH="61" HEIGHT="18" CONTENT="was" WC="0.24" CC="849"/>
						<SP ID="P158_SP00161" HPOS="1272" VPOS="2224" WIDTH="25"/>
						<String ID="P158_ST00198" HPOS="1297" VPOS="2190" WIDTH="167" HEIGHT="34" CONTENT="compelled" WC="0.99" CC="000000000"/>
						<SP ID="P158_SP00162" HPOS="1464" VPOS="2224" WIDTH="30"/>
						<String ID="P158_ST00199" HPOS="1494" VPOS="2195" WIDTH="29" HEIGHT="22" CONTENT="to" WC="0.84" CC="03"/>
					</TextLine>
				</TextBlock>
				<ComposedBlock ID="P158_CB00001" HPOS="410" VPOS="1173" WIDTH="518" HEIGHT="836" STYLEREFS="TXT_0 PAR_LEFT" TYPE="Illustration">
					<GraphicalElement ID="P158_CB00001_SUB" HPOS="410" VPOS="1173" WIDTH="518" HEIGHT="836"/>
				</ComposedBlock>
			</PrintSpace>
		</Page>
	</Layout>
</alto>
