<?xml version="1.0" encoding="UTF-8"?>
<alto xmlns:xsi="http://www.w3.org/2001/XMLSchema-instance" xsi:noNamespaceSchemaLocation="http://www.bl.uk/schemas/alto/alto-1-4.xsd" xmlns:xlink="http://www.w3.org/1999/xlink">
	<Description>
		<MeasurementUnit>mm10</MeasurementUnit>
		<sourceImageInformation>
			<fileName>//head1/IN/2008-50/A0012346969.2/003732.jp2</fileName>
		</sourceImageInformation>
		<OCRProcessing ID="OCRPROCESSING_1">
			<preProcessingStep>
				<processingSoftware>
					<softwareCreator>CCS Content Conversion Specialists GmbH, Germany</softwareCreator>
					<softwareName>CCS docWORKS</softwareName>
					<softwareVersion>6.1-0.67</softwareVersion>
				</processingSoftware>
			</preProcessingStep>
			<ocrProcessingStep>
				<processingSoftware>
					<softwareCreator>ABBYY (BIT Software), Russia</softwareCreator>
					<softwareName>Finereader</softwareName>
				</processingSoftware>
			</ocrProcessingStep>
		</OCRProcessing>
	</Description>
	<Styles/>
	<Layout>
		<Page ID="P84" PHYSICAL_IMG_NR="84" HEIGHT="2488" WIDTH="1692" POSITION="Left">
			<TopMargin ID="P84_TM00001" HPOS="0" VPOS="0" WIDTH="1691" HEIGHT="0"/>
			<LeftMargin ID="P84_LM00001" HPOS="0" VPOS="0" WIDTH="0" HEIGHT="2488"/>
			<RightMargin ID="P84_RM00001" HPOS="1691" VPOS="0" WIDTH="0" HEIGHT="2488"/>
			<BottomMargin ID="P84_BM00001" HPOS="0" VPOS="2488" WIDTH="1691" HEIGHT="0"/>
			<PrintSpace ID="P84_PS00001" HPOS="0" VPOS="0" WIDTH="1691" HEIGHT="2488"/>
		</Page>
	</Layout>
</alto>
