<?xml version="1.0" encoding="UTF-8"?>
<alto xmlns:xsi="http://www.w3.org/2001/XMLSchema-instance" xsi:noNamespaceSchemaLocation="http://www.bl.uk/schemas/alto/alto-1-4.xsd" xmlns:xlink="http://www.w3.org/1999/xlink">
	<Description>
		<MeasurementUnit>mm10</MeasurementUnit>
		<sourceImageInformation>
			<fileName>//head1/IN/2008-50/A0012346969.2/004101.jp2</fileName>
		</sourceImageInformation>
		<OCRProcessing ID="OCRPROCESSING_1">
			<preProcessingStep>
				<processingSoftware>
					<softwareCreator>CCS Content Conversion Specialists GmbH, Germany</softwareCreator>
					<softwareName>CCS docWORKS</softwareName>
					<softwareVersion>6.1-0.67</softwareVersion>
				</processingSoftware>
			</preProcessingStep>
			<ocrProcessingStep>
				<processingSoftware>
					<softwareCreator>ABBYY (BIT Software), Russia</softwareCreator>
					<softwareName>Finereader</softwareName>
				</processingSoftware>
			</ocrProcessingStep>
		</OCRProcessing>
	</Description>
	<Styles>
		<TextStyle ID="TXT_0" FONTSIZE="11" FONTFAMILY="Courier New"/>
		<TextStyle ID="TXT_1" FONTSIZE="11" FONTFAMILY="Fraktur"/>
		<TextStyle ID="TXT_2" FONTSIZE="9" FONTFAMILY="Courier New"/>
		<ParagraphStyle ID="PAR_LEFT" ALIGN="Left"/>
		<ParagraphStyle ID="PAR_RIGHT" ALIGN="Right"/>
	</Styles>
	<Layout>
		<Page ID="P439" PHYSICAL_IMG_NR="439" HEIGHT="2488" WIDTH="1692" PRINTED_IMG_NR="399" POSITION="Right" ACCURACY="88.94">
			<TopMargin ID="P439_TM00001" HPOS="0" VPOS="0" WIDTH="1691" HEIGHT="281">
				<TextBlock ID="P439_TB00001" HPOS="515" VPOS="231" WIDTH="484" HEIGHT="44" STYLEREFS="TXT_0 PAR_LEFT">
					<TextLine ID="P439_TL00001" HPOS="515" VPOS="231" WIDTH="484" HEIGHT="44">
						<String ID="P439_ST00001" HPOS="515" VPOS="231" WIDTH="229" HEIGHT="44" CONTENT="Successes" WC="0.77" CC="086500000"/>
						<SP ID="P439_SP00001" HPOS="744" VPOS="275" WIDTH="34"/>
						<String ID="P439_ST00002" HPOS="778" VPOS="249" WIDTH="44" HEIGHT="26" CONTENT="in" WC="0.58" CC="08"/>
						<SP ID="P439_SP00002" HPOS="822" VPOS="275" WIDTH="33"/>
						<String ID="P439_ST00003" HPOS="855" VPOS="232" WIDTH="144" HEIGHT="43" CONTENT="India." WC="0.87" CC="080000"/>
					</TextLine>
				</TextBlock>
				<TextBlock ID="P439_TB00002" HPOS="1275" VPOS="252" WIDTH="57" HEIGHT="27" STYLEREFS="TXT_1 PAR_RIGHT">
					<TextLine ID="P439_TL00002" HPOS="1275" VPOS="252" WIDTH="57" HEIGHT="27">
						<String ID="P439_ST00004" HPOS="1275" VPOS="252" WIDTH="57" HEIGHT="27" CONTENT="399" WC="1.00" CC="000"/>
					</TextLine>
				</TextBlock>
				<TextBlock ID="P439_TB00003" HPOS="192" VPOS="254" WIDTH="124" HEIGHT="20" STYLEREFS="TXT_2 PAR_LEFT">
					<TextLine ID="P439_TL00003" HPOS="192" VPOS="254" WIDTH="124" HEIGHT="20">
						<String ID="P439_ST00005" HPOS="192" VPOS="254" WIDTH="67" HEIGHT="20" CONTENT="Chap." WC="0.49" CC="57092"/>
						<SP ID="P439_SP00003" HPOS="259" VPOS="274" WIDTH="12"/>
						<String ID="P439_ST00006" HPOS="271" VPOS="256" WIDTH="32" HEIGHT="16" CONTENT="VI" WC="0.90" CC="02"/>
						<SP ID="P439_SP00004" HPOS="303" VPOS="274" WIDTH="9"/>
						<String ID="P439_ST00007" HPOS="312" VPOS="258" WIDTH="4" HEIGHT="16" CONTENT="]" WC="0.51" CC="4"/>
					</TextLine>
				</TextBlock>
			</TopMargin>
			<LeftMargin ID="P439_LM00001" HPOS="0" VPOS="281" WIDTH="192" HEIGHT="1857"/>
			<RightMargin ID="P439_RM00001" HPOS="1338" VPOS="281" WIDTH="353" HEIGHT="1857"/>
			<BottomMargin ID="P439_BM00001" HPOS="0" VPOS="2138" WIDTH="1691" HEIGHT="350"/>
			<PrintSpace ID="P439_PS00001" HPOS="192" VPOS="281" WIDTH="1146" HEIGHT="1857">
				<TextBlock ID="P439_TB00004" HPOS="193" VPOS="344" WIDTH="1140" HEIGHT="279" STYLEREFS="TXT_2 PAR_LEFT">
					<TextLine ID="P439_TL00004" HPOS="193" VPOS="344" WIDTH="1140" HEIGHT="37">
						<String ID="P439_ST00008" HPOS="193" VPOS="344" WIDTH="110" HEIGHT="34" CONTENT="always" WC="1.00" CC="000000"/>
						<SP ID="P439_SP00005" HPOS="303" VPOS="378" WIDTH="16"/>
						<String ID="P439_ST00009" HPOS="319" VPOS="344" WIDTH="128" HEIGHT="26" CONTENT="mulcted" WC="0.92" CC="0500000"/>
						<SP ID="P439_SP00006" HPOS="447" VPOS="378" WIDTH="15"/>
						<String ID="P439_ST00010" HPOS="462" VPOS="344" WIDTH="32" HEIGHT="27" CONTENT="of" WC="1.00" CC="00"/>
						<SP ID="P439_SP00007" HPOS="494" VPOS="378" WIDTH="16"/>
						<String ID="P439_ST00011" HPOS="510" VPOS="354" WIDTH="17" HEIGHT="17" CONTENT="a" WC="1.00" CC="0"/>
						<SP ID="P439_SP00008" HPOS="527" VPOS="378" WIDTH="14"/>
						<String ID="P439_ST00012" HPOS="541" VPOS="345" WIDTH="71" HEIGHT="26" CONTENT="slice" WC="0.90" CC="03010"/>
						<SP ID="P439_SP00009" HPOS="612" VPOS="378" WIDTH="14"/>
						<String ID="P439_ST00013" HPOS="626" VPOS="345" WIDTH="32" HEIGHT="26" CONTENT="of" WC="1.00" CC="00"/>
						<SP ID="P439_SP00010" HPOS="658" VPOS="378" WIDTH="10"/>
						<String ID="P439_ST00014" HPOS="668" VPOS="345" WIDTH="76" HEIGHT="26" CONTENT="their" WC="0.76" CC="06050"/>
						<SP ID="P439_SP00011" HPOS="744" VPOS="378" WIDTH="18"/>
						<String ID="P439_ST00015" HPOS="762" VPOS="345" WIDTH="167" HEIGHT="26" CONTENT="dominions" WC="0.87" CC="000451000"/>
						<SP ID="P439_SP00012" HPOS="929" VPOS="378" WIDTH="15"/>
						<String ID="P439_ST00016" HPOS="944" VPOS="346" WIDTH="38" HEIGHT="34" CONTENT="by" WC="1.00" CC="00"/>
						<SP ID="P439_SP00013" HPOS="982" VPOS="380" WIDTH="14"/>
						<String ID="P439_ST00017" HPOS="996" VPOS="354" WIDTH="66" HEIGHT="27" CONTENT="way" WC="1.00" CC="000"/>
						<SP ID="P439_SP00014" HPOS="1062" VPOS="381" WIDTH="19"/>
						<String ID="P439_ST00018" HPOS="1081" VPOS="346" WIDTH="32" HEIGHT="26" CONTENT="of" WC="1.00" CC="00"/>
						<SP ID="P439_SP00015" HPOS="1113" VPOS="381" WIDTH="9"/>
						<String ID="P439_ST00019" HPOS="1122" VPOS="352" WIDTH="87" HEIGHT="27" CONTENT="costs," WC="1.00" CC="000000"/>
						<SP ID="P439_SP00016" HPOS="1209" VPOS="381" WIDTH="19"/>
						<String ID="P439_ST00020" HPOS="1228" VPOS="347" WIDTH="43" HEIGHT="26" CONTENT="for" WC="1.00" CC="000"/>
						<SP ID="P439_SP00017" HPOS="1271" VPOS="381" WIDTH="14"/>
						<String ID="P439_ST00021" HPOS="1285" VPOS="348" WIDTH="48" HEIGHT="25" CONTENT="the" WC="0.77" CC="060"/>
					</TextLine>
					<TextLine ID="P439_TL00005" HPOS="193" VPOS="393" WIDTH="1140" HEIGHT="35">
						<String ID="P439_ST00022" HPOS="193" VPOS="401" WIDTH="130" HEIGHT="25" CONTENT="expense" WC="0.85" CC="7000300"/>
						<SP ID="P439_SP00018" HPOS="323" VPOS="426" WIDTH="21"/>
						<String ID="P439_ST00023" HPOS="344" VPOS="393" WIDTH="136" HEIGHT="26" CONTENT="incurred" WC="0.82" CC="66000000"/>
						<SP ID="P439_SP00019" HPOS="480" VPOS="426" WIDTH="23"/>
						<String ID="P439_ST00024" HPOS="503" VPOS="394" WIDTH="31" HEIGHT="26" CONTENT="in" WC="0.54" CC="26"/>
						<SP ID="P439_SP00020" HPOS="534" VPOS="426" WIDTH="23"/>
						<String ID="P439_ST00025" HPOS="557" VPOS="394" WIDTH="50" HEIGHT="26" CONTENT="the" WC="0.76" CC="070"/>
						<SP ID="P439_SP00021" HPOS="607" VPOS="426" WIDTH="23"/>
						<String ID="P439_ST00026" HPOS="630" VPOS="395" WIDTH="117" HEIGHT="33" CONTENT="alleged" WC="1.00" CC="0000000"/>
						<SP ID="P439_SP00022" HPOS="747" VPOS="428" WIDTH="19"/>
						<String ID="P439_ST00027" HPOS="766" VPOS="399" WIDTH="123" HEIGHT="29" CONTENT="support" WC="0.88" CC="0340000"/>
						<SP ID="P439_SP00023" HPOS="889" VPOS="428" WIDTH="20"/>
						<String ID="P439_ST00028" HPOS="909" VPOS="394" WIDTH="32" HEIGHT="27" CONTENT="of" WC="1.00" CC="00"/>
						<SP ID="P439_SP00024" HPOS="941" VPOS="428" WIDTH="16"/>
						<String ID="P439_ST00029" HPOS="957" VPOS="395" WIDTH="76" HEIGHT="26" CONTENT="their" WC="0.86" CC="05000"/>
						<SP ID="P439_SP00025" HPOS="1033" VPOS="428" WIDTH="21"/>
						<String ID="P439_ST00030" HPOS="1054" VPOS="395" WIDTH="144" HEIGHT="27" CONTENT="interests." WC="0.96" CC="3000000000"/>
						<SP ID="P439_SP00026" HPOS="1198" VPOS="428" WIDTH="40"/>
						<String ID="P439_ST00031" HPOS="1238" VPOS="397" WIDTH="30" HEIGHT="25" CONTENT="If" WC="1.00" CC="00"/>
						<SP ID="P439_SP00027" HPOS="1268" VPOS="428" WIDTH="17"/>
						<String ID="P439_ST00032" HPOS="1285" VPOS="397" WIDTH="48" HEIGHT="25" CONTENT="the" WC="0.75" CC="070"/>
					</TextLine>
					<TextLine ID="P439_TL00006" HPOS="193" VPOS="442" WIDTH="1140" HEIGHT="36">
						<String ID="P439_ST00033" HPOS="193" VPOS="450" WIDTH="160" HEIGHT="26" CONTENT="aggressor" WC="0.96" CC="000000003"/>
						<SP ID="P439_SP00028" HPOS="353" VPOS="476" WIDTH="12"/>
						<String ID="P439_ST00034" HPOS="365" VPOS="442" WIDTH="33" HEIGHT="26" CONTENT="of" WC="1.00" CC="00"/>
						<SP ID="P439_SP00029" HPOS="398" VPOS="476" WIDTH="10"/>
						<String ID="P439_ST00035" HPOS="408" VPOS="451" WIDTH="55" HEIGHT="18" CONTENT="one" WC="0.87" CC="030"/>
						<SP ID="P439_SP00030" HPOS="463" VPOS="476" WIDTH="14"/>
						<String ID="P439_ST00036" HPOS="477" VPOS="443" WIDTH="33" HEIGHT="26" CONTENT="of" WC="0.96" CC="00"/>
						<SP ID="P439_SP00031" HPOS="510" VPOS="476" WIDTH="9"/>
						<String ID="P439_ST00037" HPOS="519" VPOS="443" WIDTH="50" HEIGHT="27" CONTENT="the" WC="0.76" CC="070"/>
						<SP ID="P439_SP00032" HPOS="569" VPOS="476" WIDTH="15"/>
						<String ID="P439_ST00038" HPOS="584" VPOS="443" WIDTH="106" HEIGHT="27" CONTENT="Indian" WC="1.00" CC="000000"/>
						<SP ID="P439_SP00033" HPOS="690" VPOS="476" WIDTH="16"/>
						<String ID="P439_ST00039" HPOS="706" VPOS="444" WIDTH="91" HEIGHT="26" CONTENT="rulers" WC="0.97" CC="100000"/>
						<SP ID="P439_SP00034" HPOS="797" VPOS="476" WIDTH="11"/>
						<String ID="P439_ST00040" HPOS="808" VPOS="444" WIDTH="157" HEIGHT="34" CONTENT="happened" WC="0.87" CC="30000006"/>
						<SP ID="P439_SP00035" HPOS="965" VPOS="478" WIDTH="14"/>
						<String ID="P439_ST00041" HPOS="979" VPOS="448" WIDTH="30" HEIGHT="22" CONTENT="to" WC="1.00" CC="00"/>
						<SP ID="P439_SP00036" HPOS="1009" VPOS="478" WIDTH="16"/>
						<String ID="P439_ST00042" HPOS="1025" VPOS="446" WIDTH="130" HEIGHT="31" CONTENT="succeed," WC="0.92" CC="03000002"/>
						<SP ID="P439_SP00037" HPOS="1155" VPOS="478" WIDTH="15"/>
						<String ID="P439_ST00043" HPOS="1170" VPOS="446" WIDTH="37" HEIGHT="25" CONTENT="he" WC="1.00" CC="00"/>
						<SP ID="P439_SP00038" HPOS="1207" VPOS="478" WIDTH="13"/>
						<String ID="P439_ST00044" HPOS="1220" VPOS="446" WIDTH="70" HEIGHT="25" CONTENT="took" WC="1.00" CC="0000"/>
						<SP ID="P439_SP00039" HPOS="1290" VPOS="478" WIDTH="14"/>
						<String ID="P439_ST00045" HPOS="1304" VPOS="450" WIDTH="29" HEIGHT="21" CONTENT="at" WC="1.00" CC="00"/>
					</TextLine>
					<TextLine ID="P439_TL00007" HPOS="193" VPOS="492" WIDTH="1140" HEIGHT="35">
						<String ID="P439_ST00046" HPOS="193" VPOS="499" WIDTH="72" HEIGHT="18" CONTENT="once" WC="0.87" CC="0500"/>
						<SP ID="P439_SP00040" HPOS="265" VPOS="517" WIDTH="23"/>
						<String ID="P439_ST00047" HPOS="288" VPOS="492" WIDTH="80" HEIGHT="26" CONTENT="what" WC="0.86" CC="0500"/>
						<SP ID="P439_SP00041" HPOS="368" VPOS="518" WIDTH="21"/>
						<String ID="P439_ST00048" HPOS="389" VPOS="492" WIDTH="37" HEIGHT="25" CONTENT="he" WC="0.67" CC="60"/>
						<SP ID="P439_SP00042" HPOS="426" VPOS="518" WIDTH="23"/>
						<String ID="P439_ST00049" HPOS="449" VPOS="492" WIDTH="59" HEIGHT="26" CONTENT="had" WC="0.89" CC="300"/>
						<SP ID="P439_SP00043" HPOS="508" VPOS="518" WIDTH="23"/>
						<String ID="P439_ST00050" HPOS="531" VPOS="493" WIDTH="76" HEIGHT="26" CONTENT="been" WC="0.89" CC="0004"/>
						<SP ID="P439_SP00044" HPOS="607" VPOS="519" WIDTH="22"/>
						<String ID="P439_ST00051" HPOS="629" VPOS="492" WIDTH="130" HEIGHT="35" CONTENT="fighting" WC="0.80" CC="00050360"/>
						<SP ID="P439_SP00045" HPOS="759" VPOS="527" WIDTH="21"/>
						<String ID="P439_ST00052" HPOS="780" VPOS="492" WIDTH="44" HEIGHT="27" CONTENT="for" WC="1.00" CC="000"/>
						<String ID="P439_ST00053" HPOS="835" VPOS="503" WIDTH="6" HEIGHT="20" CONTENT=";" WC="0.83" CC="1"/>
						<SP ID="P439_SP00046" HPOS="841" VPOS="527" WIDTH="22"/>
						<String ID="P439_ST00054" HPOS="863" VPOS="492" WIDTH="87" HEIGHT="27" CONTENT="while" WC="0.79" CC="06030"/>
						<SP ID="P439_SP00047" HPOS="950" VPOS="527" WIDTH="20"/>
						<String ID="P439_ST00055" HPOS="970" VPOS="492" WIDTH="25" HEIGHT="26" CONTENT="if" WC="0.83" CC="30"/>
						<SP ID="P439_SP00048" HPOS="995" VPOS="527" WIDTH="16"/>
						<String ID="P439_ST00056" HPOS="1011" VPOS="502" WIDTH="17" HEIGHT="17" CONTENT="a" WC="0.51" CC="4"/>
						<SP ID="P439_SP00049" HPOS="1028" VPOS="527" WIDTH="21"/>
						<String ID="P439_ST00057" HPOS="1049" VPOS="493" WIDTH="138" HEIGHT="27" CONTENT="defender" WC="0.95" CC="00400000"/>
						<SP ID="P439_SP00050" HPOS="1187" VPOS="527" WIDTH="18"/>
						<String ID="P439_ST00058" HPOS="1205" VPOS="494" WIDTH="32" HEIGHT="26" CONTENT="of" WC="1.00" CC="00"/>
						<SP ID="P439_SP00051" HPOS="1237" VPOS="527" WIDTH="16"/>
						<String ID="P439_ST00059" HPOS="1253" VPOS="503" WIDTH="80" HEIGHT="17" CONTENT="some" WC="1.00" CC="0000"/>
					</TextLine>
					<TextLine ID="P439_TL00008" HPOS="193" VPOS="541" WIDTH="1140" HEIGHT="34">
						<String ID="P439_ST00060" HPOS="193" VPOS="541" WIDTH="143" HEIGHT="34" CONTENT="unhappy" WC="0.83" CC="0650000"/>
						<SP ID="P439_SP00052" HPOS="336" VPOS="575" WIDTH="14"/>
						<String ID="P439_ST00061" HPOS="350" VPOS="541" WIDTH="84" HEIGHT="34" CONTENT="rajah" WC="0.86" CC="00006"/>
						<SP ID="P439_SP00053" HPOS="434" VPOS="575" WIDTH="20"/>
						<String ID="P439_ST00062" HPOS="454" VPOS="550" WIDTH="33" HEIGHT="17" CONTENT="or" WC="1.00" CC="00"/>
						<SP ID="P439_SP00054" HPOS="487" VPOS="575" WIDTH="14"/>
						<String ID="P439_ST00063" HPOS="501" VPOS="542" WIDTH="98" HEIGHT="25" CONTENT="nabob" WC="1.00" CC="00000"/>
						<SP ID="P439_SP00055" HPOS="599" VPOS="575" WIDTH="13"/>
						<String ID="P439_ST00064" HPOS="612" VPOS="551" WIDTH="61" HEIGHT="17" CONTENT="was" WC="1.00" CC="000"/>
						<SP ID="P439_SP00056" HPOS="673" VPOS="575" WIDTH="20"/>
						<String ID="P439_ST00065" HPOS="693" VPOS="542" WIDTH="166" HEIGHT="31" CONTENT="victorious," WC="0.87" CC="04000600300"/>
						<SP ID="P439_SP00057" HPOS="859" VPOS="575" WIDTH="15"/>
						<String ID="P439_ST00066" HPOS="874" VPOS="542" WIDTH="49" HEIGHT="26" CONTENT="the" WC="0.85" CC="040"/>
						<SP ID="P439_SP00058" HPOS="923" VPOS="575" WIDTH="15"/>
						<String ID="P439_ST00067" HPOS="938" VPOS="542" WIDTH="98" HEIGHT="25" CONTENT="native" WC="0.97" CC="000100"/>
						<SP ID="P439_SP00059" HPOS="1036" VPOS="575" WIDTH="13"/>
						<String ID="P439_ST00068" HPOS="1049" VPOS="542" WIDTH="99" HEIGHT="33" CONTENT="prince" WC="0.93" CC="000400"/>
						<SP ID="P439_SP00060" HPOS="1148" VPOS="575" WIDTH="20"/>
						<String ID="P439_ST00069" HPOS="1168" VPOS="551" WIDTH="60" HEIGHT="18" CONTENT="was" WC="1.00" CC="000"/>
						<SP ID="P439_SP00061" HPOS="1228" VPOS="575" WIDTH="20"/>
						<String ID="P439_ST00070" HPOS="1248" VPOS="543" WIDTH="85" HEIGHT="25" CONTENT="made" WC="1.00" CC="0000"/>
					</TextLine>
					<TextLine ID="P439_TL00009" HPOS="193" VPOS="590" WIDTH="846" HEIGHT="33">
						<String ID="P439_ST00071" HPOS="193" VPOS="593" WIDTH="29" HEIGHT="21" CONTENT="to" WC="1.00" CC="00"/>
						<SP ID="P439_SP00062" HPOS="222" VPOS="614" WIDTH="15"/>
						<String ID="P439_ST00072" HPOS="237" VPOS="598" WIDTH="60" HEIGHT="25" CONTENT="pay" WC="1.00" CC="000"/>
						<SP ID="P439_SP00063" HPOS="297" VPOS="623" WIDTH="13"/>
						<String ID="P439_ST00073" HPOS="310" VPOS="590" WIDTH="38" HEIGHT="25" CONTENT="all" WC="0.36" CC="962"/>
						<SP ID="P439_SP00064" HPOS="348" VPOS="623" WIDTH="16"/>
						<String ID="P439_ST00074" HPOS="364" VPOS="590" WIDTH="50" HEIGHT="26" CONTENT="the" WC="0.76" CC="070"/>
						<SP ID="P439_SP00065" HPOS="414" VPOS="623" WIDTH="15"/>
						<String ID="P439_ST00075" HPOS="429" VPOS="598" WIDTH="82" HEIGHT="18" CONTENT="same" WC="1.00" CC="0000"/>
						<SP ID="P439_SP00066" HPOS="511" VPOS="623" WIDTH="13"/>
						<String ID="P439_ST00076" HPOS="524" VPOS="590" WIDTH="44" HEIGHT="26" CONTENT="for" WC="0.92" CC="200"/>
						<SP ID="P439_SP00067" HPOS="568" VPOS="623" WIDTH="13"/>
						<String ID="P439_ST00077" HPOS="581" VPOS="591" WIDTH="50" HEIGHT="26" CONTENT="the" WC="0.77" CC="060"/>
						<SP ID="P439_SP00068" HPOS="631" VPOS="623" WIDTH="15"/>
						<String ID="P439_ST00078" HPOS="646" VPOS="591" WIDTH="163" HEIGHT="32" CONTENT="protection" WC="0.91" CC="0400000004"/>
						<SP ID="P439_SP00069" HPOS="809" VPOS="623" WIDTH="14"/>
						<String ID="P439_ST00079" HPOS="823" VPOS="590" WIDTH="131" HEIGHT="26" CONTENT="afforded" WC="0.91" CC="00070000"/>
						<SP ID="P439_SP00070" HPOS="954" VPOS="623" WIDTH="14"/>
						<String ID="P439_ST00080" HPOS="968" VPOS="591" WIDTH="71" HEIGHT="25" CONTENT="him." WC="0.79" CC="2600"/>
					</TextLine>
				</TextBlock>
				<TextBlock ID="P439_TB00005" HPOS="193" VPOS="664" WIDTH="1142" HEIGHT="179" STYLEREFS="TXT_2 PAR_LEFT">
					<TextLine ID="P439_TL00010" HPOS="248" VPOS="664" WIDTH="1082" HEIGHT="35">
						<String ID="P439_ST00081" HPOS="248" VPOS="664" WIDTH="48" HEIGHT="35" CONTENT="By" WC="0.68" CC="60"/>
						<SP ID="P439_SP00071" HPOS="296" VPOS="699" WIDTH="15"/>
						<String ID="P439_ST00082" HPOS="311" VPOS="664" WIDTH="59" HEIGHT="26" CONTENT="this" WC="0.71" CC="0740"/>
						<SP ID="P439_SP00072" HPOS="370" VPOS="699" WIDTH="21"/>
						<String ID="P439_ST00083" HPOS="391" VPOS="669" WIDTH="61" HEIGHT="22" CONTENT="sort" WC="0.85" CC="0050"/>
						<SP ID="P439_SP00073" HPOS="452" VPOS="699" WIDTH="19"/>
						<String ID="P439_ST00084" HPOS="471" VPOS="664" WIDTH="33" HEIGHT="27" CONTENT="of" WC="1.00" CC="00"/>
						<SP ID="P439_SP00074" HPOS="504" VPOS="699" WIDTH="17"/>
						<String ID="P439_ST00085" HPOS="521" VPOS="665" WIDTH="163" HEIGHT="26" CONTENT="assistance" WC="0.94" CC="0005000000"/>
						<SP ID="P439_SP00075" HPOS="684" VPOS="699" WIDTH="18"/>
						<String ID="P439_ST00086" HPOS="702" VPOS="665" WIDTH="141" HEIGHT="26" CONTENT="rendered" WC="0.95" CC="00000400"/>
						<SP ID="P439_SP00076" HPOS="843" VPOS="699" WIDTH="20"/>
						<String ID="P439_ST00087" HPOS="863" VPOS="669" WIDTH="30" HEIGHT="22" CONTENT="to" WC="0.92" CC="01"/>
						<SP ID="P439_SP00077" HPOS="893" VPOS="699" WIDTH="20"/>
						<String ID="P439_ST00088" HPOS="913" VPOS="665" WIDTH="49" HEIGHT="26" CONTENT="the" WC="0.76" CC="070"/>
						<SP ID="P439_SP00078" HPOS="962" VPOS="699" WIDTH="23"/>
						<String ID="P439_ST00089" HPOS="985" VPOS="664" WIDTH="130" HEIGHT="33" CONTENT="Indians," WC="0.84" CC="05050000"/>
						<SP ID="P439_SP00079" HPOS="1115" VPOS="699" WIDTH="20"/>
						<String ID="P439_ST00090" HPOS="1135" VPOS="665" WIDTH="49" HEIGHT="26" CONTENT="the" WC="1.00" CC="000"/>
						<SP ID="P439_SP00080" HPOS="1184" VPOS="699" WIDTH="20"/>
						<String ID="P439_ST00091" HPOS="1204" VPOS="665" WIDTH="126" HEIGHT="34" CONTENT="English" WC="0.80" CC="3300007"/>
					</TextLine>
					<TextLine ID="P439_TL00011" HPOS="196" VPOS="713" WIDTH="1139" HEIGHT="34">
						<String ID="P439_ST00092" HPOS="196" VPOS="713" WIDTH="59" HEIGHT="25" CONTENT="and" WC="0.94" CC="010"/>
						<SP ID="P439_SP00081" HPOS="255" VPOS="738" WIDTH="15"/>
						<String ID="P439_ST00093" HPOS="270" VPOS="713" WIDTH="115" HEIGHT="25" CONTENT="French" WC="0.83" CC="300006"/>
						<SP ID="P439_SP00082" HPOS="385" VPOS="738" WIDTH="17"/>
						<String ID="P439_ST00094" HPOS="402" VPOS="713" WIDTH="60" HEIGHT="26" CONTENT="had" WC="0.77" CC="600"/>
						<SP ID="P439_SP00083" HPOS="462" VPOS="739" WIDTH="18"/>
						<String ID="P439_ST00095" HPOS="480" VPOS="714" WIDTH="161" HEIGHT="26" CONTENT="succeeded" WC="0.98" CC="000100000"/>
						<SP ID="P439_SP00084" HPOS="641" VPOS="740" WIDTH="21"/>
						<String ID="P439_ST00096" HPOS="662" VPOS="713" WIDTH="29" HEIGHT="26" CONTENT="in" WC="0.70" CC="05"/>
						<SP ID="P439_SP00085" HPOS="691" VPOS="740" WIDTH="19"/>
						<String ID="P439_ST00097" HPOS="710" VPOS="713" WIDTH="123" HEIGHT="34" CONTENT="helping" WC="0.79" CC="3000550"/>
						<SP ID="P439_SP00086" HPOS="833" VPOS="747" WIDTH="16"/>
						<String ID="P439_ST00098" HPOS="849" VPOS="713" WIDTH="176" HEIGHT="26" CONTENT="themselves" WC="0.87" CC="0600006000"/>
						<SP ID="P439_SP00087" HPOS="1025" VPOS="747" WIDTH="14"/>
						<String ID="P439_ST00099" HPOS="1039" VPOS="718" WIDTH="30" HEIGHT="20" CONTENT="to" WC="0.89" CC="02"/>
						<SP ID="P439_SP00088" HPOS="1069" VPOS="747" WIDTH="14"/>
						<String ID="P439_ST00100" HPOS="1083" VPOS="722" WIDTH="17" HEIGHT="17" CONTENT="a" WC="1.00" CC="0"/>
						<SP ID="P439_SP00089" HPOS="1100" VPOS="747" WIDTH="14"/>
						<String ID="P439_ST00101" HPOS="1114" VPOS="713" WIDTH="77" HEIGHT="34" CONTENT="good" WC="0.97" CC="0010"/>
						<SP ID="P439_SP00090" HPOS="1191" VPOS="747" WIDTH="15"/>
						<String ID="P439_ST00102" HPOS="1206" VPOS="713" WIDTH="84" HEIGHT="26" CONTENT="share" WC="0.88" CC="06000"/>
						<SP ID="P439_SP00091" HPOS="1290" VPOS="747" WIDTH="14"/>
						<String ID="P439_ST00103" HPOS="1304" VPOS="713" WIDTH="31" HEIGHT="25" CONTENT="of" WC="1.00" CC="00"/>
					</TextLine>
					<TextLine ID="P439_TL00012" HPOS="193" VPOS="762" WIDTH="1142" HEIGHT="34">
						<String ID="P439_ST00104" HPOS="193" VPOS="762" WIDTH="146" HEIGHT="34" CONTENT="territory," WC="0.86" CC="0102200700"/>
						<SP ID="P439_SP00092" HPOS="339" VPOS="796" WIDTH="16"/>
						<String ID="P439_ST00105" HPOS="355" VPOS="763" WIDTH="59" HEIGHT="24" CONTENT="and" WC="0.88" CC="030"/>
						<SP ID="P439_SP00093" HPOS="414" VPOS="796" WIDTH="19"/>
						<String ID="P439_ST00106" HPOS="433" VPOS="762" WIDTH="87" HEIGHT="26" CONTENT="while" WC="0.76" CC="06500"/>
						<SP ID="P439_SP00094" HPOS="520" VPOS="796" WIDTH="21"/>
						<String ID="P439_ST00107" HPOS="541" VPOS="763" WIDTH="49" HEIGHT="25" CONTENT="the" WC="0.76" CC="070"/>
						<SP ID="P439_SP00095" HPOS="590" VPOS="796" WIDTH="20"/>
						<String ID="P439_ST00108" HPOS="610" VPOS="763" WIDTH="107" HEIGHT="25" CONTENT="former" WC="0.94" CC="003000"/>
						<SP ID="P439_SP00096" HPOS="717" VPOS="796" WIDTH="18"/>
						<String ID="P439_ST00109" HPOS="735" VPOS="763" WIDTH="60" HEIGHT="24" CONTENT="had" WC="0.81" CC="500"/>
						<SP ID="P439_SP00097" HPOS="795" VPOS="796" WIDTH="21"/>
						<String ID="P439_ST00110" HPOS="816" VPOS="763" WIDTH="120" HEIGHT="33" CONTENT="already" WC="0.88" CC="0100060"/>
						<SP ID="P439_SP00098" HPOS="936" VPOS="796" WIDTH="19"/>
						<String ID="P439_ST00111" HPOS="955" VPOS="762" WIDTH="138" HEIGHT="25" CONTENT="obtained" WC="0.87" CC="00102600"/>
						<SP ID="P439_SP00099" HPOS="1093" VPOS="796" WIDTH="21"/>
						<String ID="P439_ST00112" HPOS="1114" VPOS="762" WIDTH="167" HEIGHT="34" CONTENT="possession" WC="0.88" CC="0000000506"/>
						<SP ID="P439_SP00100" HPOS="1281" VPOS="796" WIDTH="21"/>
						<String ID="P439_ST00113" HPOS="1302" VPOS="762" WIDTH="33" HEIGHT="24" CONTENT="of" WC="1.00" CC="00"/>
					</TextLine>
					<TextLine ID="P439_TL00013" HPOS="194" VPOS="810" WIDTH="1137" HEIGHT="33">
						<String ID="P439_ST00114" HPOS="194" VPOS="810" WIDTH="137" HEIGHT="27" CONTENT="Calcutta" WC="0.98" CC="00000010"/>
						<SP ID="P439_SP00101" HPOS="331" VPOS="837" WIDTH="11"/>
						<String ID="P439_ST00115" HPOS="342" VPOS="812" WIDTH="57" HEIGHT="24" CONTENT="and" WC="0.96" CC="010"/>
						<SP ID="P439_SP00102" HPOS="399" VPOS="837" WIDTH="10"/>
						<String ID="P439_ST00116" HPOS="409" VPOS="811" WIDTH="131" HEIGHT="32" CONTENT="Madras," WC="0.86" CC="9000000"/>
						<SP ID="P439_SP00103" HPOS="540" VPOS="843" WIDTH="8"/>
						<String ID="P439_ST00117" HPOS="548" VPOS="812" WIDTH="50" HEIGHT="25" CONTENT="the" WC="0.76" CC="070"/>
						<SP ID="P439_SP00104" HPOS="598" VPOS="843" WIDTH="14"/>
						<String ID="P439_ST00118" HPOS="612" VPOS="812" WIDTH="87" HEIGHT="25" CONTENT="latter" WC="0.94" CC="000003"/>
						<SP ID="P439_SP00105" HPOS="699" VPOS="843" WIDTH="10"/>
						<String ID="P439_ST00119" HPOS="709" VPOS="812" WIDTH="58" HEIGHT="24" CONTENT="had" WC="0.87" CC="300"/>
						<SP ID="P439_SP00106" HPOS="767" VPOS="843" WIDTH="10"/>
						<String ID="P439_ST00120" HPOS="777" VPOS="815" WIDTH="51" HEIGHT="28" CONTENT="got" WC="1.00" CC="000"/>
						<SP ID="P439_SP00107" HPOS="828" VPOS="843" WIDTH="10"/>
						<String ID="P439_ST00121" HPOS="838" VPOS="815" WIDTH="28" HEIGHT="21" CONTENT="at" WC="1.00" CC="00"/>
						<SP ID="P439_SP00108" HPOS="866" VPOS="843" WIDTH="16"/>
						<String ID="P439_ST00122" HPOS="882" VPOS="810" WIDTH="206" HEIGHT="33" CONTENT="Pondicherry," WC="0.96" CC="000050000000"/>
						<SP ID="P439_SP00109" HPOS="1088" VPOS="843" WIDTH="11"/>
						<String ID="P439_ST00123" HPOS="1099" VPOS="818" WIDTH="17" HEIGHT="17" CONTENT="a" WC="1.00" CC="0"/>
						<SP ID="P439_SP00110" HPOS="1116" VPOS="843" WIDTH="11"/>
						<String ID="P439_ST00124" HPOS="1127" VPOS="819" WIDTH="70" HEIGHT="24" CONTENT="very" WC="0.92" CC="0030"/>
						<SP ID="P439_SP00111" HPOS="1197" VPOS="843" WIDTH="9"/>
						<String ID="P439_ST00125" HPOS="1206" VPOS="814" WIDTH="125" HEIGHT="29" CONTENT="respect-" WC="1.00" CC="00000000"/>
					</TextLine>
				</TextBlock>
				<TextBlock ID="P439_TB00006" HPOS="542" VPOS="1645" WIDTH="516" HEIGHT="33" STYLEREFS="TXT_2 PAR_RIGHT">
					<TextLine ID="P439_TL00014" HPOS="546" VPOS="1648" WIDTH="493" HEIGHT="21">
						<String ID="P439_ST00126" HPOS="546" VPOS="1653" WIDTH="119" HEIGHT="16" CONTENT="Hostilities" WC="0.50" CC="97044505809"/>
						<SP ID="P439_SP00112" HPOS="665" VPOS="1669" WIDTH="20"/>
						<String ID="P439_ST00127" HPOS="685" VPOS="1651" WIDTH="85" HEIGHT="16" CONTENT="between" WC="0.56" CC="2044909"/>
						<SP ID="P439_SP00113" HPOS="770" VPOS="1669" WIDTH="22"/>
						<String ID="P439_ST00128" HPOS="792" VPOS="1650" WIDTH="90" HEIGHT="18" CONTENT="England" WC="0.42" CC="9700679"/>
						<SP ID="P439_SP00114" HPOS="882" VPOS="1669" WIDTH="19"/>
						<String ID="P439_ST00129" HPOS="901" VPOS="1649" WIDTH="39" HEIGHT="14" CONTENT="and" WC="0.09" CC="997"/>
						<SP ID="P439_SP00115" HPOS="940" VPOS="1669" WIDTH="19"/>
						<String ID="P439_ST00130" HPOS="959" VPOS="1648" WIDTH="80" HEIGHT="14" CONTENT="France." WC="0.56" CC="7078700"/>
					</TextLine>
				</TextBlock>
				<TextBlock ID="P439_TB00007" HPOS="197" VPOS="1761" WIDTH="1141" HEIGHT="377" STYLEREFS="TXT_2 PAR_LEFT">
					<TextLine ID="P439_TL00015" HPOS="198" VPOS="1761" WIDTH="1140" HEIGHT="35">
						<String ID="P439_ST00131" HPOS="198" VPOS="1770" WIDTH="67" HEIGHT="25" CONTENT="able" WC="0.96" CC="0100"/>
						<SP ID="P439_SP00116" HPOS="265" VPOS="1795" WIDTH="15"/>
						<String ID="P439_ST00132" HPOS="280" VPOS="1766" WIDTH="225" HEIGHT="28" CONTENT="establishment" WC="0.87" CC="0000055040010"/>
						<SP ID="P439_SP00117" HPOS="505" VPOS="1795" WIDTH="22"/>
						<String ID="P439_ST00133" HPOS="527" VPOS="1765" WIDTH="91" HEIGHT="25" CONTENT="under" WC="0.92" CC="40000"/>
						<SP ID="P439_SP00118" HPOS="618" VPOS="1795" WIDTH="14"/>
						<String ID="P439_ST00134" HPOS="632" VPOS="1762" WIDTH="151" HEIGHT="28" CONTENT="Monsieur" WC="0.86" CC="00002044"/>
						<SP ID="P439_SP00119" HPOS="783" VPOS="1795" WIDTH="18"/>
						<String ID="P439_ST00135" HPOS="801" VPOS="1762" WIDTH="128" HEIGHT="33" CONTENT="Duplex," WC="0.88" CC="0400002"/>
						<SP ID="P439_SP00120" HPOS="929" VPOS="1795" WIDTH="15"/>
						<String ID="P439_ST00136" HPOS="944" VPOS="1762" WIDTH="98" HEIGHT="25" CONTENT="whose" WC="0.87" CC="06000"/>
						<SP ID="P439_SP00121" HPOS="1042" VPOS="1795" WIDTH="19"/>
						<String ID="P439_ST00137" HPOS="1061" VPOS="1761" WIDTH="142" HEIGHT="35" CONTENT="duplicity" WC="0.90" CC="000510100"/>
						<SP ID="P439_SP00122" HPOS="1203" VPOS="1796" WIDTH="20"/>
						<String ID="P439_ST00138" HPOS="1223" VPOS="1770" WIDTH="68" HEIGHT="23" CONTENT="was," WC="1.00" CC="0000"/>
						<SP ID="P439_SP00123" HPOS="1291" VPOS="1796" WIDTH="16"/>
						<String ID="P439_ST00139" HPOS="1307" VPOS="1762" WIDTH="31" HEIGHT="25" CONTENT="of" WC="1.00" CC="00"/>
					</TextLine>
					<TextLine ID="P439_TL00016" HPOS="198" VPOS="1810" WIDTH="1137" HEIGHT="39">
						<String ID="P439_ST00140" HPOS="198" VPOS="1826" WIDTH="111" HEIGHT="23" CONTENT="course," WC="0.93" CC="0010003"/>
						<SP ID="P439_SP00124" HPOS="309" VPOS="1849" WIDTH="16"/>
						<String ID="P439_ST00141" HPOS="325" VPOS="1815" WIDTH="194" HEIGHT="26" CONTENT="remarkable." WC="0.96" CC="10000000300"/>
						<SP ID="P439_SP00125" HPOS="519" VPOS="1849" WIDTH="40"/>
						<String ID="P439_ST00142" HPOS="559" VPOS="1814" WIDTH="47" HEIGHT="34" CONTENT="By" WC="0.81" CC="30"/>
						<SP ID="P439_SP00126" HPOS="606" VPOS="1849" WIDTH="13"/>
						<String ID="P439_ST00143" HPOS="619" VPOS="1812" WIDTH="160" HEIGHT="34" CONTENT="espousing" WC="0.86" CC="050000330"/>
						<SP ID="P439_SP00127" HPOS="779" VPOS="1849" WIDTH="13"/>
						<String ID="P439_ST00144" HPOS="792" VPOS="1812" WIDTH="49" HEIGHT="25" CONTENT="the" WC="0.80" CC="060"/>
						<SP ID="P439_SP00128" HPOS="841" VPOS="1849" WIDTH="14"/>
						<String ID="P439_ST00145" HPOS="855" VPOS="1819" WIDTH="102" HEIGHT="17" CONTENT="causes" WC="0.94" CC="003000"/>
						<SP ID="P439_SP00129" HPOS="957" VPOS="1849" WIDTH="14"/>
						<String ID="P439_ST00146" HPOS="971" VPOS="1810" WIDTH="34" HEIGHT="26" CONTENT="of" WC="1.00" CC="00"/>
						<SP ID="P439_SP00130" HPOS="1005" VPOS="1849" WIDTH="8"/>
						<String ID="P439_ST00147" HPOS="1013" VPOS="1818" WIDTH="18" HEIGHT="18" CONTENT="a" WC="1.00" CC="0"/>
						<SP ID="P439_SP00131" HPOS="1031" VPOS="1849" WIDTH="10"/>
						<String ID="P439_ST00148" HPOS="1041" VPOS="1814" WIDTH="44" HEIGHT="22" CONTENT="set" WC="0.87" CC="003"/>
						<SP ID="P439_SP00132" HPOS="1085" VPOS="1849" WIDTH="11"/>
						<String ID="P439_ST00149" HPOS="1096" VPOS="1810" WIDTH="32" HEIGHT="26" CONTENT="of" WC="1.00" CC="00"/>
						<SP ID="P439_SP00133" HPOS="1128" VPOS="1849" WIDTH="9"/>
						<String ID="P439_ST00150" HPOS="1137" VPOS="1812" WIDTH="198" HEIGHT="32" CONTENT="quarrelsome" WC="0.96" CC="00001030000"/>
					</TextLine>
					<TextLine ID="P439_TL00017" HPOS="197" VPOS="1859" WIDTH="1137" HEIGHT="38">
						<String ID="P439_ST00151" HPOS="197" VPOS="1867" WIDTH="125" HEIGHT="30" CONTENT="nabobs," WC="0.98" CC="0000001"/>
						<SP ID="P439_SP00134" HPOS="322" VPOS="1897" WIDTH="16"/>
						<String ID="P439_ST00152" HPOS="338" VPOS="1864" WIDTH="193" HEIGHT="30" CONTENT="soubahdars," WC="0.98" CC="00200000000"/>
						<SP ID="P439_SP00135" HPOS="531" VPOS="1897" WIDTH="16"/>
						<String ID="P439_ST00153" HPOS="547" VPOS="1862" WIDTH="59" HEIGHT="26" CONTENT="and" WC="0.83" CC="050"/>
						<SP ID="P439_SP00136" HPOS="606" VPOS="1897" WIDTH="18"/>
						<String ID="P439_ST00154" HPOS="624" VPOS="1862" WIDTH="83" HEIGHT="25" CONTENT="other" WC="1.00" CC="00000"/>
						<SP ID="P439_SP00137" HPOS="707" VPOS="1897" WIDTH="17"/>
						<String ID="P439_ST00155" HPOS="724" VPOS="1860" WIDTH="86" HEIGHT="26" CONTENT="small" WC="1.00" CC="00000"/>
						<SP ID="P439_SP00138" HPOS="810" VPOS="1897" WIDTH="14"/>
						<String ID="P439_ST00156" HPOS="824" VPOS="1859" WIDTH="52" HEIGHT="36" CONTENT="fry," WC="0.92" CC="0300"/>
						<SP ID="P439_SP00139" HPOS="876" VPOS="1897" WIDTH="14"/>
						<String ID="P439_ST00157" HPOS="890" VPOS="1860" WIDTH="66" HEIGHT="25" CONTENT="who" WC="1.00" CC="000"/>
						<SP ID="P439_SP00140" HPOS="956" VPOS="1897" WIDTH="20"/>
						<String ID="P439_ST00158" HPOS="976" VPOS="1860" WIDTH="59" HEIGHT="24" CONTENT="had" WC="0.85" CC="400"/>
						<SP ID="P439_SP00141" HPOS="1035" VPOS="1897" WIDTH="20"/>
						<String ID="P439_ST00159" HPOS="1055" VPOS="1859" WIDTH="89" HEIGHT="25" CONTENT="taken" WC="0.85" CC="00007"/>
						<SP ID="P439_SP00142" HPOS="1144" VPOS="1897" WIDTH="22"/>
						<String ID="P439_ST00160" HPOS="1166" VPOS="1860" WIDTH="168" HEIGHT="34" CONTENT="advantage" WC="1.00" CC="000000000"/>
					</TextLine>
					<TextLine ID="P439_TL00018" HPOS="197" VPOS="1907" WIDTH="1139" HEIGHT="37">
						<String ID="P439_ST00161" HPOS="197" VPOS="1917" WIDTH="34" HEIGHT="27" CONTENT="of" WC="1.00" CC="00"/>
						<SP ID="P439_SP00143" HPOS="231" VPOS="1944" WIDTH="9"/>
						<String ID="P439_ST00162" HPOS="240" VPOS="1917" WIDTH="50" HEIGHT="25" CONTENT="the" WC="0.89" CC="030"/>
						<SP ID="P439_SP00144" HPOS="290" VPOS="1944" WIDTH="14"/>
						<String ID="P439_ST00163" HPOS="304" VPOS="1913" WIDTH="89" HEIGHT="26" CONTENT="death" WC="0.99" CC="00000"/>
						<SP ID="P439_SP00145" HPOS="393" VPOS="1944" WIDTH="15"/>
						<String ID="P439_ST00164" HPOS="408" VPOS="1912" WIDTH="33" HEIGHT="26" CONTENT="of" WC="1.00" CC="00"/>
						<SP ID="P439_SP00146" HPOS="441" VPOS="1944" WIDTH="9"/>
						<String ID="P439_ST00165" HPOS="450" VPOS="1910" WIDTH="249" HEIGHT="27" CONTENT="Nizam-ul-Mulk" WC="0.89" CC="1060033000000"/>
						<SP ID="P439_SP00147" HPOS="699" VPOS="1944" WIDTH="13"/>
						<String ID="P439_ST00166" HPOS="712" VPOS="1912" WIDTH="30" HEIGHT="22" CONTENT="to" WC="1.00" CC="00"/>
						<SP ID="P439_SP00148" HPOS="742" VPOS="1944" WIDTH="14"/>
						<String ID="P439_ST00167" HPOS="756" VPOS="1908" WIDTH="75" HEIGHT="26" CONTENT="raise" WC="0.95" CC="00200"/>
						<SP ID="P439_SP00149" HPOS="831" VPOS="1944" WIDTH="15"/>
						<String ID="P439_ST00168" HPOS="846" VPOS="1917" WIDTH="17" HEIGHT="17" CONTENT="a" WC="1.00" CC="0"/>
						<SP ID="P439_SP00150" HPOS="863" VPOS="1944" WIDTH="18"/>
						<String ID="P439_ST00169" HPOS="881" VPOS="1912" WIDTH="112" HEIGHT="22" CONTENT="contest" WC="1.00" CC="0000000"/>
						<SP ID="P439_SP00151" HPOS="993" VPOS="1944" WIDTH="14"/>
						<String ID="P439_ST00170" HPOS="1007" VPOS="1907" WIDTH="44" HEIGHT="27" CONTENT="for" WC="1.00" CC="000"/>
						<SP ID="P439_SP00152" HPOS="1051" VPOS="1944" WIDTH="13"/>
						<String ID="P439_ST00171" HPOS="1064" VPOS="1908" WIDTH="49" HEIGHT="26" CONTENT="the" WC="1.00" CC="000"/>
						<SP ID="P439_SP00153" HPOS="1113" VPOS="1944" WIDTH="13"/>
						<String ID="P439_ST00172" HPOS="1126" VPOS="1908" WIDTH="105" HEIGHT="26" CONTENT="throne" WC="0.86" CC="001024"/>
						<SP ID="P439_SP00154" HPOS="1231" VPOS="1944" WIDTH="13"/>
						<String ID="P439_ST00173" HPOS="1244" VPOS="1907" WIDTH="33" HEIGHT="27" CONTENT="of" WC="1.00" CC="00"/>
						<SP ID="P439_SP00155" HPOS="1277" VPOS="1944" WIDTH="9"/>
						<String ID="P439_ST00174" HPOS="1286" VPOS="1909" WIDTH="50" HEIGHT="25" CONTENT="the" WC="0.81" CC="050"/>
					</TextLine>
					<TextLine ID="P439_TL00019" HPOS="197" VPOS="1956" WIDTH="1139" HEIGHT="39">
						<String ID="P439_ST00175" HPOS="197" VPOS="1967" WIDTH="131" HEIGHT="28" CONTENT="Deccan," WC="0.95" CC="0000003"/>
						<SP ID="P439_SP00156" HPOS="328" VPOS="1995" WIDTH="14"/>
						<String ID="P439_ST00176" HPOS="342" VPOS="1962" WIDTH="51" HEIGHT="27" CONTENT="the" WC="0.77" CC="060"/>
						<SP ID="P439_SP00157" HPOS="393" VPOS="1995" WIDTH="15"/>
						<String ID="P439_ST00177" HPOS="408" VPOS="1960" WIDTH="127" HEIGHT="34" CONTENT="English" WC="0.78" CC="1101306"/>
						<SP ID="P439_SP00158" HPOS="535" VPOS="1995" WIDTH="14"/>
						<String ID="P439_ST00178" HPOS="549" VPOS="1960" WIDTH="59" HEIGHT="24" CONTENT="and" WC="1.00" CC="000"/>
						<SP ID="P439_SP00159" HPOS="608" VPOS="1995" WIDTH="14"/>
						<String ID="P439_ST00179" HPOS="622" VPOS="1959" WIDTH="50" HEIGHT="25" CONTENT="the" WC="0.93" CC="020"/>
						<SP ID="P439_SP00160" HPOS="672" VPOS="1995" WIDTH="14"/>
						<String ID="P439_ST00180" HPOS="686" VPOS="1958" WIDTH="114" HEIGHT="25" CONTENT="French" WC="0.84" CC="500004"/>
						<SP ID="P439_SP00161" HPOS="800" VPOS="1995" WIDTH="14"/>
						<String ID="P439_ST00181" HPOS="814" VPOS="1957" WIDTH="58" HEIGHT="26" CONTENT="had" WC="0.86" CC="400"/>
						<SP ID="P439_SP00162" HPOS="872" VPOS="1995" WIDTH="20"/>
						<String ID="P439_ST00182" HPOS="892" VPOS="1956" WIDTH="89" HEIGHT="27" CONTENT="found" WC="0.95" CC="10100"/>
						<SP ID="P439_SP00163" HPOS="981" VPOS="1995" WIDTH="14"/>
						<String ID="P439_ST00183" HPOS="995" VPOS="1958" WIDTH="102" HEIGHT="33" CONTENT="plenty" WC="1.00" CC="000000"/>
						<SP ID="P439_SP00164" HPOS="1097" VPOS="1995" WIDTH="12"/>
						<String ID="P439_ST00184" HPOS="1109" VPOS="1956" WIDTH="34" HEIGHT="26" CONTENT="of" WC="1.00" CC="00"/>
						<SP ID="P439_SP00165" HPOS="1143" VPOS="1995" WIDTH="15"/>
						<String ID="P439_ST00185" HPOS="1158" VPOS="1965" WIDTH="120" HEIGHT="18" CONTENT="excuses" WC="0.94" CC="0004000"/>
						<SP ID="P439_SP00166" HPOS="1278" VPOS="1995" WIDTH="14"/>
						<String ID="P439_ST00186" HPOS="1292" VPOS="1956" WIDTH="44" HEIGHT="27" CONTENT="for" WC="0.95" CC="001"/>
					</TextLine>
					<TextLine ID="P439_TL00020" HPOS="197" VPOS="2004" WIDTH="1141" HEIGHT="41">
						<String ID="P439_ST00187" HPOS="197" VPOS="2011" WIDTH="191" HEIGHT="34" CONTENT="quarrelling," WC="0.87" CC="300030003400"/>
						<SP ID="P439_SP00167" HPOS="388" VPOS="2045" WIDTH="26"/>
						<String ID="P439_ST00188" HPOS="414" VPOS="2008" WIDTH="58" HEIGHT="25" CONTENT="and" WC="0.90" CC="020"/>
						<SP ID="P439_SP00168" HPOS="472" VPOS="2045" WIDTH="20"/>
						<String ID="P439_ST00189" HPOS="492" VPOS="2015" WIDTH="44" HEIGHT="18" CONTENT="we" WC="1.00" CC="00"/>
						<SP ID="P439_SP00169" HPOS="536" VPOS="2045" WIDTH="21"/>
						<String ID="P439_ST00190" HPOS="557" VPOS="2014" WIDTH="49" HEIGHT="18" CONTENT="are" WC="0.85" CC="040"/>
						<SP ID="P439_SP00170" HPOS="606" VPOS="2045" WIDTH="23"/>
						<String ID="P439_ST00191" HPOS="629" VPOS="2005" WIDTH="162" HEIGHT="33" CONTENT="compelled" WC="0.92" CC="000600000"/>
						<SP ID="P439_SP00171" HPOS="791" VPOS="2045" WIDTH="25"/>
						<String ID="P439_ST00192" HPOS="816" VPOS="2008" WIDTH="29" HEIGHT="21" CONTENT="to" WC="1.00" CC="00"/>
						<SP ID="P439_SP00172" HPOS="845" VPOS="2045" WIDTH="24"/>
						<String ID="P439_ST00193" HPOS="869" VPOS="2004" WIDTH="113" HEIGHT="25" CONTENT="confess" WC="1.00" CC="0000000"/>
						<SP ID="P439_SP00173" HPOS="982" VPOS="2045" WIDTH="21"/>
						<String ID="P439_ST00194" HPOS="1003" VPOS="2005" WIDTH="62" HEIGHT="25" CONTENT="that" WC="0.98" CC="0000"/>
						<SP ID="P439_SP00174" HPOS="1065" VPOS="2045" WIDTH="24"/>
						<String ID="P439_ST00195" HPOS="1089" VPOS="2005" WIDTH="30" HEIGHT="25" CONTENT="in" WC="0.96" CC="00"/>
						<SP ID="P439_SP00175" HPOS="1119" VPOS="2045" WIDTH="23"/>
						<String ID="P439_ST00196" HPOS="1142" VPOS="2005" WIDTH="58" HEIGHT="26" CONTENT="this" WC="0.77" CC="0530"/>
						<SP ID="P439_SP00176" HPOS="1200" VPOS="2045" WIDTH="20"/>
						<String ID="P439_ST00197" HPOS="1220" VPOS="2010" WIDTH="66" HEIGHT="29" CONTENT="part" WC="0.84" CC="6000"/>
						<SP ID="P439_SP00177" HPOS="1286" VPOS="2045" WIDTH="21"/>
						<String ID="P439_ST00198" HPOS="1307" VPOS="2006" WIDTH="31" HEIGHT="26" CONTENT="of" WC="1.00" CC="00"/>
					</TextLine>
					<TextLine ID="P439_TL00021" HPOS="197" VPOS="2052" WIDTH="1139" HEIGHT="37">
						<String ID="P439_ST00199" HPOS="197" VPOS="2063" WIDTH="49" HEIGHT="26" CONTENT="the" WC="1.00" CC="000"/>
						<SP ID="P439_SP00178" HPOS="246" VPOS="2089" WIDTH="24"/>
						<String ID="P439_ST00200" HPOS="270" VPOS="2059" WIDTH="92" HEIGHT="28" CONTENT="world" WC="1.00" CC="00000"/>
						<SP ID="P439_SP00179" HPOS="362" VPOS="2089" WIDTH="20"/>
						<String ID="P439_ST00201" HPOS="382" VPOS="2058" WIDTH="50" HEIGHT="26" CONTENT="the" WC="0.81" CC="050"/>
						<SP ID="P439_SP00180" HPOS="432" VPOS="2089" WIDTH="23"/>
						<String ID="P439_ST00202" HPOS="455" VPOS="2055" WIDTH="96" HEIGHT="28" CONTENT="Gallic" WC="0.81" CC="703000"/>
						<SP ID="P439_SP00181" HPOS="551" VPOS="2089" WIDTH="23"/>
						<String ID="P439_ST00203" HPOS="574" VPOS="2055" WIDTH="72" HEIGHT="25" CONTENT="cock" WC="1.00" CC="0000"/>
						<SP ID="P439_SP00182" HPOS="646" VPOS="2089" WIDTH="19"/>
						<String ID="P439_ST00204" HPOS="665" VPOS="2054" WIDTH="58" HEIGHT="25" CONTENT="had" WC="0.78" CC="600"/>
						<SP ID="P439_SP00183" HPOS="723" VPOS="2089" WIDTH="22"/>
						<String ID="P439_ST00205" HPOS="745" VPOS="2054" WIDTH="79" HEIGHT="34" CONTENT="good" WC="1.00" CC="0000"/>
						<SP ID="P439_SP00184" HPOS="824" VPOS="2089" WIDTH="20"/>
						<String ID="P439_ST00206" HPOS="844" VPOS="2061" WIDTH="104" HEIGHT="18" CONTENT="reason" WC="0.94" CC="003000"/>
						<SP ID="P439_SP00185" HPOS="948" VPOS="2089" WIDTH="23"/>
						<String ID="P439_ST00207" HPOS="971" VPOS="2052" WIDTH="44" HEIGHT="26" CONTENT="for" WC="0.92" CC="002"/>
						<SP ID="P439_SP00186" HPOS="1015" VPOS="2089" WIDTH="26"/>
						<String ID="P439_ST00208" HPOS="1041" VPOS="2055" WIDTH="130" HEIGHT="33" CONTENT="crowing" WC="0.93" CC="0000400"/>
						<SP ID="P439_SP00187" HPOS="1171" VPOS="2089" WIDTH="26"/>
						<String ID="P439_ST00209" HPOS="1197" VPOS="2063" WIDTH="68" HEIGHT="18" CONTENT="over" WC="0.95" CC="0001"/>
						<SP ID="P439_SP00188" HPOS="1265" VPOS="2089" WIDTH="21"/>
						<String ID="P439_ST00210" HPOS="1286" VPOS="2055" WIDTH="50" HEIGHT="26" CONTENT="the" WC="0.95" CC="100"/>
					</TextLine>
					<TextLine ID="P439_TL00022" HPOS="197" VPOS="2107" WIDTH="276" HEIGHT="31">
						<String ID="P439_ST00211" HPOS="197" VPOS="2110" WIDTH="112" HEIGHT="28" CONTENT="British" WC="0.59" CC="6050457"/>
						<SP ID="P439_SP00189" HPOS="309" VPOS="2138" WIDTH="16"/>
						<String ID="P439_ST00212" HPOS="325" VPOS="2107" WIDTH="148" HEIGHT="31" CONTENT="bull-dog." WC="0.90" CC="000510002"/>
					</TextLine>
				</TextBlock>
				<ComposedBlock ID="P439_CB00001" HPOS="344" VPOS="911" WIDTH="867" HEIGHT="702" STYLEREFS="TXT_0 PAR_LEFT" TYPE="Illustration">
					<GraphicalElement ID="P439_CB00001_SUB" HPOS="344" VPOS="911" WIDTH="867" HEIGHT="702"/>
				</ComposedBlock>
			</PrintSpace>
		</Page>
	</Layout>
</alto>
