<?xml version="1.0" encoding="UTF-8"?>
<alto xmlns:xsi="http://www.w3.org/2001/XMLSchema-instance" xsi:noNamespaceSchemaLocation="http://www.bl.uk/schemas/alto/alto-1-4.xsd" xmlns:xlink="http://www.w3.org/1999/xlink">
	<Description>
		<MeasurementUnit>mm10</MeasurementUnit>
		<sourceImageInformation>
			<fileName>//head1/IN/2008-50/A0012346969.2/004048.jp2</fileName>
		</sourceImageInformation>
		<OCRProcessing ID="OCRPROCESSING_1">
			<preProcessingStep>
				<processingSoftware>
					<softwareCreator>CCS Content Conversion Specialists GmbH, Germany</softwareCreator>
					<softwareName>CCS docWORKS</softwareName>
					<softwareVersion>6.1-0.67</softwareVersion>
				</processingSoftware>
			</preProcessingStep>
			<ocrProcessingStep>
				<processingSoftware>
					<softwareCreator>ABBYY (BIT Software), Russia</softwareCreator>
					<softwareName>Finereader</softwareName>
				</processingSoftware>
			</ocrProcessingStep>
		</OCRProcessing>
	</Description>
	<Styles>
		<TextStyle ID="TXT_0" FONTSIZE="11" FONTFAMILY="Courier New"/>
		<TextStyle ID="TXT_1" FONTSIZE="11" FONTFAMILY="Fraktur"/>
		<TextStyle ID="TXT_2" FONTSIZE="9" FONTFAMILY="Courier New"/>
		<ParagraphStyle ID="PAR_RIGHT" ALIGN="Right"/>
		<ParagraphStyle ID="PAR_LEFT" ALIGN="Left"/>
	</Styles>
	<Layout>
		<Page ID="P386" PHYSICAL_IMG_NR="386" HEIGHT="2488" WIDTH="1692" PRINTED_IMG_NR="348" POSITION="Left" ACCURACY="88.02">
			<TopMargin ID="P386_TM00001" HPOS="0" VPOS="0" WIDTH="1691" HEIGHT="326">
				<TextBlock ID="P386_TB00001" HPOS="600" VPOS="266" WIDTH="712" HEIGHT="60" STYLEREFS="TXT_0 PAR_RIGHT">
					<TextLine ID="P386_TL00001" HPOS="600" VPOS="267" WIDTH="712" HEIGHT="59">
						<String ID="P386_ST00001" HPOS="600" VPOS="270" WIDTH="151" HEIGHT="45" CONTENT="Comic" WC="0.93" CC="03000"/>
						<SP ID="P386_SP00001" HPOS="751" VPOS="315" WIDTH="31"/>
						<String ID="P386_ST00002" HPOS="782" VPOS="270" WIDTH="190" HEIGHT="56" CONTENT="History" WC="0.88" CC="0007000"/>
						<SP ID="P386_SP00002" HPOS="972" VPOS="326" WIDTH="33"/>
						<String ID="P386_ST00003" HPOS="1005" VPOS="270" WIDTH="56" HEIGHT="56" CONTENT="of" WC="1.00" CC="00"/>
						<SP ID="P386_SP00003" HPOS="1061" VPOS="326" WIDTH="18"/>
						<String ID="P386_ST00004" HPOS="1079" VPOS="267" WIDTH="233" HEIGHT="59" CONTENT="England," WC="0.92" CC="00000600"/>
					</TextLine>
				</TextBlock>
				<TextBlock ID="P386_TB00002" HPOS="376" VPOS="281" WIDTH="60" HEIGHT="37" STYLEREFS="TXT_1 PAR_LEFT">
					<TextLine ID="P386_TL00002" HPOS="376" VPOS="281" WIDTH="60" HEIGHT="37">
						<String ID="P386_ST00005" HPOS="376" VPOS="281" WIDTH="60" HEIGHT="37" CONTENT="348" WC="1.00" CC="000"/>
					</TextLine>
				</TextBlock>
				<TextBlock ID="P386_TB00003" HPOS="1388" VPOS="291" WIDTH="144" HEIGHT="21" STYLEREFS="TXT_2 PAR_RIGHT">
					<TextLine ID="P386_TL00003" HPOS="1389" VPOS="291" WIDTH="143" HEIGHT="21">
						<String ID="P386_ST00006" HPOS="1389" VPOS="292" WIDTH="69" HEIGHT="20" CONTENT="[Book" WC="0.34" CC="57469"/>
						<SP ID="P386_SP00004" HPOS="1458" VPOS="312" WIDTH="11"/>
						<String ID="P386_ST00007" HPOS="1469" VPOS="291" WIDTH="63" HEIGHT="19" CONTENT="VIII." WC="0.55" CC="06086"/>
					</TextLine>
				</TextBlock>
			</TopMargin>
			<LeftMargin ID="P386_LM00001" HPOS="0" VPOS="320" WIDTH="372" HEIGHT="1855"/>
			<RightMargin ID="P386_RM00001" HPOS="1532" VPOS="320" WIDTH="159" HEIGHT="1855"/>
			<BottomMargin ID="P386_BM00001" HPOS="0" VPOS="2175" WIDTH="1691" HEIGHT="313"/>
			<PrintSpace ID="P386_PS00001" HPOS="372" VPOS="320" WIDTH="1160" HEIGHT="1855">
				<TextBlock ID="P386_TB00004" HPOS="377" VPOS="380" WIDTH="1155" HEIGHT="183" STYLEREFS="TXT_2 PAR_LEFT">
					<TextLine ID="P386_TL00004" HPOS="378" VPOS="381" WIDTH="1154" HEIGHT="41">
						<String ID="P386_ST00008" HPOS="378" VPOS="389" WIDTH="51" HEIGHT="27" CONTENT="the" WC="0.81" CC="050"/>
						<SP ID="P386_SP00005" HPOS="429" VPOS="416" WIDTH="13"/>
						<String ID="P386_ST00009" HPOS="442" VPOS="391" WIDTH="137" HEIGHT="31" CONTENT="punsters" WC="1.00" CC="00000000"/>
						<SP ID="P386_SP00006" HPOS="579" VPOS="422" WIDTH="16"/>
						<String ID="P386_ST00010" HPOS="595" VPOS="387" WIDTH="32" HEIGHT="26" CONTENT="of" WC="1.00" CC="00"/>
						<SP ID="P386_SP00007" HPOS="627" VPOS="422" WIDTH="15"/>
						<String ID="P386_ST00011" HPOS="642" VPOS="387" WIDTH="65" HEIGHT="26" CONTENT="that" WC="0.83" CC="0600"/>
						<SP ID="P386_SP00008" HPOS="707" VPOS="422" WIDTH="19"/>
						<String ID="P386_ST00012" HPOS="726" VPOS="386" WIDTH="124" HEIGHT="36" CONTENT="happily" WC="0.92" CC="5000000"/>
						<SP ID="P386_SP00009" HPOS="850" VPOS="422" WIDTH="15"/>
						<String ID="P386_ST00013" HPOS="865" VPOS="389" WIDTH="111" HEIGHT="23" CONTENT="remote" WC="0.98" CC="100000"/>
						<SP ID="P386_SP00010" HPOS="976" VPOS="422" WIDTH="14"/>
						<String ID="P386_ST00014" HPOS="990" VPOS="393" WIDTH="65" HEIGHT="27" CONTENT="age," WC="0.90" CC="0003"/>
						<SP ID="P386_SP00011" HPOS="1055" VPOS="422" WIDTH="16"/>
						<String ID="P386_ST00015" HPOS="1071" VPOS="384" WIDTH="65" HEIGHT="27" CONTENT="that" WC="0.82" CC="0700"/>
						<SP ID="P386_SP00012" HPOS="1136" VPOS="422" WIDTH="20"/>
						<String ID="P386_ST00016" HPOS="1156" VPOS="384" WIDTH="53" HEIGHT="26" CONTENT="her" WC="0.79" CC="600"/>
						<SP ID="P386_SP00013" HPOS="1209" VPOS="422" WIDTH="20"/>
						<String ID="P386_ST00017" HPOS="1229" VPOS="382" WIDTH="122" HEIGHT="35" CONTENT="malady" WC="1.00" CC="000000"/>
						<SP ID="P386_SP00014" HPOS="1351" VPOS="422" WIDTH="12"/>
						<String ID="P386_ST00018" HPOS="1363" VPOS="390" WIDTH="62" HEIGHT="18" CONTENT="was" WC="1.00" CC="000"/>
						<SP ID="P386_SP00015" HPOS="1425" VPOS="422" WIDTH="21"/>
						<String ID="P386_ST00019" HPOS="1446" VPOS="381" WIDTH="86" HEIGHT="26" CONTENT="made" WC="1.00" CC="0000"/>
					</TextLine>
					<TextLine ID="P386_TL00005" HPOS="379" VPOS="431" WIDTH="1153" HEIGHT="41">
						<String ID="P386_ST00020" HPOS="379" VPOS="439" WIDTH="50" HEIGHT="26" CONTENT="the" WC="0.75" CC="070"/>
						<SP ID="P386_SP00016" HPOS="429" VPOS="465" WIDTH="14"/>
						<String ID="P386_ST00021" HPOS="443" VPOS="437" WIDTH="113" HEIGHT="35" CONTENT="subject" WC="0.87" CC="0503000"/>
						<SP ID="P386_SP00017" HPOS="556" VPOS="472" WIDTH="15"/>
						<String ID="P386_ST00022" HPOS="571" VPOS="437" WIDTH="33" HEIGHT="26" CONTENT="of" WC="0.90" CC="10"/>
						<SP ID="P386_SP00018" HPOS="604" VPOS="472" WIDTH="16"/>
						<String ID="P386_ST00023" HPOS="620" VPOS="445" WIDTH="17" HEIGHT="18" CONTENT="a" WC="1.00" CC="0"/>
						<SP ID="P386_SP00019" HPOS="637" VPOS="472" WIDTH="19"/>
						<String ID="P386_ST00024" HPOS="656" VPOS="445" WIDTH="70" HEIGHT="27" CONTENT="pun," WC="0.77" CC="0143"/>
						<SP ID="P386_SP00020" HPOS="726" VPOS="472" WIDTH="15"/>
						<String ID="P386_ST00025" HPOS="741" VPOS="436" WIDTH="97" HEIGHT="27" CONTENT="which" WC="0.68" CC="06106"/>
						<SP ID="P386_SP00021" HPOS="838" VPOS="472" WIDTH="15"/>
						<String ID="P386_ST00026" HPOS="853" VPOS="445" WIDTH="32" HEIGHT="17" CONTENT="as" WC="1.00" CC="00"/>
						<SP ID="P386_SP00022" HPOS="885" VPOS="472" WIDTH="20"/>
						<String ID="P386_ST00027" HPOS="905" VPOS="436" WIDTH="22" HEIGHT="25" CONTENT="it" WC="0.70" CC="50"/>
						<SP ID="P386_SP00023" HPOS="927" VPOS="472" WIDTH="14"/>
						<String ID="P386_ST00028" HPOS="941" VPOS="444" WIDTH="62" HEIGHT="17" CONTENT="was" WC="1.00" CC="000"/>
						<SP ID="P386_SP00024" HPOS="1003" VPOS="472" WIDTH="13"/>
						<String ID="P386_ST00029" HPOS="1016" VPOS="443" WIDTH="66" HEIGHT="18" CONTENT="new" WC="0.79" CC="600"/>
						<SP ID="P386_SP00025" HPOS="1082" VPOS="472" WIDTH="14"/>
						<String ID="P386_ST00030" HPOS="1096" VPOS="438" WIDTH="31" HEIGHT="23" CONTENT="at" WC="1.00" CC="00"/>
						<SP ID="P386_SP00026" HPOS="1127" VPOS="472" WIDTH="14"/>
						<String ID="P386_ST00031" HPOS="1141" VPOS="433" WIDTH="50" HEIGHT="28" CONTENT="the" WC="0.75" CC="070"/>
						<SP ID="P386_SP00027" HPOS="1191" VPOS="472" WIDTH="21"/>
						<String ID="P386_ST00032" HPOS="1212" VPOS="432" WIDTH="103" HEIGHT="35" CONTENT="period" WC="0.91" CC="002200"/>
						<SP ID="P386_SP00028" HPOS="1315" VPOS="472" WIDTH="20"/>
						<String ID="P386_ST00033" HPOS="1335" VPOS="432" WIDTH="34" HEIGHT="27" CONTENT="of" WC="0.92" CC="10"/>
						<SP ID="P386_SP00029" HPOS="1369" VPOS="472" WIDTH="8"/>
						<String ID="P386_ST00034" HPOS="1377" VPOS="431" WIDTH="98" HEIGHT="27" CONTENT="which" WC="0.71" CC="06007"/>
						<SP ID="P386_SP00030" HPOS="1475" VPOS="472" WIDTH="14"/>
						<String ID="P386_ST00035" HPOS="1489" VPOS="439" WIDTH="43" HEIGHT="18" CONTENT="we" WC="1.00" CC="00"/>
					</TextLine>
					<TextLine ID="P386_TL00006" HPOS="378" VPOS="482" WIDTH="1152" HEIGHT="40">
						<String ID="P386_ST00036" HPOS="378" VPOS="496" WIDTH="50" HEIGHT="19" CONTENT="are" WC="0.96" CC="010"/>
						<SP ID="P386_SP00031" HPOS="428" VPOS="515" WIDTH="12"/>
						<String ID="P386_ST00037" HPOS="440" VPOS="487" WIDTH="128" HEIGHT="35" CONTENT="writing," WC="0.89" CC="00001600"/>
						<SP ID="P386_SP00032" HPOS="568" VPOS="522" WIDTH="15"/>
						<String ID="P386_ST00038" HPOS="583" VPOS="495" WIDTH="45" HEIGHT="19" CONTENT="we" WC="1.00" CC="00"/>
						<SP ID="P386_SP00033" HPOS="628" VPOS="522" WIDTH="13"/>
						<String ID="P386_ST00039" HPOS="641" VPOS="495" WIDTH="70" HEIGHT="27" CONTENT="may" WC="1.00" CC="000"/>
						<SP ID="P386_SP00034" HPOS="711" VPOS="522" WIDTH="12"/>
						<String ID="P386_ST00040" HPOS="723" VPOS="487" WIDTH="37" HEIGHT="26" CONTENT="be" WC="1.00" CC="00"/>
						<SP ID="P386_SP00035" HPOS="760" VPOS="522" WIDTH="21"/>
						<String ID="P386_ST00041" HPOS="781" VPOS="486" WIDTH="124" HEIGHT="27" CONTENT="allowed" WC="0.90" CC="0430000"/>
						<SP ID="P386_SP00036" HPOS="905" VPOS="522" WIDTH="23"/>
						<String ID="P386_ST00042" HPOS="928" VPOS="485" WIDTH="45" HEIGHT="26" CONTENT="for" WC="1.00" CC="000"/>
						<SP ID="P386_SP00037" HPOS="973" VPOS="522" WIDTH="19"/>
						<String ID="P386_ST00043" HPOS="992" VPOS="485" WIDTH="50" HEIGHT="26" CONTENT="the" WC="0.78" CC="060"/>
						<SP ID="P386_SP00038" HPOS="1042" VPOS="522" WIDTH="15"/>
						<String ID="P386_ST00044" HPOS="1057" VPOS="484" WIDTH="82" HEIGHT="27" CONTENT="three" WC="0.89" CC="05000"/>
						<SP ID="P386_SP00039" HPOS="1139" VPOS="522" WIDTH="21"/>
						<String ID="P386_ST00045" HPOS="1160" VPOS="483" WIDTH="151" HEIGHT="28" CONTENT="thousand" WC="0.86" CC="06040000"/>
						<SP ID="P386_SP00040" HPOS="1311" VPOS="522" WIDTH="20"/>
						<String ID="P386_ST00046" HPOS="1331" VPOS="483" WIDTH="60" HEIGHT="26" CONTENT="and" WC="0.94" CC="010"/>
						<SP ID="P386_SP00041" HPOS="1391" VPOS="522" WIDTH="24"/>
						<String ID="P386_ST00047" HPOS="1415" VPOS="482" WIDTH="115" HEIGHT="35" CONTENT="eighty" SUBS_TYPE="HypPart1" SUBS_CONTENT="eightyfourth" WC="0.78" CC="0507002"/>
						<HYP CONTENT="-"/>
					</TextLine>
					<TextLine ID="P386_TL00007" HPOS="378" VPOS="536" WIDTH="399" HEIGHT="27">
						<String ID="P386_ST00048" HPOS="378" VPOS="538" WIDTH="97" HEIGHT="25" CONTENT="fourth" SUBS_TYPE="HypPart2" SUBS_CONTENT="eightyfourth" WC="0.78" CC="004007"/>
						<SP ID="P386_SP00042" HPOS="475" VPOS="563" WIDTH="15"/>
						<String ID="P386_ST00049" HPOS="490" VPOS="538" WIDTH="71" HEIGHT="25" CONTENT="time" WC="1.00" CC="0000"/>
						<SP ID="P386_SP00043" HPOS="561" VPOS="563" WIDTH="13"/>
						<String ID="P386_ST00050" HPOS="574" VPOS="541" WIDTH="31" HEIGHT="22" CONTENT="to" WC="1.00" CC="00"/>
						<SP ID="P386_SP00044" HPOS="605" VPOS="563" WIDTH="14"/>
						<String ID="P386_ST00051" HPOS="619" VPOS="536" WIDTH="158" HEIGHT="27" CONTENT="chronicle." WC="0.83" CC="0710010600"/>
					</TextLine>
				</TextBlock>
				<TextBlock ID="P386_TB00005" HPOS="376" VPOS="607" WIDTH="1153" HEIGHT="384" STYLEREFS="TXT_2 PAR_LEFT">
					<TextLine ID="P386_TL00008" HPOS="433" VPOS="607" WIDTH="1096" HEIGHT="38">
						<String ID="P386_ST00052" HPOS="433" VPOS="612" WIDTH="100" HEIGHT="27" CONTENT="When" WC="0.83" CC="0501"/>
						<SP ID="P386_SP00045" HPOS="533" VPOS="639" WIDTH="15"/>
						<String ID="P386_ST00053" HPOS="548" VPOS="612" WIDTH="23" HEIGHT="26" CONTENT="it" WC="0.77" CC="40"/>
						<SP ID="P386_SP00046" HPOS="571" VPOS="639" WIDTH="12"/>
						<String ID="P386_ST00054" HPOS="583" VPOS="621" WIDTH="61" HEIGHT="17" CONTENT="was" WC="1.00" CC="000"/>
						<SP ID="P386_SP00047" HPOS="644" VPOS="639" WIDTH="19"/>
						<String ID="P386_ST00055" HPOS="663" VPOS="611" WIDTH="109" HEIGHT="27" CONTENT="known" WC="0.93" CC="30000"/>
						<SP ID="P386_SP00048" HPOS="772" VPOS="639" WIDTH="19"/>
						<String ID="P386_ST00056" HPOS="791" VPOS="611" WIDTH="65" HEIGHT="27" CONTENT="that" WC="0.83" CC="0600"/>
						<SP ID="P386_SP00049" HPOS="856" VPOS="639" WIDTH="19"/>
						<String ID="P386_ST00057" HPOS="875" VPOS="611" WIDTH="53" HEIGHT="26" CONTENT="her" WC="0.73" CC="502"/>
						<SP ID="P386_SP00050" HPOS="928" VPOS="639" WIDTH="14"/>
						<String ID="P386_ST00058" HPOS="942" VPOS="610" WIDTH="131" HEIGHT="35" CONTENT="Majesty" WC="0.93" CC="0010030"/>
						<SP ID="P386_SP00051" HPOS="1073" VPOS="645" WIDTH="13"/>
						<String ID="P386_ST00059" HPOS="1086" VPOS="610" WIDTH="60" HEIGHT="26" CONTENT="had" WC="0.80" CC="500"/>
						<SP ID="P386_SP00052" HPOS="1146" VPOS="645" WIDTH="21"/>
						<String ID="P386_ST00060" HPOS="1167" VPOS="609" WIDTH="111" HEIGHT="34" CONTENT="caught" WC="0.80" CC="004060"/>
						<SP ID="P386_SP00053" HPOS="1278" VPOS="645" WIDTH="14"/>
						<String ID="P386_ST00061" HPOS="1292" VPOS="608" WIDTH="50" HEIGHT="27" CONTENT="the" WC="0.79" CC="060"/>
						<SP ID="P386_SP00054" HPOS="1342" VPOS="645" WIDTH="15"/>
						<String ID="P386_ST00062" HPOS="1357" VPOS="607" WIDTH="172" HEIGHT="35" CONTENT="small-pox," WC="0.88" CC="0000530002"/>
					</TextLine>
					<TextLine ID="P386_TL00009" HPOS="379" VPOS="657" WIDTH="1150" HEIGHT="38">
						<String ID="P386_ST00063" HPOS="379" VPOS="671" WIDTH="33" HEIGHT="17" CONTENT="or" WC="1.00" CC="00"/>
						<SP ID="P386_SP00055" HPOS="412" VPOS="688" WIDTH="25"/>
						<String ID="P386_ST00064" HPOS="437" VPOS="662" WIDTH="100" HEIGHT="26" CONTENT="rather" WC="0.82" CC="101700"/>
						<SP ID="P386_SP00056" HPOS="537" VPOS="688" WIDTH="25"/>
						<String ID="P386_ST00065" HPOS="562" VPOS="662" WIDTH="65" HEIGHT="26" CONTENT="that" WC="0.88" CC="0400"/>
						<SP ID="P386_SP00057" HPOS="627" VPOS="688" WIDTH="31"/>
						<String ID="P386_ST00066" HPOS="658" VPOS="661" WIDTH="50" HEIGHT="26" CONTENT="the" WC="0.92" CC="020"/>
						<SP ID="P386_SP00058" HPOS="708" VPOS="688" WIDTH="27"/>
						<String ID="P386_ST00067" HPOS="735" VPOS="661" WIDTH="163" HEIGHT="34" CONTENT="small-pox" WC="0.95" CC="000012000"/>
						<SP ID="P386_SP00059" HPOS="898" VPOS="695" WIDTH="32"/>
						<String ID="P386_ST00068" HPOS="930" VPOS="660" WIDTH="60" HEIGHT="27" CONTENT="had" WC="0.89" CC="300"/>
						<SP ID="P386_SP00060" HPOS="990" VPOS="695" WIDTH="32"/>
						<String ID="P386_ST00069" HPOS="1022" VPOS="660" WIDTH="112" HEIGHT="34" CONTENT="caught" WC="0.87" CC="001060"/>
						<SP ID="P386_SP00061" HPOS="1134" VPOS="695" WIDTH="32"/>
						<String ID="P386_ST00070" HPOS="1166" VPOS="659" WIDTH="54" HEIGHT="26" CONTENT="her" WC="0.81" CC="500"/>
						<SP ID="P386_SP00062" HPOS="1220" VPOS="695" WIDTH="32"/>
						<String ID="P386_ST00071" HPOS="1252" VPOS="658" WIDTH="139" HEIGHT="35" CONTENT="Majesty," WC="0.95" CC="00000004"/>
						<SP ID="P386_SP00063" HPOS="1391" VPOS="695" WIDTH="28"/>
						<String ID="P386_ST00072" HPOS="1419" VPOS="657" WIDTH="23" HEIGHT="26" CONTENT="it" WC="0.72" CC="31"/>
						<SP ID="P386_SP00064" HPOS="1442" VPOS="695" WIDTH="25"/>
						<String ID="P386_ST00073" HPOS="1467" VPOS="665" WIDTH="62" HEIGHT="18" CONTENT="was" WC="1.00" CC="000"/>
					</TextLine>
					<TextLine ID="P386_TL00010" HPOS="379" VPOS="707" WIDTH="1150" HEIGHT="38">
						<String ID="P386_ST00074" HPOS="379" VPOS="711" WIDTH="155" HEIGHT="27" CONTENT="remarked" WC="0.92" CC="20003000"/>
						<SP ID="P386_SP00065" HPOS="534" VPOS="738" WIDTH="13"/>
						<String ID="P386_ST00075" HPOS="547" VPOS="710" WIDTH="72" HEIGHT="27" CONTENT="with" WC="0.71" CC="0334"/>
						<SP ID="P386_SP00066" HPOS="619" VPOS="738" WIDTH="14"/>
						<String ID="P386_ST00076" HPOS="633" VPOS="719" WIDTH="17" HEIGHT="18" CONTENT="a" WC="1.00" CC="0"/>
						<SP ID="P386_SP00067" HPOS="650" VPOS="738" WIDTH="16"/>
						<String ID="P386_ST00077" HPOS="666" VPOS="719" WIDTH="179" HEIGHT="26" CONTENT="savageness" WC="0.91" CC="0080000000"/>
						<SP ID="P386_SP00068" HPOS="845" VPOS="745" WIDTH="20"/>
						<String ID="P386_ST00078" HPOS="865" VPOS="710" WIDTH="67" HEIGHT="26" CONTENT="that" WC="0.88" CC="0400"/>
						<SP ID="P386_SP00069" HPOS="932" VPOS="745" WIDTH="22"/>
						<String ID="P386_ST00079" HPOS="954" VPOS="710" WIDTH="77" HEIGHT="26" CONTENT="loses" WC="0.90" CC="50000"/>
						<SP ID="P386_SP00070" HPOS="1031" VPOS="745" WIDTH="21"/>
						<String ID="P386_ST00080" HPOS="1052" VPOS="718" WIDTH="78" HEIGHT="18" CONTENT="none" WC="0.87" CC="4010"/>
						<SP ID="P386_SP00071" HPOS="1130" VPOS="745" WIDTH="20"/>
						<String ID="P386_ST00081" HPOS="1150" VPOS="708" WIDTH="33" HEIGHT="27" CONTENT="of" WC="1.00" CC="00"/>
						<SP ID="P386_SP00072" HPOS="1183" VPOS="745" WIDTH="17"/>
						<String ID="P386_ST00082" HPOS="1200" VPOS="708" WIDTH="38" HEIGHT="27" CONTENT="its" WC="0.79" CC="600"/>
						<SP ID="P386_SP00073" HPOS="1238" VPOS="745" WIDTH="15"/>
						<String ID="P386_ST00083" HPOS="1253" VPOS="708" WIDTH="124" HEIGHT="35" CONTENT="ferocity" WC="0.87" CC="40200400"/>
						<SP ID="P386_SP00074" HPOS="1377" VPOS="745" WIDTH="13"/>
						<String ID="P386_ST00084" HPOS="1390" VPOS="707" WIDTH="75" HEIGHT="26" CONTENT="from" WC="0.97" CC="1000"/>
						<SP ID="P386_SP00075" HPOS="1465" VPOS="745" WIDTH="14"/>
						<String ID="P386_ST00085" HPOS="1479" VPOS="707" WIDTH="50" HEIGHT="25" CONTENT="the" WC="0.65" CC="270"/>
					</TextLine>
					<TextLine ID="P386_TL00011" HPOS="377" VPOS="757" WIDTH="1152" HEIGHT="38">
						<String ID="P386_ST00086" HPOS="377" VPOS="762" WIDTH="60" HEIGHT="25" CONTENT="fact" WC="0.99" CC="0000"/>
						<SP ID="P386_SP00076" HPOS="437" VPOS="787" WIDTH="21"/>
						<String ID="P386_ST00087" HPOS="458" VPOS="761" WIDTH="33" HEIGHT="26" CONTENT="of" WC="1.00" CC="00"/>
						<SP ID="P386_SP00077" HPOS="491" VPOS="787" WIDTH="22"/>
						<String ID="P386_ST00088" HPOS="513" VPOS="760" WIDTH="38" HEIGHT="27" CONTENT="its" WC="0.95" CC="100"/>
						<SP ID="P386_SP00078" HPOS="551" VPOS="787" WIDTH="26"/>
						<String ID="P386_ST00089" HPOS="577" VPOS="759" WIDTH="92" HEIGHT="36" CONTENT="being" WC="0.85" CC="00340"/>
						<SP ID="P386_SP00079" HPOS="669" VPOS="795" WIDTH="22"/>
						<String ID="P386_ST00090" HPOS="691" VPOS="768" WIDTH="18" HEIGHT="18" CONTENT="a" WC="1.00" CC="0"/>
						<SP ID="P386_SP00080" HPOS="709" VPOS="795" WIDTH="25"/>
						<String ID="P386_ST00091" HPOS="734" VPOS="759" WIDTH="90" HEIGHT="27" CONTENT="bitter" WC="0.84" CC="050003"/>
						<SP ID="P386_SP00081" HPOS="824" VPOS="795" WIDTH="25"/>
						<String ID="P386_ST00092" HPOS="849" VPOS="759" WIDTH="89" HEIGHT="33" CONTENT="truth," WC="0.72" CC="005074"/>
						<SP ID="P386_SP00082" HPOS="938" VPOS="795" WIDTH="23"/>
						<String ID="P386_ST00093" HPOS="961" VPOS="759" WIDTH="64" HEIGHT="27" CONTENT="that" WC="0.75" CC="0603"/>
						<SP ID="P386_SP00083" HPOS="1025" VPOS="795" WIDTH="25"/>
						<String ID="P386_ST00094" HPOS="1050" VPOS="759" WIDTH="53" HEIGHT="26" CONTENT="she" WC="0.92" CC="020"/>
						<SP ID="P386_SP00084" HPOS="1103" VPOS="795" WIDTH="20"/>
						<String ID="P386_ST00095" HPOS="1123" VPOS="767" WIDTH="62" HEIGHT="18" CONTENT="was" WC="1.00" CC="000"/>
						<SP ID="P386_SP00085" HPOS="1185" VPOS="795" WIDTH="23"/>
						<String ID="P386_ST00096" HPOS="1208" VPOS="761" WIDTH="99" HEIGHT="31" CONTENT='"very' WC="1.00" CC="00000"/>
						<SP ID="P386_SP00086" HPOS="1307" VPOS="795" WIDTH="20"/>
						<String ID="P386_ST00097" HPOS="1327" VPOS="757" WIDTH="89" HEIGHT="26" CONTENT="much" WC="0.70" CC="0407"/>
						<SP ID="P386_SP00087" HPOS="1416" VPOS="795" WIDTH="22"/>
						<String ID="P386_ST00098" HPOS="1438" VPOS="760" WIDTH="31" HEIGHT="23" CONTENT="to" WC="1.00" CC="00"/>
						<SP ID="P386_SP00088" HPOS="1469" VPOS="795" WIDTH="23"/>
						<String ID="P386_ST00099" HPOS="1492" VPOS="758" WIDTH="37" HEIGHT="25" CONTENT="be" WC="0.90" CC="20"/>
					</TextLine>
					<TextLine ID="P386_TL00012" HPOS="378" VPOS="807" WIDTH="1151" HEIGHT="38">
						<String ID="P386_ST00100" HPOS="378" VPOS="810" WIDTH="123" HEIGHT="35" CONTENT='pitted."' WC="0.85" CC="04000007"/>
						<SP ID="P386_SP00089" HPOS="501" VPOS="845" WIDTH="38"/>
						<String ID="P386_ST00101" HPOS="539" VPOS="809" WIDTH="146" HEIGHT="27" CONTENT="Whether" WC="0.77" CC="0400505"/>
						<SP ID="P386_SP00090" HPOS="685" VPOS="845" WIDTH="13"/>
						<String ID="P386_ST00102" HPOS="698" VPOS="809" WIDTH="50" HEIGHT="26" CONTENT="the" WC="0.75" CC="070"/>
						<SP ID="P386_SP00091" HPOS="748" VPOS="845" WIDTH="14"/>
						<String ID="P386_ST00103" HPOS="762" VPOS="817" WIDTH="95" HEIGHT="25" CONTENT="queen" WC="0.83" CC="05002"/>
						<SP ID="P386_SP00092" HPOS="857" VPOS="845" WIDTH="14"/>
						<String ID="P386_ST00104" HPOS="871" VPOS="817" WIDTH="69" HEIGHT="18" CONTENT="ever" WC="0.92" CC="0003"/>
						<SP ID="P386_SP00093" HPOS="940" VPOS="845" WIDTH="12"/>
						<String ID="P386_ST00105" HPOS="952" VPOS="809" WIDTH="92" HEIGHT="26" CONTENT="heard" WC="0.89" CC="50000"/>
						<SP ID="P386_SP00094" HPOS="1044" VPOS="845" WIDTH="20"/>
						<String ID="P386_ST00106" HPOS="1064" VPOS="808" WIDTH="60" HEIGHT="26" CONTENT="this" WC="0.68" CC="0660"/>
						<SP ID="P386_SP00095" HPOS="1124" VPOS="845" WIDTH="20"/>
						<String ID="P386_ST00107" HPOS="1144" VPOS="807" WIDTH="153" HEIGHT="35" CONTENT="unfeeling" WC="0.88" CC="000003240"/>
						<SP ID="P386_SP00096" HPOS="1297" VPOS="845" WIDTH="15"/>
						<String ID="P386_ST00108" HPOS="1312" VPOS="807" WIDTH="60" HEIGHT="25" CONTENT="and" WC="1.00" CC="000"/>
						<SP ID="P386_SP00097" HPOS="1372" VPOS="845" WIDTH="19"/>
						<String ID="P386_ST00109" HPOS="1391" VPOS="810" WIDTH="138" HEIGHT="31" CONTENT="poverty" SUBS_TYPE="HypPart1" SUBS_CONTENT="povertystricken" WC="1.00" CC="00000000"/>
						<HYP CONTENT="-"/>
					</TextLine>
					<TextLine ID="P386_TL00013" HPOS="379" VPOS="857" WIDTH="1150" HEIGHT="36">
						<String ID="P386_ST00110" HPOS="379" VPOS="859" WIDTH="128" HEIGHT="27" CONTENT="stricken" SUBS_TYPE="HypPart2" SUBS_CONTENT="povertystricken" WC="0.93" CC="00050000"/>
						<SP ID="P386_SP00098" HPOS="507" VPOS="886" WIDTH="19"/>
						<String ID="P386_ST00111" HPOS="526" VPOS="859" WIDTH="79" HEIGHT="34" CONTENT="joke," WC="0.84" CC="20004"/>
						<SP ID="P386_SP00099" HPOS="605" VPOS="893" WIDTH="18"/>
						<String ID="P386_ST00112" HPOS="623" VPOS="859" WIDTH="51" HEIGHT="25" CONTENT="the" WC="0.76" CC="070"/>
						<SP ID="P386_SP00100" HPOS="674" VPOS="893" WIDTH="18"/>
						<String ID="P386_ST00113" HPOS="692" VPOS="858" WIDTH="179" HEIGHT="26" CONTENT="chroniclers" WC="0.89" CC="07000004000"/>
						<SP ID="P386_SP00101" HPOS="871" VPOS="893" WIDTH="18"/>
						<String ID="P386_ST00114" HPOS="889" VPOS="859" WIDTH="37" HEIGHT="25" CONTENT="do" WC="1.00" CC="00"/>
						<SP ID="P386_SP00102" HPOS="926" VPOS="893" WIDTH="24"/>
						<String ID="P386_ST00115" HPOS="950" VPOS="862" WIDTH="52" HEIGHT="22" CONTENT="not" WC="1.00" CC="000"/>
						<SP ID="P386_SP00103" HPOS="1002" VPOS="893" WIDTH="19"/>
						<String ID="P386_ST00116" HPOS="1021" VPOS="858" WIDTH="102" HEIGHT="32" CONTENT="relate," WC="0.83" CC="2050004"/>
						<SP ID="P386_SP00104" HPOS="1123" VPOS="893" WIDTH="20"/>
						<String ID="P386_ST00117" HPOS="1143" VPOS="857" WIDTH="59" HEIGHT="26" CONTENT="and" WC="0.71" CC="800"/>
						<SP ID="P386_SP00105" HPOS="1202" VPOS="893" WIDTH="17"/>
						<String ID="P386_ST00118" HPOS="1219" VPOS="865" WIDTH="45" HEIGHT="18" CONTENT="we" WC="1.00" CC="00"/>
						<SP ID="P386_SP00106" HPOS="1264" VPOS="893" WIDTH="19"/>
						<String ID="P386_ST00119" HPOS="1283" VPOS="860" WIDTH="110" HEIGHT="22" CONTENT="cannot" WC="0.88" CC="006000"/>
						<SP ID="P386_SP00107" HPOS="1393" VPOS="893" WIDTH="21"/>
						<String ID="P386_ST00120" HPOS="1414" VPOS="864" WIDTH="115" HEIGHT="17" CONTENT="answer" WC="0.83" CC="000801"/>
					</TextLine>
					<TextLine ID="P386_TL00014" HPOS="378" VPOS="906" WIDTH="1151" HEIGHT="36">
						<String ID="P386_ST00121" HPOS="378" VPOS="908" WIDTH="71" HEIGHT="28" CONTENT="with" WC="0.76" CC="0404"/>
						<SP ID="P386_SP00108" HPOS="449" VPOS="936" WIDTH="10"/>
						<String ID="P386_ST00122" HPOS="459" VPOS="908" WIDTH="145" HEIGHT="34" CONTENT="certainty" WC="0.92" CC="001005000"/>
						<SP ID="P386_SP00109" HPOS="604" VPOS="942" WIDTH="9"/>
						<String ID="P386_ST00123" HPOS="613" VPOS="907" WIDTH="44" HEIGHT="26" CONTENT="for" WC="0.82" CC="004"/>
						<SP ID="P386_SP00110" HPOS="657" VPOS="942" WIDTH="10"/>
						<String ID="P386_ST00124" HPOS="667" VPOS="907" WIDTH="38" HEIGHT="26" CONTENT="its" WC="0.83" CC="400"/>
						<SP ID="P386_SP00111" HPOS="705" VPOS="942" WIDTH="13"/>
						<String ID="P386_ST00125" HPOS="718" VPOS="907" WIDTH="114" HEIGHT="35" CONTENT="having" WC="0.78" CC="500240"/>
						<SP ID="P386_SP00112" HPOS="832" VPOS="942" WIDTH="11"/>
						<String ID="P386_ST00126" HPOS="843" VPOS="908" WIDTH="76" HEIGHT="25" CONTENT="been" WC="0.84" CC="6000"/>
						<SP ID="P386_SP00113" HPOS="919" VPOS="942" WIDTH="12"/>
						<String ID="P386_ST00127" HPOS="931" VPOS="908" WIDTH="50" HEIGHT="26" CONTENT="the" WC="0.80" CC="050"/>
						<SP ID="P386_SP00114" HPOS="981" VPOS="942" WIDTH="11"/>
						<String ID="P386_ST00128" HPOS="992" VPOS="907" WIDTH="89" HEIGHT="26" CONTENT="death" WC="0.70" CC="60017"/>
						<SP ID="P386_SP00115" HPOS="1081" VPOS="942" WIDTH="11"/>
						<String ID="P386_ST00129" HPOS="1092" VPOS="907" WIDTH="34" HEIGHT="26" CONTENT="of" WC="1.00" CC="00"/>
						<SP ID="P386_SP00116" HPOS="1126" VPOS="942" WIDTH="9"/>
						<String ID="P386_ST00130" HPOS="1135" VPOS="907" WIDTH="53" HEIGHT="26" CONTENT="her" WC="0.78" CC="600"/>
						<String ID="P386_ST00131" HPOS="1196" VPOS="917" WIDTH="6" HEIGHT="20" CONTENT=";" WC="0.47" CC="5"/>
						<SP ID="P386_SP00117" HPOS="1202" VPOS="942" WIDTH="16"/>
						<String ID="P386_ST00132" HPOS="1218" VPOS="907" WIDTH="61" HEIGHT="31" CONTENT="but," WC="0.91" CC="0003"/>
						<SP ID="P386_SP00118" HPOS="1279" VPOS="942" WIDTH="11"/>
						<String ID="P386_ST00133" HPOS="1290" VPOS="914" WIDTH="32" HEIGHT="18" CONTENT="as" WC="1.00" CC="00"/>
						<SP ID="P386_SP00119" HPOS="1322" VPOS="942" WIDTH="12"/>
						<String ID="P386_ST00134" HPOS="1334" VPOS="906" WIDTH="52" HEIGHT="25" CONTENT="she" WC="0.86" CC="040"/>
						<SP ID="P386_SP00120" HPOS="1386" VPOS="942" WIDTH="12"/>
						<String ID="P386_ST00135" HPOS="1398" VPOS="906" WIDTH="131" HEIGHT="35" CONTENT="actually" WC="0.89" CC="00040400"/>
					</TextLine>
					<TextLine ID="P386_TL00015" HPOS="379" VPOS="955" WIDTH="1061" HEIGHT="36">
						<String ID="P386_ST00136" HPOS="379" VPOS="958" WIDTH="77" HEIGHT="32" CONTENT="died," WC="0.94" CC="03000"/>
						<SP ID="P386_SP00121" HPOS="456" VPOS="990" WIDTH="15"/>
						<String ID="P386_ST00137" HPOS="471" VPOS="958" WIDTH="50" HEIGHT="26" CONTENT="the" WC="0.75" CC="070"/>
						<SP ID="P386_SP00122" HPOS="521" VPOS="990" WIDTH="14"/>
						<String ID="P386_ST00138" HPOS="535" VPOS="956" WIDTH="185" HEIGHT="35" CONTENT="supposition" WC="0.88" CC="05000010500"/>
						<SP ID="P386_SP00123" HPOS="720" VPOS="991" WIDTH="13"/>
						<String ID="P386_ST00139" HPOS="733" VPOS="965" WIDTH="44" HEIGHT="18" CONTENT="we" WC="1.00" CC="00"/>
						<SP ID="P386_SP00124" HPOS="777" VPOS="991" WIDTH="13"/>
						<String ID="P386_ST00140" HPOS="790" VPOS="957" WIDTH="76" HEIGHT="26" CONTENT="have" WC="0.80" CC="6010"/>
						<SP ID="P386_SP00125" HPOS="866" VPOS="991" WIDTH="15"/>
						<String ID="P386_ST00141" HPOS="881" VPOS="958" WIDTH="162" HEIGHT="33" CONTENT="suggested" WC="0.94" CC="050000000"/>
						<SP ID="P386_SP00126" HPOS="1043" VPOS="991" WIDTH="14"/>
						<String ID="P386_ST00142" HPOS="1057" VPOS="957" WIDTH="25" HEIGHT="26" CONTENT="is" WC="0.90" CC="20"/>
						<SP ID="P386_SP00127" HPOS="1082" VPOS="991" WIDTH="15"/>
						<String ID="P386_ST00143" HPOS="1097" VPOS="956" WIDTH="198" HEIGHT="35" CONTENT="exceedingly" WC="0.91" CC="05000010020"/>
						<SP ID="P386_SP00128" HPOS="1295" VPOS="991" WIDTH="12"/>
						<String ID="P386_ST00144" HPOS="1307" VPOS="955" WIDTH="133" HEIGHT="26" CONTENT="feasible." WC="0.94" CC="000040000"/>
					</TextLine>
				</TextBlock>
				<TextBlock ID="P386_TB00006" HPOS="375" VPOS="1029" WIDTH="1154" HEIGHT="864" STYLEREFS="TXT_2 PAR_LEFT">
					<TextLine ID="P386_TL00016" HPOS="435" VPOS="1030" WIDTH="1094" HEIGHT="36">
						<String ID="P386_ST00145" HPOS="435" VPOS="1030" WIDTH="60" HEIGHT="28" CONTENT="She" WC="0.82" CC="040"/>
						<SP ID="P386_SP00129" HPOS="495" VPOS="1058" WIDTH="22"/>
						<String ID="P386_ST00146" HPOS="517" VPOS="1031" WIDTH="121" HEIGHT="35" CONTENT="expired" WC="0.89" CC="0003300"/>
						<SP ID="P386_SP00130" HPOS="638" VPOS="1066" WIDTH="19"/>
						<String ID="P386_ST00147" HPOS="657" VPOS="1040" WIDTH="38" HEIGHT="17" CONTENT="on" WC="1.00" CC="00"/>
						<SP ID="P386_SP00131" HPOS="695" VPOS="1066" WIDTH="21"/>
						<String ID="P386_ST00148" HPOS="716" VPOS="1031" WIDTH="50" HEIGHT="26" CONTENT="the" WC="0.76" CC="070"/>
						<SP ID="P386_SP00132" HPOS="766" VPOS="1066" WIDTH="24"/>
						<String ID="P386_ST00149" HPOS="790" VPOS="1031" WIDTH="68" HEIGHT="26" CONTENT="28th" WC="0.66" CC="2207"/>
						<SP ID="P386_SP00133" HPOS="858" VPOS="1066" WIDTH="19"/>
						<String ID="P386_ST00150" HPOS="877" VPOS="1030" WIDTH="33" HEIGHT="27" CONTENT="of" WC="1.00" CC="00"/>
						<SP ID="P386_SP00134" HPOS="910" VPOS="1066" WIDTH="16"/>
						<String ID="P386_ST00151" HPOS="926" VPOS="1031" WIDTH="175" HEIGHT="32" CONTENT="December," WC="0.94" CC="000000041"/>
						<SP ID="P386_SP00135" HPOS="1101" VPOS="1066" WIDTH="20"/>
						<String ID="P386_ST00152" HPOS="1121" VPOS="1032" WIDTH="77" HEIGHT="32" CONTENT="1694," WC="0.78" CC="60004"/>
						<SP ID="P386_SP00136" HPOS="1198" VPOS="1066" WIDTH="21"/>
						<String ID="P386_ST00153" HPOS="1219" VPOS="1030" WIDTH="32" HEIGHT="26" CONTENT="in" WC="0.63" CC="52"/>
						<SP ID="P386_SP00137" HPOS="1251" VPOS="1066" WIDTH="20"/>
						<String ID="P386_ST00154" HPOS="1271" VPOS="1030" WIDTH="50" HEIGHT="27" CONTENT="the" WC="0.76" CC="070"/>
						<SP ID="P386_SP00138" HPOS="1321" VPOS="1066" WIDTH="20"/>
						<String ID="P386_ST00155" HPOS="1341" VPOS="1030" WIDTH="188" HEIGHT="35" CONTENT="thirty-third" WC="0.81" CC="071000016320"/>
					</TextLine>
					<TextLine ID="P386_TL00017" HPOS="377" VPOS="1080" WIDTH="1152" HEIGHT="36">
						<String ID="P386_ST00156" HPOS="377" VPOS="1090" WIDTH="72" HEIGHT="26" CONTENT="year" WC="0.87" CC="0005"/>
						<SP ID="P386_SP00139" HPOS="449" VPOS="1116" WIDTH="17"/>
						<String ID="P386_ST00157" HPOS="466" VPOS="1080" WIDTH="33" HEIGHT="27" CONTENT="of" WC="1.00" CC="00"/>
						<SP ID="P386_SP00140" HPOS="499" VPOS="1116" WIDTH="18"/>
						<String ID="P386_ST00158" HPOS="517" VPOS="1081" WIDTH="52" HEIGHT="26" CONTENT="her" WC="0.60" CC="605"/>
						<SP ID="P386_SP00141" HPOS="569" VPOS="1116" WIDTH="18"/>
						<String ID="P386_ST00159" HPOS="587" VPOS="1089" WIDTH="65" HEIGHT="26" CONTENT="age," WC="0.90" CC="0003"/>
						<SP ID="P386_SP00142" HPOS="652" VPOS="1116" WIDTH="15"/>
						<String ID="P386_ST00160" HPOS="667" VPOS="1084" WIDTH="30" HEIGHT="23" CONTENT="to" WC="1.00" CC="00"/>
						<SP ID="P386_SP00143" HPOS="697" VPOS="1116" WIDTH="22"/>
						<String ID="P386_ST00161" HPOS="719" VPOS="1080" WIDTH="50" HEIGHT="27" CONTENT="the" WC="0.85" CC="040"/>
						<SP ID="P386_SP00144" HPOS="769" VPOS="1116" WIDTH="20"/>
						<String ID="P386_ST00162" HPOS="789" VPOS="1084" WIDTH="84" HEIGHT="30" CONTENT="great" WC="0.97" CC="00001"/>
						<SP ID="P386_SP00145" HPOS="873" VPOS="1116" WIDTH="20"/>
						<String ID="P386_ST00163" HPOS="893" VPOS="1080" WIDTH="80" HEIGHT="34" CONTENT="grief" WC="0.83" CC="04300"/>
						<SP ID="P386_SP00146" HPOS="973" VPOS="1116" WIDTH="16"/>
						<String ID="P386_ST00164" HPOS="989" VPOS="1080" WIDTH="33" HEIGHT="26" CONTENT="of" WC="1.00" CC="00"/>
						<SP ID="P386_SP00147" HPOS="1022" VPOS="1116" WIDTH="17"/>
						<String ID="P386_ST00165" HPOS="1039" VPOS="1080" WIDTH="53" HEIGHT="26" CONTENT="her" WC="0.75" CC="403"/>
						<SP ID="P386_SP00148" HPOS="1092" VPOS="1116" WIDTH="19"/>
						<String ID="P386_ST00166" HPOS="1111" VPOS="1080" WIDTH="147" HEIGHT="32" CONTENT="husband," WC="0.78" CC="57000004"/>
						<SP ID="P386_SP00149" HPOS="1258" VPOS="1116" WIDTH="22"/>
						<String ID="P386_ST00167" HPOS="1280" VPOS="1080" WIDTH="60" HEIGHT="25" CONTENT="and" WC="1.00" CC="000"/>
						<SP ID="P386_SP00150" HPOS="1340" VPOS="1116" WIDTH="20"/>
						<String ID="P386_ST00168" HPOS="1360" VPOS="1080" WIDTH="51" HEIGHT="25" CONTENT="the" WC="0.76" CC="160"/>
						<SP ID="P386_SP00151" HPOS="1411" VPOS="1116" WIDTH="20"/>
						<String ID="P386_ST00169" HPOS="1431" VPOS="1084" WIDTH="98" HEIGHT="30" CONTENT="regret" WC="0.97" CC="000001"/>
					</TextLine>
					<TextLine ID="P386_TL00018" HPOS="378" VPOS="1129" WIDTH="1151" HEIGHT="35">
						<String ID="P386_ST00170" HPOS="378" VPOS="1129" WIDTH="34" HEIGHT="27" CONTENT="of" WC="1.00" CC="00"/>
						<SP ID="P386_SP00152" HPOS="412" VPOS="1156" WIDTH="21"/>
						<String ID="P386_ST00171" HPOS="433" VPOS="1129" WIDTH="51" HEIGHT="27" CONTENT="the" WC="0.75" CC="070"/>
						<SP ID="P386_SP00153" HPOS="484" VPOS="1156" WIDTH="25"/>
						<String ID="P386_ST00172" HPOS="509" VPOS="1129" WIDTH="102" HEIGHT="27" CONTENT="nation" WC="0.84" CC="000602"/>
						<SP ID="P386_SP00154" HPOS="611" VPOS="1156" WIDTH="27"/>
						<String ID="P386_ST00173" HPOS="638" VPOS="1129" WIDTH="29" HEIGHT="26" CONTENT="in" WC="0.87" CC="20"/>
						<SP ID="P386_SP00155" HPOS="667" VPOS="1156" WIDTH="30"/>
						<String ID="P386_ST00174" HPOS="697" VPOS="1129" WIDTH="121" HEIGHT="34" CONTENT="general" WC="0.96" CC="0000002"/>
						<String ID="P386_ST00175" HPOS="830" VPOS="1140" WIDTH="6" HEIGHT="19" CONTENT=";" WC="0.82" CC="1"/>
						<SP ID="P386_SP00156" HPOS="836" VPOS="1163" WIDTH="30"/>
						<String ID="P386_ST00176" HPOS="866" VPOS="1129" WIDTH="45" HEIGHT="26" CONTENT="for" WC="0.89" CC="002"/>
						<SP ID="P386_SP00157" HPOS="911" VPOS="1163" WIDTH="27"/>
						<String ID="P386_ST00177" HPOS="938" VPOS="1129" WIDTH="115" HEIGHT="35" CONTENT="though" WC="0.75" CC="050206"/>
						<SP ID="P386_SP00158" HPOS="1053" VPOS="1164" WIDTH="32"/>
						<String ID="P386_ST00178" HPOS="1085" VPOS="1129" WIDTH="52" HEIGHT="26" CONTENT="she" WC="0.75" CC="070"/>
						<SP ID="P386_SP00159" HPOS="1137" VPOS="1164" WIDTH="29"/>
						<String ID="P386_ST00179" HPOS="1166" VPOS="1138" WIDTH="63" HEIGHT="17" CONTENT="was" WC="1.00" CC="000"/>
						<SP ID="P386_SP00160" HPOS="1229" VPOS="1164" WIDTH="26"/>
						<String ID="P386_ST00180" HPOS="1255" VPOS="1133" WIDTH="52" HEIGHT="22" CONTENT="not" WC="0.87" CC="102"/>
						<SP ID="P386_SP00161" HPOS="1307" VPOS="1164" WIDTH="29"/>
						<String ID="P386_ST00181" HPOS="1336" VPOS="1129" WIDTH="193" HEIGHT="35" CONTENT="particularly" WC="0.85" CC="000000450060"/>
					</TextLine>
					<TextLine ID="P386_TL00019" HPOS="379" VPOS="1179" WIDTH="1149" HEIGHT="35">
						<String ID="P386_ST00182" HPOS="379" VPOS="1179" WIDTH="124" HEIGHT="27" CONTENT="beloved" WC="0.84" CC="7030000"/>
						<SP ID="P386_SP00162" HPOS="503" VPOS="1206" WIDTH="14"/>
						<String ID="P386_ST00183" HPOS="517" VPOS="1179" WIDTH="94" HEIGHT="26" CONTENT="either" WC="0.92" CC="000400"/>
						<SP ID="P386_SP00163" HPOS="611" VPOS="1206" WIDTH="11"/>
						<String ID="P386_ST00184" HPOS="622" VPOS="1180" WIDTH="41" HEIGHT="34" CONTENT="by" WC="0.82" CC="30"/>
						<SP ID="P386_SP00164" HPOS="663" VPOS="1214" WIDTH="14"/>
						<String ID="P386_ST00185" HPOS="677" VPOS="1188" WIDTH="56" HEIGHT="17" CONTENT="one" WC="1.00" CC="000"/>
						<SP ID="P386_SP00165" HPOS="733" VPOS="1214" WIDTH="14"/>
						<String ID="P386_ST00186" HPOS="747" VPOS="1187" WIDTH="32" HEIGHT="18" CONTENT="or" WC="0.89" CC="02"/>
						<SP ID="P386_SP00166" HPOS="779" VPOS="1214" WIDTH="13"/>
						<String ID="P386_ST00187" HPOS="792" VPOS="1179" WIDTH="50" HEIGHT="26" CONTENT="the" WC="0.79" CC="060"/>
						<SP ID="P386_SP00167" HPOS="842" VPOS="1214" WIDTH="13"/>
						<String ID="P386_ST00188" HPOS="855" VPOS="1179" WIDTH="85" HEIGHT="26" CONTENT="other" WC="0.90" CC="00400"/>
						<SP ID="P386_SP00168" HPOS="940" VPOS="1214" WIDTH="14"/>
						<String ID="P386_ST00189" HPOS="954" VPOS="1179" WIDTH="109" HEIGHT="35" CONTENT="during" WC="0.88" CC="040020"/>
						<SP ID="P386_SP00169" HPOS="1063" VPOS="1214" WIDTH="15"/>
						<String ID="P386_ST00190" HPOS="1078" VPOS="1179" WIDTH="53" HEIGHT="26" CONTENT="her" WC="0.91" CC="200"/>
						<SP ID="P386_SP00170" HPOS="1131" VPOS="1214" WIDTH="13"/>
						<String ID="P386_ST00191" HPOS="1144" VPOS="1179" WIDTH="58" HEIGHT="33" CONTENT="life," WC="0.82" CC="22004"/>
						<SP ID="P386_SP00171" HPOS="1202" VPOS="1214" WIDTH="16"/>
						<String ID="P386_ST00192" HPOS="1218" VPOS="1179" WIDTH="83" HEIGHT="27" CONTENT="there" WC="0.87" CC="06000"/>
						<SP ID="P386_SP00172" HPOS="1301" VPOS="1214" WIDTH="13"/>
						<String ID="P386_ST00193" HPOS="1314" VPOS="1188" WIDTH="62" HEIGHT="18" CONTENT="was" WC="1.00" CC="000"/>
						<SP ID="P386_SP00173" HPOS="1376" VPOS="1214" WIDTH="15"/>
						<String ID="P386_ST00194" HPOS="1391" VPOS="1188" WIDTH="18" HEIGHT="17" CONTENT="a" WC="1.00" CC="0"/>
						<SP ID="P386_SP00174" HPOS="1409" VPOS="1214" WIDTH="14"/>
						<String ID="P386_ST00195" HPOS="1423" VPOS="1179" WIDTH="105" HEIGHT="27" CONTENT="decent" WC="1.00" CC="000000"/>
					</TextLine>
					<TextLine ID="P386_TL00020" HPOS="380" VPOS="1229" WIDTH="1148" HEIGHT="34">
						<String ID="P386_ST00196" HPOS="380" VPOS="1229" WIDTH="82" HEIGHT="26" CONTENT="show" WC="0.86" CC="0500"/>
						<SP ID="P386_SP00175" HPOS="462" VPOS="1255" WIDTH="13"/>
						<String ID="P386_ST00197" HPOS="475" VPOS="1229" WIDTH="33" HEIGHT="26" CONTENT="of" WC="1.00" CC="00"/>
						<SP ID="P386_SP00176" HPOS="508" VPOS="1255" WIDTH="9"/>
						<String ID="P386_ST00198" HPOS="517" VPOS="1237" WIDTH="109" HEIGHT="18" CONTENT="sorrow" WC="0.97" CC="001000"/>
						<SP ID="P386_SP00177" HPOS="626" VPOS="1255" WIDTH="13"/>
						<String ID="P386_ST00199" HPOS="639" VPOS="1237" WIDTH="39" HEIGHT="18" CONTENT="on" WC="1.00" CC="00"/>
						<SP ID="P386_SP00178" HPOS="678" VPOS="1255" WIDTH="13"/>
						<String ID="P386_ST00200" HPOS="691" VPOS="1229" WIDTH="50" HEIGHT="26" CONTENT="the" WC="0.76" CC="070"/>
						<SP ID="P386_SP00179" HPOS="741" VPOS="1255" WIDTH="14"/>
						<String ID="P386_ST00201" HPOS="755" VPOS="1232" WIDTH="66" HEIGHT="30" CONTENT="part" WC="0.86" CC="0022"/>
						<SP ID="P386_SP00180" HPOS="821" VPOS="1262" WIDTH="15"/>
						<String ID="P386_ST00202" HPOS="836" VPOS="1229" WIDTH="32" HEIGHT="26" CONTENT="of" WC="1.00" CC="00"/>
						<SP ID="P386_SP00181" HPOS="868" VPOS="1262" WIDTH="9"/>
						<String ID="P386_ST00203" HPOS="877" VPOS="1229" WIDTH="82" HEIGHT="32" CONTENT="both," WC="0.80" CC="00072"/>
						<SP ID="P386_SP00182" HPOS="959" VPOS="1262" WIDTH="16"/>
						<String ID="P386_ST00204" HPOS="975" VPOS="1233" WIDTH="30" HEIGHT="22" CONTENT="at" WC="1.00" CC="00"/>
						<SP ID="P386_SP00183" HPOS="1005" VPOS="1262" WIDTH="13"/>
						<String ID="P386_ST00205" HPOS="1018" VPOS="1229" WIDTH="101" HEIGHT="34" CONTENT="losing" WC="0.88" CC="000420"/>
						<SP ID="P386_SP00184" HPOS="1119" VPOS="1263" WIDTH="12"/>
						<String ID="P386_ST00206" HPOS="1131" VPOS="1229" WIDTH="62" HEIGHT="26" CONTENT="her." WC="0.82" CC="5010"/>
						<SP ID="P386_SP00185" HPOS="1193" VPOS="1263" WIDTH="39"/>
						<String ID="P386_ST00207" HPOS="1232" VPOS="1229" WIDTH="136" HEIGHT="26" CONTENT="William" WC="0.92" CC="0003100"/>
						<SP ID="P386_SP00186" HPOS="1368" VPOS="1263" WIDTH="16"/>
						<String ID="P386_ST00208" HPOS="1384" VPOS="1237" WIDTH="38" HEIGHT="18" CONTENT="no" WC="1.00" CC="00"/>
						<SP ID="P386_SP00187" HPOS="1422" VPOS="1263" WIDTH="14"/>
						<String ID="P386_ST00209" HPOS="1436" VPOS="1229" WIDTH="92" HEIGHT="27" CONTENT="doubt" WC="0.91" CC="00103"/>
					</TextLine>
					<TextLine ID="P386_TL00021" HPOS="379" VPOS="1278" WIDTH="1150" HEIGHT="34">
						<String ID="P386_ST00210" HPOS="379" VPOS="1278" WIDTH="51" HEIGHT="26" CONTENT="felt" WC="1.00" CC="0000"/>
						<SP ID="P386_SP00188" HPOS="430" VPOS="1304" WIDTH="15"/>
						<String ID="P386_ST00211" HPOS="445" VPOS="1278" WIDTH="49" HEIGHT="25" CONTENT="the" WC="0.77" CC="060"/>
						<SP ID="P386_SP00189" HPOS="494" VPOS="1304" WIDTH="13"/>
						<String ID="P386_ST00212" HPOS="507" VPOS="1278" WIDTH="208" HEIGHT="25" CONTENT="bereavement" WC="1.00" CC="00000000000"/>
						<SP ID="P386_SP00190" HPOS="715" VPOS="1304" WIDTH="13"/>
						<String ID="P386_ST00213" HPOS="728" VPOS="1278" WIDTH="30" HEIGHT="25" CONTENT="in" WC="1.00" CC="00"/>
						<SP ID="P386_SP00191" HPOS="758" VPOS="1304" WIDTH="14"/>
						<String ID="P386_ST00214" HPOS="772" VPOS="1286" WIDTH="81" HEIGHT="17" CONTENT="more" WC="1.00" CC="0000"/>
						<SP ID="P386_SP00192" HPOS="853" VPOS="1304" WIDTH="13"/>
						<String ID="P386_ST00215" HPOS="866" VPOS="1286" WIDTH="82" HEIGHT="26" CONTENT="ways" WC="1.00" CC="0000"/>
						<SP ID="P386_SP00193" HPOS="948" VPOS="1312" WIDTH="14"/>
						<String ID="P386_ST00216" HPOS="962" VPOS="1278" WIDTH="72" HEIGHT="26" CONTENT="than" WC="0.57" CC="0582"/>
						<SP ID="P386_SP00194" HPOS="1034" VPOS="1312" WIDTH="15"/>
						<String ID="P386_ST00217" HPOS="1049" VPOS="1286" WIDTH="65" HEIGHT="25" CONTENT="one," WC="0.89" CC="0004"/>
						<SP ID="P386_SP00195" HPOS="1114" VPOS="1312" WIDTH="15"/>
						<String ID="P386_ST00218" HPOS="1129" VPOS="1278" WIDTH="45" HEIGHT="26" CONTENT="for" WC="0.88" CC="003"/>
						<SP ID="P386_SP00196" HPOS="1174" VPOS="1312" WIDTH="12"/>
						<String ID="P386_ST00219" HPOS="1186" VPOS="1278" WIDTH="38" HEIGHT="26" CONTENT="he" WC="0.67" CC="60"/>
						<SP ID="P386_SP00197" HPOS="1224" VPOS="1312" WIDTH="14"/>
						<String ID="P386_ST00220" HPOS="1238" VPOS="1278" WIDTH="60" HEIGHT="26" CONTENT="had" WC="0.86" CC="400"/>
						<SP ID="P386_SP00198" HPOS="1298" VPOS="1312" WIDTH="15"/>
						<String ID="P386_ST00221" HPOS="1313" VPOS="1287" WIDTH="17" HEIGHT="17" CONTENT="a" WC="1.00" CC="0"/>
						<SP ID="P386_SP00199" HPOS="1330" VPOS="1312" WIDTH="15"/>
						<String ID="P386_ST00222" HPOS="1345" VPOS="1282" WIDTH="120" HEIGHT="23" CONTENT="servant" WC="1.00" CC="0000000"/>
						<SP ID="P386_SP00200" HPOS="1465" VPOS="1312" WIDTH="13"/>
						<String ID="P386_ST00223" HPOS="1478" VPOS="1278" WIDTH="51" HEIGHT="27" CONTENT="the" WC="0.75" CC="070"/>
					</TextLine>
					<TextLine ID="P386_TL00022" HPOS="379" VPOS="1326" WIDTH="1149" HEIGHT="36">
						<String ID="P386_ST00224" HPOS="379" VPOS="1327" WIDTH="58" HEIGHT="26" CONTENT="less" WC="0.97" CC="1000"/>
						<SP ID="P386_SP00201" HPOS="437" VPOS="1353" WIDTH="14"/>
						<String ID="P386_ST00225" HPOS="451" VPOS="1331" WIDTH="30" HEIGHT="21" CONTENT="to" WC="1.00" CC="00"/>
						<SP ID="P386_SP00202" HPOS="481" VPOS="1353" WIDTH="10"/>
						<String ID="P386_ST00226" HPOS="491" VPOS="1326" WIDTH="70" HEIGHT="27" CONTENT="wait" WC="0.99" CC="0000"/>
						<SP ID="P386_SP00203" HPOS="561" VPOS="1353" WIDTH="13"/>
						<String ID="P386_ST00227" HPOS="574" VPOS="1335" WIDTH="79" HEIGHT="26" CONTENT="upon" WC="0.82" CC="0006"/>
						<SP ID="P386_SP00204" HPOS="653" VPOS="1361" WIDTH="13"/>
						<String ID="P386_ST00228" HPOS="666" VPOS="1327" WIDTH="72" HEIGHT="31" CONTENT="him," WC="0.62" CC="7250"/>
						<SP ID="P386_SP00205" HPOS="738" VPOS="1361" WIDTH="12"/>
						<String ID="P386_ST00229" HPOS="750" VPOS="1335" WIDTH="17" HEIGHT="17" CONTENT="a" WC="1.00" CC="0"/>
						<SP ID="P386_SP00206" HPOS="767" VPOS="1361" WIDTH="11"/>
						<String ID="P386_ST00230" HPOS="778" VPOS="1327" WIDTH="170" HEIGHT="34" CONTENT="dependant" WC="0.97" CC="000020000"/>
						<SP ID="P386_SP00207" HPOS="948" VPOS="1361" WIDTH="15"/>
						<String ID="P386_ST00231" HPOS="963" VPOS="1328" WIDTH="49" HEIGHT="26" CONTENT="the" WC="0.72" CC="250"/>
						<SP ID="P386_SP00208" HPOS="1012" VPOS="1361" WIDTH="13"/>
						<String ID="P386_ST00232" HPOS="1025" VPOS="1328" WIDTH="60" HEIGHT="26" CONTENT="less" WC="0.89" CC="4000"/>
						<SP ID="P386_SP00209" HPOS="1085" VPOS="1361" WIDTH="13"/>
						<String ID="P386_ST00233" HPOS="1098" VPOS="1331" WIDTH="31" HEIGHT="23" CONTENT="to" WC="0.70" CC="50"/>
						<SP ID="P386_SP00210" HPOS="1129" VPOS="1361" WIDTH="14"/>
						<String ID="P386_ST00234" HPOS="1143" VPOS="1328" WIDTH="92" HEIGHT="34" CONTENT="bully," WC="0.78" CC="051203"/>
						<SP ID="P386_SP00211" HPOS="1235" VPOS="1362" WIDTH="13"/>
						<String ID="P386_ST00235" HPOS="1248" VPOS="1328" WIDTH="59" HEIGHT="25" CONTENT="and" WC="1.00" CC="000"/>
						<SP ID="P386_SP00212" HPOS="1307" VPOS="1362" WIDTH="15"/>
						<String ID="P386_ST00236" HPOS="1322" VPOS="1336" WIDTH="18" HEIGHT="18" CONTENT="a" WC="1.00" CC="0"/>
						<SP ID="P386_SP00213" HPOS="1340" VPOS="1362" WIDTH="14"/>
						<String ID="P386_ST00237" HPOS="1354" VPOS="1328" WIDTH="113" HEIGHT="34" CONTENT="subject" WC="0.86" CC="0350000"/>
						<SP ID="P386_SP00214" HPOS="1467" VPOS="1362" WIDTH="11"/>
						<String ID="P386_ST00238" HPOS="1478" VPOS="1328" WIDTH="50" HEIGHT="26" CONTENT="the" WC="0.77" CC="060"/>
					</TextLine>
					<TextLine ID="P386_TL00023" HPOS="379" VPOS="1376" WIDTH="1149" HEIGHT="35">
						<String ID="P386_ST00239" HPOS="379" VPOS="1376" WIDTH="59" HEIGHT="25" CONTENT="less" WC="0.99" CC="0000"/>
						<SP ID="P386_SP00215" HPOS="438" VPOS="1401" WIDTH="14"/>
						<String ID="P386_ST00240" HPOS="452" VPOS="1380" WIDTH="30" HEIGHT="22" CONTENT="to" WC="1.00" CC="00"/>
						<SP ID="P386_SP00216" HPOS="482" VPOS="1402" WIDTH="14"/>
						<String ID="P386_ST00241" HPOS="496" VPOS="1376" WIDTH="151" HEIGHT="25" CONTENT="domineer" WC="0.95" CC="00030000"/>
						<SP ID="P386_SP00217" HPOS="647" VPOS="1402" WIDTH="13"/>
						<String ID="P386_ST00242" HPOS="660" VPOS="1384" WIDTH="77" HEIGHT="18" CONTENT="over." WC="1.00" CC="00000"/>
						<SP ID="P386_SP00218" HPOS="737" VPOS="1402" WIDTH="40"/>
						<String ID="P386_ST00243" HPOS="777" VPOS="1376" WIDTH="49" HEIGHT="26" CONTENT="He" WC="0.79" CC="40"/>
						<SP ID="P386_SP00219" HPOS="826" VPOS="1402" WIDTH="13"/>
						<String ID="P386_ST00244" HPOS="839" VPOS="1376" WIDTH="151" HEIGHT="26" CONTENT="lamented" WC="0.96" CC="00000300"/>
						<SP ID="P386_SP00220" HPOS="990" VPOS="1402" WIDTH="13"/>
						<String ID="P386_ST00245" HPOS="1003" VPOS="1377" WIDTH="54" HEIGHT="26" CONTENT="her" WC="0.73" CC="700"/>
						<SP ID="P386_SP00221" HPOS="1057" VPOS="1403" WIDTH="13"/>
						<String ID="P386_ST00246" HPOS="1070" VPOS="1377" WIDTH="58" HEIGHT="26" CONTENT="less" WC="0.85" CC="5000"/>
						<SP ID="P386_SP00222" HPOS="1128" VPOS="1403" WIDTH="15"/>
						<String ID="P386_ST00247" HPOS="1143" VPOS="1386" WIDTH="32" HEIGHT="17" CONTENT="as" WC="1.00" CC="00"/>
						<SP ID="P386_SP00223" HPOS="1175" VPOS="1403" WIDTH="16"/>
						<String ID="P386_ST00248" HPOS="1191" VPOS="1386" WIDTH="17" HEIGHT="17" CONTENT="a" WC="1.00" CC="0"/>
						<SP ID="P386_SP00224" HPOS="1208" VPOS="1403" WIDTH="16"/>
						<String ID="P386_ST00249" HPOS="1224" VPOS="1381" WIDTH="122" HEIGHT="30" CONTENT="partner" WC="0.96" CC="0000002"/>
						<SP ID="P386_SP00225" HPOS="1346" VPOS="1411" WIDTH="14"/>
						<String ID="P386_ST00250" HPOS="1360" VPOS="1378" WIDTH="59" HEIGHT="25" CONTENT="and" WC="1.00" CC="000"/>
						<SP ID="P386_SP00226" HPOS="1419" VPOS="1411" WIDTH="15"/>
						<String ID="P386_ST00251" HPOS="1434" VPOS="1378" WIDTH="94" HEIGHT="26" CONTENT="friend" WC="1.00" CC="000000"/>
					</TextLine>
					<TextLine ID="P386_TL00024" HPOS="379" VPOS="1425" WIDTH="1149" HEIGHT="36">
						<String ID="P386_ST00252" HPOS="379" VPOS="1425" WIDTH="73" HEIGHT="26" CONTENT="than" WC="0.73" CC="0703"/>
						<SP ID="P386_SP00227" HPOS="452" VPOS="1451" WIDTH="22"/>
						<String ID="P386_ST00253" HPOS="474" VPOS="1425" WIDTH="38" HEIGHT="26" CONTENT="he" WC="0.65" CC="70"/>
						<SP ID="P386_SP00228" HPOS="512" VPOS="1451" WIDTH="21"/>
						<String ID="P386_ST00254" HPOS="533" VPOS="1425" WIDTH="110" HEIGHT="26" CONTENT="missed" WC="0.93" CC="030000"/>
						<SP ID="P386_SP00229" HPOS="643" VPOS="1451" WIDTH="22"/>
						<String ID="P386_ST00255" HPOS="665" VPOS="1425" WIDTH="52" HEIGHT="26" CONTENT="her" WC="0.58" CC="606"/>
						<SP ID="P386_SP00230" HPOS="717" VPOS="1451" WIDTH="21"/>
						<String ID="P386_ST00256" HPOS="738" VPOS="1433" WIDTH="33" HEIGHT="18" CONTENT="as" WC="1.00" CC="00"/>
						<SP ID="P386_SP00231" HPOS="771" VPOS="1451" WIDTH="22"/>
						<String ID="P386_ST00257" HPOS="793" VPOS="1434" WIDTH="17" HEIGHT="17" CONTENT="a" WC="1.00" CC="0"/>
						<SP ID="P386_SP00232" HPOS="810" VPOS="1451" WIDTH="23"/>
						<String ID="P386_ST00258" HPOS="833" VPOS="1426" WIDTH="178" HEIGHT="34" CONTENT="companion" WC="0.89" CC="000000701"/>
						<SP ID="P386_SP00233" HPOS="1011" VPOS="1460" WIDTH="25"/>
						<String ID="P386_ST00259" HPOS="1036" VPOS="1427" WIDTH="59" HEIGHT="25" CONTENT="and" WC="0.96" CC="010"/>
						<SP ID="P386_SP00234" HPOS="1095" VPOS="1460" WIDTH="25"/>
						<String ID="P386_ST00260" HPOS="1120" VPOS="1427" WIDTH="215" HEIGHT="34" CONTENT="housekeeper." WC="0.86" CC="604000000050"/>
						<SP ID="P386_SP00235" HPOS="1335" VPOS="1461" WIDTH="49"/>
						<String ID="P386_ST00261" HPOS="1384" VPOS="1426" WIDTH="61" HEIGHT="27" CONTENT="She" WC="0.84" CC="040"/>
						<SP ID="P386_SP00236" HPOS="1445" VPOS="1461" WIDTH="22"/>
						<String ID="P386_ST00262" HPOS="1467" VPOS="1436" WIDTH="61" HEIGHT="17" CONTENT="was" WC="1.00" CC="000"/>
					</TextLine>
					<TextLine ID="P386_TL00025" HPOS="379" VPOS="1474" WIDTH="1149" HEIGHT="35">
						<String ID="P386_ST00263" HPOS="379" VPOS="1474" WIDTH="144" HEIGHT="35" CONTENT="certainly" WC="0.86" CC="005004300"/>
						<SP ID="P386_SP00237" HPOS="523" VPOS="1509" WIDTH="14"/>
						<String ID="P386_ST00264" HPOS="537" VPOS="1483" WIDTH="17" HEIGHT="16" CONTENT="a" WC="1.00" CC="0"/>
						<SP ID="P386_SP00238" HPOS="554" VPOS="1509" WIDTH="19"/>
						<String ID="P386_ST00265" HPOS="573" VPOS="1475" WIDTH="125" HEIGHT="25" CONTENT="devoted" WC="0.93" CC="0001300"/>
						<SP ID="P386_SP00239" HPOS="698" VPOS="1509" WIDTH="19"/>
						<String ID="P386_ST00266" HPOS="717" VPOS="1474" WIDTH="75" HEIGHT="33" CONTENT="wife," WC="0.88" CC="01004"/>
						<SP ID="P386_SP00240" HPOS="792" VPOS="1509" WIDTH="15"/>
						<String ID="P386_ST00267" HPOS="807" VPOS="1476" WIDTH="53" HEIGHT="25" CONTENT="but" WC="0.77" CC="060"/>
						<SP ID="P386_SP00241" HPOS="860" VPOS="1509" WIDTH="19"/>
						<String ID="P386_ST00268" HPOS="879" VPOS="1475" WIDTH="51" HEIGHT="26" CONTENT="the" WC="0.76" CC="070"/>
						<SP ID="P386_SP00242" HPOS="930" VPOS="1509" WIDTH="19"/>
						<String ID="P386_ST00269" HPOS="949" VPOS="1476" WIDTH="140" HEIGHT="25" CONTENT="devotion" WC="0.80" CC="00400505"/>
						<SP ID="P386_SP00243" HPOS="1089" VPOS="1509" WIDTH="20"/>
						<String ID="P386_ST00270" HPOS="1109" VPOS="1476" WIDTH="33" HEIGHT="26" CONTENT="of" WC="1.00" CC="00"/>
						<SP ID="P386_SP00244" HPOS="1142" VPOS="1509" WIDTH="18"/>
						<String ID="P386_ST00271" HPOS="1160" VPOS="1485" WIDTH="17" HEIGHT="17" CONTENT="a" WC="1.00" CC="0"/>
						<SP ID="P386_SP00245" HPOS="1177" VPOS="1509" WIDTH="20"/>
						<String ID="P386_ST00272" HPOS="1197" VPOS="1485" WIDTH="117" HEIGHT="18" CONTENT="woman" WC="0.97" CC="00001"/>
						<SP ID="P386_SP00246" HPOS="1314" VPOS="1509" WIDTH="21"/>
						<String ID="P386_ST00273" HPOS="1335" VPOS="1481" WIDTH="31" HEIGHT="22" CONTENT="to" WC="1.00" CC="00"/>
						<SP ID="P386_SP00247" HPOS="1366" VPOS="1509" WIDTH="20"/>
						<String ID="P386_ST00274" HPOS="1386" VPOS="1477" WIDTH="54" HEIGHT="26" CONTENT="her" WC="0.78" CC="600"/>
						<SP ID="P386_SP00248" HPOS="1440" VPOS="1509" WIDTH="18"/>
						<String ID="P386_ST00275" HPOS="1458" VPOS="1477" WIDTH="70" HEIGHT="26" CONTENT="hus" SUBS_TYPE="HypPart1" SUBS_CONTENT="husband's" WC="0.76" CC="7200"/>
						<HYP CONTENT="-"/>
					</TextLine>
					<TextLine ID="P386_TL00026" HPOS="379" VPOS="1523" WIDTH="1149" HEIGHT="36">
						<String ID="P386_ST00276" HPOS="379" VPOS="1523" WIDTH="105" HEIGHT="26" CONTENT="band's" SUBS_TYPE="HypPart2" SUBS_CONTENT="husband's" WC="0.96" CC="000020"/>
						<SP ID="P386_SP00249" HPOS="484" VPOS="1549" WIDTH="24"/>
						<String ID="P386_ST00277" HPOS="508" VPOS="1523" WIDTH="137" HEIGHT="26" CONTENT="interests" WC="0.95" CC="400000000"/>
						<SP ID="P386_SP00250" HPOS="645" VPOS="1549" WIDTH="24"/>
						<String ID="P386_ST00278" HPOS="669" VPOS="1523" WIDTH="33" HEIGHT="32" CONTENT="is," WC="0.85" CC="103"/>
						<SP ID="P386_SP00251" HPOS="702" VPOS="1555" WIDTH="20"/>
						<String ID="P386_ST00279" HPOS="722" VPOS="1523" WIDTH="73" HEIGHT="26" CONTENT="after" WC="0.92" CC="03000"/>
						<SP ID="P386_SP00252" HPOS="795" VPOS="1555" WIDTH="19"/>
						<String ID="P386_ST00280" HPOS="814" VPOS="1524" WIDTH="48" HEIGHT="31" CONTENT="all," WC="0.83" CC="0600"/>
						<SP ID="P386_SP00253" HPOS="862" VPOS="1555" WIDTH="18"/>
						<String ID="P386_ST00281" HPOS="880" VPOS="1524" WIDTH="71" HEIGHT="35" CONTENT="only" WC="0.83" CC="0060"/>
						<SP ID="P386_SP00254" HPOS="951" VPOS="1559" WIDTH="18"/>
						<String ID="P386_ST00282" HPOS="969" VPOS="1532" WIDTH="17" HEIGHT="17" CONTENT="a" WC="1.00" CC="0"/>
						<SP ID="P386_SP00255" HPOS="986" VPOS="1559" WIDTH="18"/>
						<String ID="P386_ST00283" HPOS="1004" VPOS="1525" WIDTH="110" HEIGHT="25" CONTENT="second" WC="1.00" CC="000000"/>
						<SP ID="P386_SP00256" HPOS="1114" VPOS="1559" WIDTH="22"/>
						<String ID="P386_ST00284" HPOS="1136" VPOS="1525" WIDTH="171" HEIGHT="26" CONTENT="selfishness" WC="0.88" CC="00000075000"/>
						<SP ID="P386_SP00257" HPOS="1307" VPOS="1559" WIDTH="13"/>
						<String ID="P386_ST00285" HPOS="1320" VPOS="1526" WIDTH="106" HEIGHT="32" CONTENT="which," WC="0.70" CC="071063"/>
						<SP ID="P386_SP00258" HPOS="1426" VPOS="1559" WIDTH="16"/>
						<String ID="P386_ST00286" HPOS="1442" VPOS="1527" WIDTH="86" HEIGHT="25" CONTENT="when" WC="0.80" CC="0403"/>
					</TextLine>
					<TextLine ID="P386_TL00027" HPOS="379" VPOS="1571" WIDTH="1150" HEIGHT="38">
						<String ID="P386_ST00287" HPOS="379" VPOS="1572" WIDTH="111" HEIGHT="27" CONTENT="viewed" WC="0.86" CC="010700"/>
						<SP ID="P386_SP00259" HPOS="490" VPOS="1599" WIDTH="15"/>
						<String ID="P386_ST00288" HPOS="505" VPOS="1571" WIDTH="29" HEIGHT="27" CONTENT="in" WC="0.98" CC="00"/>
						<SP ID="P386_SP00260" HPOS="534" VPOS="1599" WIDTH="16"/>
						<String ID="P386_ST00289" HPOS="550" VPOS="1581" WIDTH="16" HEIGHT="17" CONTENT="a" WC="1.00" CC="0"/>
						<SP ID="P386_SP00261" HPOS="566" VPOS="1599" WIDTH="14"/>
						<String ID="P386_ST00290" HPOS="580" VPOS="1581" WIDTH="107" HEIGHT="25" CONTENT="proper" WC="0.90" CC="000600"/>
						<SP ID="P386_SP00262" HPOS="687" VPOS="1606" WIDTH="13"/>
						<String ID="P386_ST00291" HPOS="700" VPOS="1572" WIDTH="84" HEIGHT="35" CONTENT="light," WC="0.72" CC="440700"/>
						<SP ID="P386_SP00263" HPOS="784" VPOS="1607" WIDTH="16"/>
						<String ID="P386_ST00292" HPOS="800" VPOS="1573" WIDTH="25" HEIGHT="26" CONTENT="is" WC="0.85" CC="20"/>
						<SP ID="P386_SP00264" HPOS="825" VPOS="1607" WIDTH="13"/>
						<String ID="P386_ST00293" HPOS="838" VPOS="1572" WIDTH="45" HEIGHT="27" CONTENT="far" WC="0.88" CC="300"/>
						<SP ID="P386_SP00265" HPOS="883" VPOS="1607" WIDTH="13"/>
						<String ID="P386_ST00294" HPOS="896" VPOS="1582" WIDTH="80" HEIGHT="17" CONTENT="more" WC="0.91" CC="0030"/>
						<SP ID="P386_SP00266" HPOS="976" VPOS="1607" WIDTH="21"/>
						<String ID="P386_ST00295" HPOS="997" VPOS="1574" WIDTH="128" HEIGHT="34" CONTENT="prudent" WC="0.91" CC="0030002"/>
						<SP ID="P386_SP00267" HPOS="1125" VPOS="1608" WIDTH="17"/>
						<String ID="P386_ST00296" HPOS="1142" VPOS="1574" WIDTH="75" HEIGHT="26" CONTENT="than" WC="0.82" CC="0700"/>
						<SP ID="P386_SP00268" HPOS="1217" VPOS="1608" WIDTH="13"/>
						<String ID="P386_ST00297" HPOS="1230" VPOS="1575" WIDTH="194" HEIGHT="34" CONTENT="respectable." WC="0.98" CC="000000000100"/>
						<SP ID="P386_SP00269" HPOS="1424" VPOS="1609" WIDTH="42"/>
						<String ID="P386_ST00298" HPOS="1466" VPOS="1575" WIDTH="63" HEIGHT="26" CONTENT="Her" WC="0.90" CC="200"/>
					</TextLine>
					<TextLine ID="P386_TL00028" HPOS="379" VPOS="1621" WIDTH="1150" HEIGHT="33">
						<String ID="P386_ST00299" HPOS="379" VPOS="1621" WIDTH="162" HEIGHT="26" CONTENT="inveterate" WC="0.97" CC="2000000000"/>
						<SP ID="P386_SP00270" HPOS="541" VPOS="1647" WIDTH="14"/>
						<String ID="P386_ST00300" HPOS="555" VPOS="1621" WIDTH="106" HEIGHT="26" CONTENT="dislike" WC="0.94" CC="0000300"/>
						<SP ID="P386_SP00271" HPOS="661" VPOS="1647" WIDTH="14"/>
						<String ID="P386_ST00301" HPOS="675" VPOS="1621" WIDTH="33" HEIGHT="26" CONTENT="of" WC="1.00" CC="00"/>
						<SP ID="P386_SP00272" HPOS="708" VPOS="1647" WIDTH="15"/>
						<String ID="P386_ST00302" HPOS="723" VPOS="1621" WIDTH="54" HEIGHT="26" CONTENT="her" WC="0.63" CC="604"/>
						<SP ID="P386_SP00273" HPOS="777" VPOS="1647" WIDTH="18"/>
						<String ID="P386_ST00303" HPOS="795" VPOS="1621" WIDTH="95" HEIGHT="33" CONTENT="sister," WC="0.91" CC="0200003"/>
						<SP ID="P386_SP00274" HPOS="890" VPOS="1654" WIDTH="15"/>
						<String ID="P386_ST00304" HPOS="905" VPOS="1622" WIDTH="72" HEIGHT="26" CONTENT="with" WC="0.85" CC="0104"/>
						<SP ID="P386_SP00275" HPOS="977" VPOS="1654" WIDTH="15"/>
						<String ID="P386_ST00305" HPOS="992" VPOS="1623" WIDTH="96" HEIGHT="26" CONTENT="whom" WC="0.88" CC="0400"/>
						<SP ID="P386_SP00276" HPOS="1088" VPOS="1654" WIDTH="21"/>
						<String ID="P386_ST00306" HPOS="1109" VPOS="1624" WIDTH="54" HEIGHT="25" CONTENT="she" WC="0.78" CC="060"/>
						<SP ID="P386_SP00277" HPOS="1163" VPOS="1654" WIDTH="19"/>
						<String ID="P386_ST00307" HPOS="1182" VPOS="1624" WIDTH="116" HEIGHT="26" CONTENT="refused" WC="0.89" CC="3003000"/>
						<SP ID="P386_SP00278" HPOS="1298" VPOS="1654" WIDTH="20"/>
						<String ID="P386_ST00308" HPOS="1318" VPOS="1628" WIDTH="32" HEIGHT="22" CONTENT="to" WC="0.84" CC="03"/>
						<SP ID="P386_SP00279" HPOS="1350" VPOS="1654" WIDTH="18"/>
						<String ID="P386_ST00309" HPOS="1368" VPOS="1625" WIDTH="38" HEIGHT="26" CONTENT="be" WC="0.63" CC="70"/>
						<SP ID="P386_SP00280" HPOS="1406" VPOS="1654" WIDTH="20"/>
						<String ID="P386_ST00310" HPOS="1426" VPOS="1633" WIDTH="103" HEIGHT="18" CONTENT="recon" SUBS_TYPE="HypPart1" SUBS_CONTENT="reconciled" WC="0.80" CC="200053"/>
						<HYP CONTENT="-"/>
					</TextLine>
					<TextLine ID="P386_TL00029" HPOS="379" VPOS="1670" WIDTH="1150" HEIGHT="39">
						<String ID="P386_ST00311" HPOS="379" VPOS="1670" WIDTH="76" HEIGHT="26" CONTENT="ciled" SUBS_TYPE="HypPart2" SUBS_CONTENT="reconciled" WC="0.83" CC="03500"/>
						<SP ID="P386_SP00281" HPOS="455" VPOS="1696" WIDTH="13"/>
						<String ID="P386_ST00312" HPOS="468" VPOS="1678" WIDTH="74" HEIGHT="18" CONTENT="even" WC="0.83" CC="0006"/>
						<SP ID="P386_SP00282" HPOS="542" VPOS="1696" WIDTH="14"/>
						<String ID="P386_ST00313" HPOS="556" VPOS="1679" WIDTH="38" HEIGHT="17" CONTENT="on" WC="1.00" CC="00"/>
						<SP ID="P386_SP00283" HPOS="594" VPOS="1696" WIDTH="13"/>
						<String ID="P386_ST00314" HPOS="607" VPOS="1670" WIDTH="54" HEIGHT="26" CONTENT="her" WC="0.77" CC="600"/>
						<SP ID="P386_SP00284" HPOS="661" VPOS="1696" WIDTH="12"/>
						<String ID="P386_ST00315" HPOS="673" VPOS="1670" WIDTH="170" HEIGHT="33" CONTENT="death-bed," WC="0.91" CC="0000700001"/>
						<SP ID="P386_SP00285" HPOS="843" VPOS="1703" WIDTH="12"/>
						<String ID="P386_ST00316" HPOS="855" VPOS="1671" WIDTH="158" HEIGHT="27" CONTENT="convinces" WC="0.93" CC="000060000"/>
						<SP ID="P386_SP00286" HPOS="1013" VPOS="1703" WIDTH="13"/>
						<String ID="P386_ST00317" HPOS="1026" VPOS="1681" WIDTH="35" HEIGHT="17" CONTENT="us" WC="1.00" CC="00"/>
						<SP ID="P386_SP00287" HPOS="1061" VPOS="1703" WIDTH="14"/>
						<String ID="P386_ST00318" HPOS="1075" VPOS="1673" WIDTH="66" HEIGHT="26" CONTENT="that" WC="0.85" CC="0600"/>
						<SP ID="P386_SP00288" HPOS="1141" VPOS="1703" WIDTH="13"/>
						<String ID="P386_ST00319" HPOS="1154" VPOS="1673" WIDTH="23" HEIGHT="26" CONTENT="it" WC="0.69" CC="60"/>
						<SP ID="P386_SP00289" HPOS="1177" VPOS="1703" WIDTH="13"/>
						<String ID="P386_ST00320" HPOS="1190" VPOS="1681" WIDTH="59" HEIGHT="18" CONTENT="was" WC="0.67" CC="900"/>
						<SP ID="P386_SP00290" HPOS="1249" VPOS="1703" WIDTH="14"/>
						<String ID="P386_ST00321" HPOS="1263" VPOS="1676" WIDTH="53" HEIGHT="23" CONTENT="not" WC="1.00" CC="000"/>
						<SP ID="P386_SP00291" HPOS="1316" VPOS="1703" WIDTH="14"/>
						<String ID="P386_ST00322" HPOS="1330" VPOS="1674" WIDTH="168" HEIGHT="35" CONTENT="altogether" WC="0.79" CC="0209000701"/>
						<SP ID="P386_SP00292" HPOS="1498" VPOS="1709" WIDTH="14"/>
						<String ID="P386_ST00323" HPOS="1512" VPOS="1683" WIDTH="17" HEIGHT="17" CONTENT="a" WC="1.00" CC="0"/>
					</TextLine>
					<TextLine ID="P386_TL00030" HPOS="379" VPOS="1718" WIDTH="1150" HEIGHT="35">
						<String ID="P386_ST00324" HPOS="379" VPOS="1719" WIDTH="124" HEIGHT="25" CONTENT="warmth" WC="0.90" CC="000006"/>
						<SP ID="P386_SP00293" HPOS="503" VPOS="1744" WIDTH="15"/>
						<String ID="P386_ST00325" HPOS="518" VPOS="1718" WIDTH="33" HEIGHT="26" CONTENT="of" WC="1.00" CC="00"/>
						<SP ID="P386_SP00294" HPOS="551" VPOS="1744" WIDTH="17"/>
						<String ID="P386_ST00326" HPOS="568" VPOS="1719" WIDTH="85" HEIGHT="25" CONTENT="heart" WC="0.91" CC="40000"/>
						<SP ID="P386_SP00295" HPOS="653" VPOS="1744" WIDTH="19"/>
						<String ID="P386_ST00327" HPOS="672" VPOS="1719" WIDTH="66" HEIGHT="25" CONTENT="that" WC="0.86" CC="0500"/>
						<SP ID="P386_SP00296" HPOS="738" VPOS="1744" WIDTH="19"/>
						<String ID="P386_ST00328" HPOS="757" VPOS="1720" WIDTH="99" HEIGHT="26" CONTENT="bound" WC="0.92" CC="00300"/>
						<SP ID="P386_SP00297" HPOS="856" VPOS="1746" WIDTH="20"/>
						<String ID="P386_ST00329" HPOS="876" VPOS="1720" WIDTH="54" HEIGHT="27" CONTENT="her" WC="0.81" CC="500"/>
						<SP ID="P386_SP00298" HPOS="930" VPOS="1747" WIDTH="20"/>
						<String ID="P386_ST00330" HPOS="950" VPOS="1725" WIDTH="31" HEIGHT="22" CONTENT="to" WC="0.92" CC="10"/>
						<SP ID="P386_SP00299" HPOS="981" VPOS="1747" WIDTH="19"/>
						<String ID="P386_ST00331" HPOS="1000" VPOS="1721" WIDTH="54" HEIGHT="26" CONTENT="her" WC="0.69" CC="602"/>
						<SP ID="P386_SP00300" HPOS="1054" VPOS="1747" WIDTH="18"/>
						<String ID="P386_ST00332" HPOS="1072" VPOS="1721" WIDTH="139" HEIGHT="27" CONTENT="husband" WC="0.89" CC="7000000"/>
						<SP ID="P386_SP00301" HPOS="1211" VPOS="1748" WIDTH="13"/>
						<String ID="P386_ST00333" HPOS="1224" VPOS="1732" WIDTH="5" HEIGHT="21" CONTENT=";" WC="0.90" CC="0"/>
						<SP ID="P386_SP00302" HPOS="1229" VPOS="1753" WIDTH="23"/>
						<String ID="P386_ST00334" HPOS="1252" VPOS="1722" WIDTH="60" HEIGHT="26" CONTENT="and" WC="1.00" CC="000"/>
						<SP ID="P386_SP00303" HPOS="1312" VPOS="1753" WIDTH="12"/>
						<String ID="P386_ST00335" HPOS="1324" VPOS="1731" WIDTH="45" HEIGHT="17" CONTENT="we" WC="1.00" CC="00"/>
						<SP ID="P386_SP00304" HPOS="1369" VPOS="1753" WIDTH="14"/>
						<String ID="P386_ST00336" HPOS="1383" VPOS="1723" WIDTH="146" HEIGHT="26" CONTENT="therefore" WC="0.93" CC="060000000"/>
					</TextLine>
					<TextLine ID="P386_TL00031" HPOS="381" VPOS="1769" WIDTH="1148" HEIGHT="37">
						<String ID="P386_ST00337" HPOS="381" VPOS="1773" WIDTH="44" HEIGHT="22" CONTENT="set" WC="1.00" CC="000"/>
						<SP ID="P386_SP00305" HPOS="425" VPOS="1795" WIDTH="14"/>
						<String ID="P386_ST00338" HPOS="439" VPOS="1769" WIDTH="52" HEIGHT="25" CONTENT="her" WC="0.80" CC="600"/>
						<SP ID="P386_SP00306" HPOS="491" VPOS="1795" WIDTH="14"/>
						<String ID="P386_ST00339" HPOS="505" VPOS="1769" WIDTH="85" HEIGHT="26" CONTENT="down" WC="0.86" CC="0005"/>
						<SP ID="P386_SP00307" HPOS="590" VPOS="1795" WIDTH="16"/>
						<String ID="P386_ST00340" HPOS="606" VPOS="1777" WIDTH="32" HEIGHT="17" CONTENT="as" WC="1.00" CC="00"/>
						<SP ID="P386_SP00308" HPOS="638" VPOS="1795" WIDTH="12"/>
						<String ID="P386_ST00341" HPOS="650" VPOS="1777" WIDTH="16" HEIGHT="18" CONTENT="a" WC="1.00" CC="0"/>
						<SP ID="P386_SP00309" HPOS="666" VPOS="1795" WIDTH="14"/>
						<String ID="P386_ST00342" HPOS="680" VPOS="1769" WIDTH="75" HEIGHT="34" CONTENT="cold," WC="0.87" CC="00401"/>
						<SP ID="P386_SP00310" HPOS="755" VPOS="1803" WIDTH="15"/>
						<String ID="P386_ST00343" HPOS="770" VPOS="1770" WIDTH="153" HEIGHT="36" CONTENT="unfeeling" WC="0.76" CC="505004500"/>
						<SP ID="P386_SP00311" HPOS="923" VPOS="1806" WIDTH="13"/>
						<String ID="P386_ST00344" HPOS="936" VPOS="1780" WIDTH="117" HEIGHT="25" CONTENT="person," WC="0.96" CC="0000020"/>
						<SP ID="P386_SP00312" HPOS="1053" VPOS="1806" WIDTH="11"/>
						<String ID="P386_ST00345" HPOS="1064" VPOS="1771" WIDTH="67" HEIGHT="26" CONTENT="who" WC="0.88" CC="030"/>
						<SP ID="P386_SP00313" HPOS="1131" VPOS="1806" WIDTH="15"/>
						<String ID="P386_ST00346" HPOS="1146" VPOS="1772" WIDTH="87" HEIGHT="25" CONTENT="could" WC="0.91" CC="00040"/>
						<SP ID="P386_SP00314" HPOS="1233" VPOS="1806" WIDTH="15"/>
						<String ID="P386_ST00347" HPOS="1248" VPOS="1772" WIDTH="131" HEIGHT="26" CONTENT="sacrifice" WC="0.91" CC="000212200"/>
						<SP ID="P386_SP00315" HPOS="1379" VPOS="1806" WIDTH="16"/>
						<String ID="P386_ST00348" HPOS="1395" VPOS="1773" WIDTH="39" HEIGHT="25" CONTENT="all" WC="0.71" CC="034"/>
						<SP ID="P386_SP00316" HPOS="1434" VPOS="1806" WIDTH="11"/>
						<String ID="P386_ST00349" HPOS="1445" VPOS="1774" WIDTH="84" HEIGHT="25" CONTENT="other" WC="0.88" CC="00500"/>
					</TextLine>
					<TextLine ID="P386_TL00032" HPOS="379" VPOS="1819" WIDTH="1150" HEIGHT="38">
						<String ID="P386_ST00350" HPOS="379" VPOS="1819" WIDTH="55" HEIGHT="25" CONTENT="ties" WC="0.90" CC="0400"/>
						<SP ID="P386_SP00317" HPOS="434" VPOS="1844" WIDTH="15"/>
						<String ID="P386_ST00351" HPOS="449" VPOS="1819" WIDTH="44" HEIGHT="25" CONTENT="for" WC="0.97" CC="000"/>
						<SP ID="P386_SP00318" HPOS="493" VPOS="1844" WIDTH="13"/>
						<String ID="P386_ST00352" HPOS="506" VPOS="1819" WIDTH="49" HEIGHT="26" CONTENT="the" WC="0.76" CC="070"/>
						<SP ID="P386_SP00319" HPOS="555" VPOS="1845" WIDTH="15"/>
						<String ID="P386_ST00353" HPOS="570" VPOS="1819" WIDTH="71" HEIGHT="26" CONTENT="sake" WC="1.00" CC="0000"/>
						<SP ID="P386_SP00320" HPOS="641" VPOS="1845" WIDTH="14"/>
						<String ID="P386_ST00354" HPOS="655" VPOS="1819" WIDTH="33" HEIGHT="26" CONTENT="of" WC="1.00" CC="00"/>
						<SP ID="P386_SP00321" HPOS="688" VPOS="1845" WIDTH="16"/>
						<String ID="P386_ST00355" HPOS="704" VPOS="1828" WIDTH="55" HEIGHT="17" CONTENT="one" WC="0.81" CC="050"/>
						<SP ID="P386_SP00322" HPOS="759" VPOS="1845" WIDTH="13"/>
						<String ID="P386_ST00356" HPOS="772" VPOS="1820" WIDTH="96" HEIGHT="26" CONTENT="which" WC="0.74" CC="06105"/>
						<SP ID="P386_SP00323" HPOS="868" VPOS="1846" WIDTH="15"/>
						<String ID="P386_ST00357" HPOS="883" VPOS="1821" WIDTH="53" HEIGHT="26" CONTENT="she" WC="0.75" CC="070"/>
						<SP ID="P386_SP00324" HPOS="936" VPOS="1847" WIDTH="19"/>
						<String ID="P386_ST00358" HPOS="955" VPOS="1821" WIDTH="135" HEIGHT="26" CONTENT="believed" WC="0.95" CC="00300000"/>
						<SP ID="P386_SP00325" HPOS="1090" VPOS="1847" WIDTH="14"/>
						<String ID="P386_ST00359" HPOS="1104" VPOS="1825" WIDTH="32" HEIGHT="23" CONTENT="to" WC="1.00" CC="00"/>
						<SP ID="P386_SP00326" HPOS="1136" VPOS="1848" WIDTH="8"/>
						<String ID="P386_ST00360" HPOS="1144" VPOS="1822" WIDTH="43" HEIGHT="25" CONTENT="he" WC="0.61" CC="70"/>
						<SP ID="P386_SP00327" HPOS="1187" VPOS="1848" WIDTH="15"/>
						<String ID="P386_ST00361" HPOS="1202" VPOS="1822" WIDTH="33" HEIGHT="26" CONTENT="of" WC="0.82" CC="03"/>
						<SP ID="P386_SP00328" HPOS="1235" VPOS="1848" WIDTH="16"/>
						<String ID="P386_ST00362" HPOS="1251" VPOS="1823" WIDTH="50" HEIGHT="25" CONTENT="the" WC="0.90" CC="020"/>
						<SP ID="P386_SP00329" HPOS="1301" VPOS="1848" WIDTH="14"/>
						<String ID="P386_ST00363" HPOS="1315" VPOS="1826" WIDTH="77" HEIGHT="22" CONTENT="most" WC="1.00" CC="0000"/>
						<SP ID="P386_SP00330" HPOS="1392" VPOS="1848" WIDTH="14"/>
						<String ID="P386_ST00364" HPOS="1406" VPOS="1822" WIDTH="123" HEIGHT="35" CONTENT="import" SUBS_TYPE="HypPart1" SUBS_CONTENT="importance" WC="1.00" CC="0000000"/>
						<HYP CONTENT="-"/>
					</TextLine>
					<TextLine ID="P386_TL00033" HPOS="379" VPOS="1867" WIDTH="343" HEIGHT="26">
						<String ID="P386_ST00365" HPOS="379" VPOS="1876" WIDTH="73" HEIGHT="17" CONTENT="ance" SUBS_TYPE="HypPart2" SUBS_CONTENT="importance" WC="1.00" CC="0000"/>
						<SP ID="P386_SP00331" HPOS="452" VPOS="1893" WIDTH="14"/>
						<String ID="P386_ST00366" HPOS="466" VPOS="1872" WIDTH="30" HEIGHT="21" CONTENT="to" WC="1.00" CC="00"/>
						<SP ID="P386_SP00332" HPOS="496" VPOS="1893" WIDTH="14"/>
						<String ID="P386_ST00367" HPOS="510" VPOS="1868" WIDTH="52" HEIGHT="25" CONTENT="her" WC="0.73" CC="502"/>
						<SP ID="P386_SP00333" HPOS="562" VPOS="1893" WIDTH="14"/>
						<String ID="P386_ST00368" HPOS="576" VPOS="1867" WIDTH="146" HEIGHT="26" CONTENT="interests." WC="0.91" CC="6030000000"/>
					</TextLine>
				</TextBlock>
				<TextBlock ID="P386_TB00007" HPOS="372" VPOS="1942" WIDTH="1160" HEIGHT="233" STYLEREFS="TXT_2 PAR_LEFT">
					<TextLine ID="P386_TL00034" HPOS="431" VPOS="1942" WIDTH="1101" HEIGHT="38">
						<String ID="P386_ST00369" HPOS="431" VPOS="1942" WIDTH="59" HEIGHT="27" CONTENT="We" WC="1.00" CC="00"/>
						<SP ID="P386_SP00334" HPOS="490" VPOS="1969" WIDTH="23"/>
						<String ID="P386_ST00370" HPOS="513" VPOS="1943" WIDTH="104" HEIGHT="26" CONTENT="should" WC="0.82" CC="370000"/>
						<SP ID="P386_SP00335" HPOS="617" VPOS="1969" WIDTH="25"/>
						<String ID="P386_ST00371" HPOS="642" VPOS="1946" WIDTH="59" HEIGHT="29" CONTENT="not," WC="0.86" CC="2003"/>
						<SP ID="P386_SP00336" HPOS="701" VPOS="1975" WIDTH="24"/>
						<String ID="P386_ST00372" HPOS="725" VPOS="1943" WIDTH="145" HEIGHT="33" CONTENT="however," WC="0.88" CC="50000400"/>
						<SP ID="P386_SP00337" HPOS="870" VPOS="1976" WIDTH="23"/>
						<String ID="P386_ST00373" HPOS="893" VPOS="1946" WIDTH="39" HEIGHT="24" CONTENT="be" WC="0.96" CC="00"/>
						<SP ID="P386_SP00338" HPOS="932" VPOS="1976" WIDTH="21"/>
						<String ID="P386_ST00374" HPOS="953" VPOS="1946" WIDTH="93" HEIGHT="34" CONTENT="doing" WC="0.83" CC="00350"/>
						<SP ID="P386_SP00339" HPOS="1046" VPOS="1980" WIDTH="24"/>
						<String ID="P386_ST00375" HPOS="1070" VPOS="1946" WIDTH="107" HEIGHT="34" CONTENT="justice" WC="0.90" CC="2000400"/>
						<SP ID="P386_SP00340" HPOS="1177" VPOS="1980" WIDTH="21"/>
						<String ID="P386_ST00376" HPOS="1198" VPOS="1951" WIDTH="31" HEIGHT="22" CONTENT="to" WC="1.00" CC="00"/>
						<SP ID="P386_SP00341" HPOS="1229" VPOS="1980" WIDTH="23"/>
						<String ID="P386_ST00377" HPOS="1252" VPOS="1947" WIDTH="50" HEIGHT="26" CONTENT="the" WC="0.77" CC="060"/>
						<SP ID="P386_SP00342" HPOS="1302" VPOS="1980" WIDTH="22"/>
						<String ID="P386_ST00378" HPOS="1324" VPOS="1947" WIDTH="154" HEIGHT="27" CONTENT="character" WC="0.81" CC="078000100"/>
						<SP ID="P386_SP00343" HPOS="1478" VPOS="1980" WIDTH="22"/>
						<String ID="P386_ST00379" HPOS="1500" VPOS="1947" WIDTH="32" HEIGHT="27" CONTENT="of" WC="0.51" CC="35"/>
					</TextLine>
					<TextLine ID="P386_TL00035" HPOS="376" VPOS="1992" WIDTH="1151" HEIGHT="40">
						<String ID="P386_ST00380" HPOS="376" VPOS="1992" WIDTH="88" HEIGHT="35" CONTENT="Mary" WC="1.00" CC="0000"/>
						<SP ID="P386_SP00344" HPOS="464" VPOS="2027" WIDTH="15"/>
						<String ID="P386_ST00381" HPOS="479" VPOS="1992" WIDTH="23" HEIGHT="26" CONTENT="if" WC="0.93" CC="10"/>
						<SP ID="P386_SP00345" HPOS="502" VPOS="2027" WIDTH="15"/>
						<String ID="P386_ST00382" HPOS="517" VPOS="2001" WIDTH="44" HEIGHT="17" CONTENT="we" WC="1.00" CC="00"/>
						<SP ID="P386_SP00346" HPOS="561" VPOS="2027" WIDTH="12"/>
						<String ID="P386_ST00383" HPOS="573" VPOS="2001" WIDTH="77" HEIGHT="17" CONTENT="were" WC="0.94" CC="0020"/>
						<SP ID="P386_SP00347" HPOS="650" VPOS="2027" WIDTH="14"/>
						<String ID="P386_ST00384" HPOS="664" VPOS="1996" WIDTH="30" HEIGHT="22" CONTENT="to" WC="1.00" CC="00"/>
						<SP ID="P386_SP00348" HPOS="694" VPOS="2027" WIDTH="21"/>
						<String ID="P386_ST00385" HPOS="715" VPOS="1993" WIDTH="73" HEIGHT="26" CONTENT="omit" WC="0.91" CC="0030"/>
						<SP ID="P386_SP00349" HPOS="788" VPOS="2027" WIDTH="19"/>
						<String ID="P386_ST00386" HPOS="807" VPOS="1997" WIDTH="30" HEIGHT="23" CONTENT="to" WC="1.00" CC="00"/>
						<SP ID="P386_SP00350" HPOS="837" VPOS="2027" WIDTH="15"/>
						<String ID="P386_ST00387" HPOS="852" VPOS="1998" WIDTH="76" HEIGHT="23" CONTENT="state" WC="0.95" CC="02000"/>
						<SP ID="P386_SP00351" HPOS="928" VPOS="2027" WIDTH="15"/>
						<String ID="P386_ST00388" HPOS="943" VPOS="1995" WIDTH="65" HEIGHT="26" CONTENT="that" WC="0.85" CC="0600"/>
						<SP ID="P386_SP00352" HPOS="1008" VPOS="2027" WIDTH="13"/>
						<String ID="P386_ST00389" HPOS="1021" VPOS="1996" WIDTH="53" HEIGHT="26" CONTENT="she" WC="0.78" CC="060"/>
						<SP ID="P386_SP00353" HPOS="1074" VPOS="2027" WIDTH="14"/>
						<String ID="P386_ST00390" HPOS="1088" VPOS="2005" WIDTH="61" HEIGHT="18" CONTENT="was" WC="1.00" CC="000"/>
						<SP ID="P386_SP00354" HPOS="1149" VPOS="2027" WIDTH="14"/>
						<String ID="P386_ST00391" HPOS="1163" VPOS="1997" WIDTH="199" HEIGHT="35" CONTENT="exceedingly" WC="0.94" CC="00000042000"/>
						<SP ID="P386_SP00355" HPOS="1362" VPOS="2032" WIDTH="15"/>
						<String ID="P386_ST00392" HPOS="1377" VPOS="1996" WIDTH="99" HEIGHT="27" CONTENT="skilful" WC="0.83" CC="0050006"/>
						<SP ID="P386_SP00356" HPOS="1476" VPOS="2032" WIDTH="21"/>
						<String ID="P386_ST00393" HPOS="1497" VPOS="1997" WIDTH="30" HEIGHT="26" CONTENT="in" WC="0.83" CC="03"/>
					</TextLine>
					<TextLine ID="P386_TL00036" HPOS="374" VPOS="2041" WIDTH="1154" HEIGHT="39">
						<String ID="P386_ST00394" HPOS="374" VPOS="2041" WIDTH="50" HEIGHT="27" CONTENT="the" WC="0.81" CC="050"/>
						<SP ID="P386_SP00357" HPOS="424" VPOS="2068" WIDTH="15"/>
						<String ID="P386_ST00395" HPOS="439" VPOS="2050" WIDTH="51" HEIGHT="18" CONTENT="use" WC="1.00" CC="000"/>
						<SP ID="P386_SP00358" HPOS="490" VPOS="2068" WIDTH="20"/>
						<String ID="P386_ST00396" HPOS="510" VPOS="2041" WIDTH="33" HEIGHT="27" CONTENT="of" WC="0.94" CC="01"/>
						<SP ID="P386_SP00359" HPOS="543" VPOS="2068" WIDTH="16"/>
						<String ID="P386_ST00397" HPOS="559" VPOS="2042" WIDTH="50" HEIGHT="26" CONTENT="the" WC="0.76" CC="070"/>
						<SP ID="P386_SP00360" HPOS="609" VPOS="2068" WIDTH="20"/>
						<String ID="P386_ST00398" HPOS="629" VPOS="2043" WIDTH="113" HEIGHT="32" CONTENT="needle," WC="0.95" CC="0000003"/>
						<SP ID="P386_SP00361" HPOS="742" VPOS="2075" WIDTH="15"/>
						<String ID="P386_ST00399" HPOS="757" VPOS="2044" WIDTH="59" HEIGHT="25" CONTENT="and" WC="1.00" CC="000"/>
						<SP ID="P386_SP00362" HPOS="816" VPOS="2075" WIDTH="20"/>
						<String ID="P386_ST00400" HPOS="836" VPOS="2044" WIDTH="40" HEIGHT="35" CONTENT="by" WC="1.00" CC="00"/>
						<SP ID="P386_SP00363" HPOS="876" VPOS="2079" WIDTH="13"/>
						<String ID="P386_ST00401" HPOS="889" VPOS="2045" WIDTH="137" HEIGHT="35" CONTENT="working" WC="0.92" CC="0000500"/>
						<SP ID="P386_SP00364" HPOS="1026" VPOS="2080" WIDTH="20"/>
						<String ID="P386_ST00402" HPOS="1046" VPOS="2046" WIDTH="117" HEIGHT="27" CONTENT="curious" WC="0.91" CC="0400020"/>
						<SP ID="P386_SP00365" HPOS="1163" VPOS="2080" WIDTH="14"/>
						<String ID="P386_ST00403" HPOS="1177" VPOS="2046" WIDTH="118" HEIGHT="27" CONTENT="devices" WC="0.92" CC="0001003"/>
						<SP ID="P386_SP00366" HPOS="1295" VPOS="2080" WIDTH="22"/>
						<String ID="P386_ST00404" HPOS="1317" VPOS="2056" WIDTH="38" HEIGHT="17" CONTENT="on" WC="0.67" CC="06"/>
						<SP ID="P386_SP00367" HPOS="1355" VPOS="2080" WIDTH="22"/>
						<String ID="P386_ST00405" HPOS="1377" VPOS="2046" WIDTH="96" HEIGHT="27" CONTENT="chairs" WC="0.81" CC="070400"/>
						<SP ID="P386_SP00368" HPOS="1473" VPOS="2080" WIDTH="22"/>
						<String ID="P386_ST00406" HPOS="1495" VPOS="2055" WIDTH="33" HEIGHT="18" CONTENT="or" WC="1.00" CC="00"/>
					</TextLine>
					<TextLine ID="P386_TL00037" HPOS="373" VPOS="2090" WIDTH="1159" HEIGHT="40">
						<String ID="P386_ST00407" HPOS="373" VPOS="2095" WIDTH="125" HEIGHT="30" CONTENT="carpets," WC="0.90" CC="00000043"/>
						<SP ID="P386_SP00369" HPOS="498" VPOS="2125" WIDTH="16"/>
						<String ID="P386_ST00408" HPOS="514" VPOS="2090" WIDTH="52" HEIGHT="27" CONTENT="she" WC="0.75" CC="070"/>
						<SP ID="P386_SP00370" HPOS="566" VPOS="2125" WIDTH="13"/>
						<String ID="P386_ST00409" HPOS="579" VPOS="2090" WIDTH="30" HEIGHT="27" CONTENT="in" WC="0.56" CC="62"/>
						<SP ID="P386_SP00371" HPOS="609" VPOS="2125" WIDTH="15"/>
						<String ID="P386_ST00410" HPOS="624" VPOS="2100" WIDTH="56" HEIGHT="18" CONTENT="one" WC="0.95" CC="010"/>
						<SP ID="P386_SP00372" HPOS="680" VPOS="2125" WIDTH="14"/>
						<String ID="P386_ST00411" HPOS="694" VPOS="2101" WIDTH="66" HEIGHT="27" CONTENT="way" WC="0.90" CC="030"/>
						<SP ID="P386_SP00373" HPOS="760" VPOS="2128" WIDTH="14"/>
						<String ID="P386_ST00412" HPOS="774" VPOS="2096" WIDTH="30" HEIGHT="22" CONTENT="at" WC="0.88" CC="02"/>
						<SP ID="P386_SP00374" HPOS="804" VPOS="2128" WIDTH="13"/>
						<String ID="P386_ST00413" HPOS="817" VPOS="2093" WIDTH="76" HEIGHT="26" CONTENT="least" WC="0.98" CC="10000"/>
						<SP ID="P386_SP00375" HPOS="893" VPOS="2128" WIDTH="14"/>
						<String ID="P386_ST00414" HPOS="907" VPOS="2098" WIDTH="45" HEIGHT="22" CONTENT="set" WC="1.00" CC="000"/>
						<SP ID="P386_SP00376" HPOS="952" VPOS="2128" WIDTH="14"/>
						<String ID="P386_ST00415" HPOS="966" VPOS="2103" WIDTH="17" HEIGHT="17" CONTENT="a" WC="1.00" CC="0"/>
						<SP ID="P386_SP00377" HPOS="983" VPOS="2128" WIDTH="15"/>
						<String ID="P386_ST00416" HPOS="998" VPOS="2099" WIDTH="117" HEIGHT="30" CONTENT="pattern" WC="0.97" CC="0000001"/>
						<SP ID="P386_SP00378" HPOS="1115" VPOS="2129" WIDTH="15"/>
						<String ID="P386_ST00417" HPOS="1130" VPOS="2100" WIDTH="31" HEIGHT="22" CONTENT="to" WC="1.00" CC="00"/>
						<SP ID="P386_SP00379" HPOS="1161" VPOS="2129" WIDTH="14"/>
						<String ID="P386_ST00418" HPOS="1175" VPOS="2096" WIDTH="50" HEIGHT="26" CONTENT="the" WC="0.78" CC="060"/>
						<SP ID="P386_SP00380" HPOS="1225" VPOS="2129" WIDTH="14"/>
						<String ID="P386_ST00419" HPOS="1239" VPOS="2096" WIDTH="107" HEIGHT="26" CONTENT="female" WC="0.88" CC="000070"/>
						<SP ID="P386_SP00381" HPOS="1346" VPOS="2129" WIDTH="17"/>
						<String ID="P386_ST00420" HPOS="1363" VPOS="2096" WIDTH="118" HEIGHT="34" CONTENT="portion" WC="0.86" CC="0000305"/>
						<SP ID="P386_SP00382" HPOS="1481" VPOS="2130" WIDTH="19"/>
						<String ID="P386_ST00421" HPOS="1500" VPOS="2095" WIDTH="32" HEIGHT="26" CONTENT="of" WC="0.84" CC="03"/>
					</TextLine>
					<TextLine ID="P386_TL00038" HPOS="374" VPOS="2140" WIDTH="255" HEIGHT="35">
						<String ID="P386_ST00422" HPOS="374" VPOS="2141" WIDTH="51" HEIGHT="26" CONTENT="the" WC="0.84" CC="040"/>
						<SP ID="P386_SP00383" HPOS="425" VPOS="2167" WIDTH="14"/>
						<String ID="P386_ST00423" HPOS="439" VPOS="2140" WIDTH="190" HEIGHT="35" CONTENT="community." WC="0.98" CC="0000001000"/>
					</TextLine>
				</TextBlock>
			</PrintSpace>
		</Page>
	</Layout>
</alto>
