<?xml version="1.0" encoding="UTF-8"?>
<alto xmlns:xsi="http://www.w3.org/2001/XMLSchema-instance" xsi:noNamespaceSchemaLocation="http://www.bl.uk/schemas/alto/alto-1-4.xsd" xmlns:xlink="http://www.w3.org/1999/xlink">
	<Description>
		<MeasurementUnit>mm10</MeasurementUnit>
		<sourceImageInformation>
			<fileName>//head1/IN/2008-50/A0012346969.2/003699.jp2</fileName>
		</sourceImageInformation>
		<OCRProcessing ID="OCRPROCESSING_1">
			<preProcessingStep>
				<processingSoftware>
					<softwareCreator>CCS Content Conversion Specialists GmbH, Germany</softwareCreator>
					<softwareName>CCS docWORKS</softwareName>
					<softwareVersion>6.1-0.67</softwareVersion>
				</processingSoftware>
			</preProcessingStep>
			<ocrProcessingStep>
				<processingSoftware>
					<softwareCreator>ABBYY (BIT Software), Russia</softwareCreator>
					<softwareName>Finereader</softwareName>
				</processingSoftware>
			</ocrProcessingStep>
		</OCRProcessing>
	</Description>
	<Styles>
		<TextStyle ID="TXT_0" FONTSIZE="11" FONTFAMILY="Courier New"/>
		<TextStyle ID="TXT_1" FONTSIZE="11" FONTFAMILY="Fraktur"/>
		<TextStyle ID="TXT_2" FONTSIZE="9" FONTFAMILY="Courier New"/>
		<ParagraphStyle ID="PAR_LEFT" ALIGN="Left"/>
		<ParagraphStyle ID="PAR_RIGHT" ALIGN="Right"/>
		<ParagraphStyle ID="PAR_CENTER" ALIGN="Center"/>
	</Styles>
	<Layout>
		<Page ID="P55" PHYSICAL_IMG_NR="55" HEIGHT="2488" WIDTH="1692" PRINTED_IMG_NR="35" POSITION="Right" ACCURACY="87.23">
			<TopMargin ID="P55_TM00001" HPOS="0" VPOS="0" WIDTH="1691" HEIGHT="342">
				<TextBlock ID="P55_TB00001" HPOS="488" VPOS="285" WIDTH="517" HEIGHT="57" STYLEREFS="TXT_0 PAR_LEFT">
					<TextLine ID="P55_TL00001" HPOS="490" VPOS="286" WIDTH="515" HEIGHT="56">
						<String ID="P55_ST00001" HPOS="490" VPOS="286" WIDTH="159" HEIGHT="56" CONTENT="Henry" WC="0.86" CC="00700"/>
						<SP ID="P55_SP00001" HPOS="649" VPOS="342" WIDTH="32"/>
						<String ID="P55_ST00002" HPOS="681" VPOS="287" WIDTH="97" HEIGHT="42" CONTENT="and" WC="0.78" CC="060"/>
						<SP ID="P55_SP00002" HPOS="778" VPOS="342" WIDTH="24"/>
						<String ID="P55_ST00003" HPOS="802" VPOS="286" WIDTH="203" HEIGHT="43" CONTENT="Francis." WC="0.73" CC="20060703"/>
					</TextLine>
				</TextBlock>
				<TextBlock ID="P55_TB00002" HPOS="1280" VPOS="298" WIDTH="35" HEIGHT="29" STYLEREFS="TXT_1 PAR_RIGHT">
					<TextLine ID="P55_TL00002" HPOS="1280" VPOS="298" WIDTH="35" HEIGHT="29">
						<String ID="P55_ST00004" HPOS="1280" VPOS="298" WIDTH="35" HEIGHT="29" CONTENT="35" WC="1.00" CC="00"/>
					</TextLine>
				</TextBlock>
				<TextBlock ID="P55_TB00003" HPOS="181" VPOS="310" WIDTH="115" HEIGHT="21" STYLEREFS="TXT_2 PAR_LEFT">
					<TextLine ID="P55_TL00003" HPOS="181" VPOS="311" WIDTH="115" HEIGHT="20">
						<String ID="P55_ST00005" HPOS="181" VPOS="311" WIDTH="67" HEIGHT="20" CONTENT="Chap." WC="0.80" CC="00900"/>
						<SP ID="P55_SP00003" HPOS="248" VPOS="331" WIDTH="13"/>
						<String ID="P55_ST00006" HPOS="261" VPOS="312" WIDTH="35" HEIGHT="19" CONTENT="II.]" WC="0.92" CC="0003"/>
					</TextLine>
				</TextBlock>
			</TopMargin>
			<LeftMargin ID="P55_LM00001" HPOS="0" VPOS="329" WIDTH="180" HEIGHT="1876"/>
			<RightMargin ID="P55_RM00001" HPOS="1335" VPOS="329" WIDTH="356" HEIGHT="1876"/>
			<BottomMargin ID="P55_BM00001" HPOS="0" VPOS="2205" WIDTH="1691" HEIGHT="283"/>
			<PrintSpace ID="P55_PS00001" HPOS="180" VPOS="329" WIDTH="1155" HEIGHT="1876">
				<TextBlock ID="P55_TB00004" HPOS="180" VPOS="393" WIDTH="1147" HEIGHT="728" STYLEREFS="TXT_2 PAR_LEFT">
					<TextLine ID="P55_TL00004" HPOS="182" VPOS="394" WIDTH="1139" HEIGHT="40">
						<String ID="P55_ST00007" HPOS="182" VPOS="398" WIDTH="71" HEIGHT="27" CONTENT="with" WC="0.44" CC="9705"/>
						<SP ID="P55_SP00004" HPOS="253" VPOS="425" WIDTH="20"/>
						<String ID="P55_ST00008" HPOS="273" VPOS="399" WIDTH="187" HEIGHT="27" CONTENT="decorations" WC="0.86" CC="00000002029"/>
						<SP ID="P55_SP00005" HPOS="460" VPOS="426" WIDTH="21"/>
						<String ID="P55_ST00009" HPOS="481" VPOS="400" WIDTH="59" HEIGHT="26" CONTENT="and" WC="1.00" CC="000"/>
						<SP ID="P55_SP00006" HPOS="540" VPOS="426" WIDTH="22"/>
						<String ID="P55_ST00010" HPOS="562" VPOS="399" WIDTH="162" HEIGHT="35" CONTENT="properties" WC="0.99" CC="0000000100"/>
						<SP ID="P55_SP00007" HPOS="724" VPOS="434" WIDTH="19"/>
						<String ID="P55_ST00011" HPOS="743" VPOS="399" WIDTH="33" HEIGHT="26" CONTENT="of" WC="1.00" CC="00"/>
						<SP ID="P55_SP00008" HPOS="776" VPOS="434" WIDTH="18"/>
						<String ID="P55_ST00012" HPOS="794" VPOS="399" WIDTH="50" HEIGHT="26" CONTENT="the" WC="0.78" CC="060"/>
						<SP ID="P55_SP00009" HPOS="844" VPOS="434" WIDTH="22"/>
						<String ID="P55_ST00013" HPOS="866" VPOS="403" WIDTH="78" HEIGHT="22" CONTENT="most" WC="0.97" CC="0000"/>
						<SP ID="P55_SP00010" HPOS="944" VPOS="434" WIDTH="22"/>
						<String ID="P55_ST00014" HPOS="966" VPOS="397" WIDTH="93" HEIGHT="35" CONTENT="costly" WC="0.95" CC="000030"/>
						<SP ID="P55_SP00011" HPOS="1059" VPOS="434" WIDTH="17"/>
						<String ID="P55_ST00015" HPOS="1076" VPOS="397" WIDTH="157" HEIGHT="26" CONTENT="character." WC="0.83" CC="0704000050"/>
						<SP ID="P55_SP00012" HPOS="1233" VPOS="434" WIDTH="40"/>
						<String ID="P55_ST00016" HPOS="1273" VPOS="394" WIDTH="48" HEIGHT="26" CONTENT="He" WC="0.77" CC="40"/>
					</TextLine>
					<TextLine ID="P55_TL00005" HPOS="182" VPOS="446" WIDTH="1139" HEIGHT="38">
						<String ID="P55_ST00017" HPOS="182" VPOS="447" WIDTH="72" HEIGHT="35" CONTENT="kept" WC="1.00" CC="0000"/>
						<SP ID="P55_SP00013" HPOS="254" VPOS="482" WIDTH="16"/>
						<String ID="P55_ST00018" HPOS="270" VPOS="448" WIDTH="83" HEIGHT="36" CONTENT="eight" WC="0.88" CC="03020"/>
						<SP ID="P55_SP00014" HPOS="353" VPOS="484" WIDTH="19"/>
						<String ID="P55_ST00019" HPOS="372" VPOS="449" WIDTH="136" HEIGHT="26" CONTENT="hundred" WC="0.80" CC="6400200"/>
						<SP ID="P55_SP00015" HPOS="508" VPOS="484" WIDTH="19"/>
						<String ID="P55_ST00020" HPOS="527" VPOS="448" WIDTH="268" HEIGHT="35" CONTENT="supernumeraries" WC="0.97" CC="040000000000000"/>
						<SP ID="P55_SP00016" HPOS="795" VPOS="484" WIDTH="20"/>
						<String ID="P55_ST00021" HPOS="815" VPOS="448" WIDTH="111" HEIGHT="35" CONTENT="always" WC="0.99" CC="000000"/>
						<SP ID="P55_SP00017" HPOS="926" VPOS="484" WIDTH="18"/>
						<String ID="P55_ST00022" HPOS="944" VPOS="447" WIDTH="89" HEIGHT="27" CONTENT="about" WC="0.84" CC="70000"/>
						<SP ID="P55_SP00018" HPOS="1033" VPOS="484" WIDTH="17"/>
						<String ID="P55_ST00023" HPOS="1050" VPOS="446" WIDTH="61" HEIGHT="26" CONTENT="him" WC="0.80" CC="410"/>
						<SP ID="P55_SP00019" HPOS="1111" VPOS="484" WIDTH="21"/>
						<String ID="P55_ST00024" HPOS="1132" VPOS="453" WIDTH="33" HEIGHT="18" CONTENT="as" WC="1.00" CC="00"/>
						<SP ID="P55_SP00020" HPOS="1165" VPOS="484" WIDTH="14"/>
						<String ID="P55_ST00025" HPOS="1179" VPOS="447" WIDTH="142" HEIGHT="28" CONTENT="servants," WC="0.72" CC="005703602"/>
					</TextLine>
					<TextLine ID="P55_TL00006" HPOS="184" VPOS="491" WIDTH="1140" HEIGHT="39">
						<String ID="P55_ST00026" HPOS="184" VPOS="498" WIDTH="18" HEIGHT="12" CONTENT='"' WC="1.00" CC="0"/>
						<SP ID="P55_SP00021" HPOS="202" VPOS="510" WIDTH="11"/>
						<String ID="P55_ST00027" HPOS="213" VPOS="496" WIDTH="32" HEIGHT="26" CONTENT="of" WC="1.00" CC="00"/>
						<SP ID="P55_SP00022" HPOS="245" VPOS="522" WIDTH="18"/>
						<String ID="P55_ST00028" HPOS="263" VPOS="497" WIDTH="97" HEIGHT="26" CONTENT="whom" WC="0.88" CC="0400"/>
						<SP ID="P55_SP00023" HPOS="360" VPOS="523" WIDTH="24"/>
						<String ID="P55_ST00029" HPOS="384" VPOS="497" WIDTH="69" HEIGHT="27" CONTENT="nine" WC="0.71" CC="4301"/>
						<SP ID="P55_SP00024" HPOS="453" VPOS="524" WIDTH="24"/>
						<String ID="P55_ST00030" HPOS="477" VPOS="506" WIDTH="33" HEIGHT="18" CONTENT="or" WC="0.74" CC="05"/>
						<SP ID="P55_SP00025" HPOS="510" VPOS="524" WIDTH="22"/>
						<String ID="P55_ST00031" HPOS="532" VPOS="502" WIDTH="50" HEIGHT="22" CONTENT="ten" WC="1.00" CC="000"/>
						<SP ID="P55_SP00026" HPOS="582" VPOS="524" WIDTH="20"/>
						<String ID="P55_ST00032" HPOS="602" VPOS="506" WIDTH="76" HEIGHT="18" CONTENT="were" WC="0.97" CC="0010"/>
						<SP ID="P55_SP00027" HPOS="678" VPOS="524" WIDTH="23"/>
						<String ID="P55_ST00033" HPOS="701" VPOS="497" WIDTH="166" HEIGHT="33" CONTENT="noblemen," WC="0.83" CC="006340000"/>
						<SP ID="P55_SP00028" HPOS="867" VPOS="530" WIDTH="24"/>
						<String ID="P55_ST00034" HPOS="891" VPOS="497" WIDTH="99" HEIGHT="26" CONTENT="fifteen" WC="0.90" CC="1103000"/>
						<SP ID="P55_SP00029" HPOS="990" VPOS="530" WIDTH="20"/>
						<String ID="P55_ST00035" HPOS="1010" VPOS="495" WIDTH="132" HEIGHT="35" CONTENT="knights," WC="0.87" CC="00303003"/>
						<SP ID="P55_SP00030" HPOS="1142" VPOS="530" WIDTH="24"/>
						<String ID="P55_ST00036" HPOS="1166" VPOS="493" WIDTH="59" HEIGHT="26" CONTENT="and" WC="0.93" CC="020"/>
						<SP ID="P55_SP00031" HPOS="1225" VPOS="530" WIDTH="21"/>
						<String ID="P55_ST00037" HPOS="1246" VPOS="491" WIDTH="78" HEIGHT="35" CONTENT="forty" WC="0.89" CC="50000"/>
					</TextLine>
					<TextLine ID="P55_TL00007" HPOS="186" VPOS="543" WIDTH="1138" HEIGHT="38">
						<String ID="P55_ST00038" HPOS="186" VPOS="546" WIDTH="163" HEIGHT="33" CONTENT='esquires."' WC="0.80" CC="0005430006"/>
						<SP ID="P55_SP00032" HPOS="349" VPOS="579" WIDTH="13"/>
						<String ID="P55_ST00039" HPOS="362" VPOS="546" WIDTH="13" HEIGHT="14" CONTENT="*" WC="1.00" CC="0"/>
						<SP ID="P55_SP00033" HPOS="375" VPOS="579" WIDTH="39"/>
						<String ID="P55_ST00040" HPOS="414" VPOS="546" WIDTH="61" HEIGHT="27" CONTENT="Not" WC="0.96" CC="001"/>
						<SP ID="P55_SP00034" HPOS="475" VPOS="579" WIDTH="22"/>
						<String ID="P55_ST00041" HPOS="497" VPOS="547" WIDTH="157" HEIGHT="27" CONTENT="contented" WC="0.91" CC="006001000"/>
						<SP ID="P55_SP00035" HPOS="654" VPOS="579" WIDTH="14"/>
						<String ID="P55_ST00042" HPOS="668" VPOS="547" WIDTH="71" HEIGHT="27" CONTENT="with" WC="0.86" CC="0014"/>
						<SP ID="P55_SP00036" HPOS="739" VPOS="579" WIDTH="22"/>
						<String ID="P55_ST00043" HPOS="761" VPOS="555" WIDTH="38" HEIGHT="18" CONTENT="an" WC="1.00" CC="00"/>
						<SP ID="P55_SP00037" HPOS="799" VPOS="579" WIDTH="20"/>
						<String ID="P55_ST00044" HPOS="819" VPOS="546" WIDTH="138" HEIGHT="35" CONTENT="ordinary" WC="0.96" CC="03000000"/>
						<SP ID="P55_SP00038" HPOS="957" VPOS="581" WIDTH="18"/>
						<String ID="P55_ST00045" HPOS="975" VPOS="545" WIDTH="89" HEIGHT="31" CONTENT="chair," WC="0.71" CC="070603"/>
						<SP ID="P55_SP00039" HPOS="1064" VPOS="581" WIDTH="23"/>
						<String ID="P55_ST00046" HPOS="1087" VPOS="544" WIDTH="38" HEIGHT="25" CONTENT="he" WC="0.65" CC="70"/>
						<SP ID="P55_SP00040" HPOS="1125" VPOS="581" WIDTH="20"/>
						<String ID="P55_ST00047" HPOS="1145" VPOS="543" WIDTH="109" HEIGHT="34" CONTENT="always" WC="1.00" CC="000000"/>
						<SP ID="P55_SP00041" HPOS="1254" VPOS="581" WIDTH="24"/>
						<String ID="P55_ST00048" HPOS="1278" VPOS="544" WIDTH="46" HEIGHT="23" CONTENT="sat" WC="0.97" CC="000"/>
					</TextLine>
					<TextLine ID="P55_TL00008" HPOS="185" VPOS="591" WIDTH="1138" HEIGHT="40">
						<String ID="P55_ST00049" HPOS="185" VPOS="595" WIDTH="72" HEIGHT="26" CONTENT="with" WC="0.79" CC="0016"/>
						<SP ID="P55_SP00042" HPOS="257" VPOS="621" WIDTH="16"/>
						<String ID="P55_ST00050" HPOS="273" VPOS="604" WIDTH="18" HEIGHT="17" CONTENT="a" WC="1.00" CC="0"/>
						<SP ID="P55_SP00043" HPOS="291" VPOS="621" WIDTH="14"/>
						<String ID="P55_ST00051" HPOS="305" VPOS="604" WIDTH="116" HEIGHT="27" CONTENT="canopy" WC="1.00" CC="000000"/>
						<SP ID="P55_SP00044" HPOS="421" VPOS="631" WIDTH="14"/>
						<String ID="P55_ST00052" HPOS="435" VPOS="605" WIDTH="69" HEIGHT="18" CONTENT="over" WC="0.95" CC="0002"/>
						<SP ID="P55_SP00045" HPOS="504" VPOS="631" WIDTH="13"/>
						<String ID="P55_ST00053" HPOS="517" VPOS="596" WIDTH="46" HEIGHT="27" CONTENT="his" WC="0.69" CC="540"/>
						<SP ID="P55_SP00046" HPOS="563" VPOS="631" WIDTH="14"/>
						<String ID="P55_ST00054" HPOS="577" VPOS="596" WIDTH="85" HEIGHT="33" CONTENT="head," WC="0.86" CC="60000"/>
						<SP ID="P55_SP00047" HPOS="662" VPOS="631" WIDTH="16"/>
						<String ID="P55_ST00055" HPOS="678" VPOS="596" WIDTH="58" HEIGHT="26" CONTENT="and" WC="1.00" CC="000"/>
						<SP ID="P55_SP00048" HPOS="736" VPOS="631" WIDTH="10"/>
						<String ID="P55_ST00056" HPOS="746" VPOS="596" WIDTH="38" HEIGHT="26" CONTENT="he" WC="0.67" CC="60"/>
						<SP ID="P55_SP00049" HPOS="784" VPOS="631" WIDTH="14"/>
						<String ID="P55_ST00057" HPOS="798" VPOS="596" WIDTH="124" HEIGHT="27" CONTENT="allowed" WC="0.83" CC="0200900"/>
						<SP ID="P55_SP00050" HPOS="922" VPOS="631" WIDTH="13"/>
						<String ID="P55_ST00058" HPOS="935" VPOS="603" WIDTH="39" HEIGHT="18" CONTENT="no" WC="1.00" CC="00"/>
						<SP ID="P55_SP00051" HPOS="974" VPOS="631" WIDTH="14"/>
						<String ID="P55_ST00059" HPOS="988" VPOS="602" WIDTH="55" HEIGHT="19" CONTENT="one" WC="1.00" CC="000"/>
						<SP ID="P55_SP00052" HPOS="1043" VPOS="631" WIDTH="14"/>
						<String ID="P55_ST00060" HPOS="1057" VPOS="597" WIDTH="30" HEIGHT="22" CONTENT="to" WC="1.00" CC="00"/>
						<SP ID="P55_SP00053" HPOS="1087" VPOS="631" WIDTH="14"/>
						<String ID="P55_ST00061" HPOS="1101" VPOS="591" WIDTH="147" HEIGHT="36" CONTENT="approach" WC="0.88" CC="00020007"/>
						<SP ID="P55_SP00054" HPOS="1248" VPOS="631" WIDTH="14"/>
						<String ID="P55_ST00062" HPOS="1262" VPOS="591" WIDTH="61" HEIGHT="25" CONTENT="him" WC="0.75" CC="420"/>
					</TextLine>
					<TextLine ID="P55_TL00009" HPOS="186" VPOS="639" WIDTH="1139" HEIGHT="41">
						<String ID="P55_ST00063" HPOS="186" VPOS="649" WIDTH="106" HEIGHT="30" CONTENT="except" WC="0.85" CC="080000"/>
						<SP ID="P55_SP00055" HPOS="292" VPOS="679" WIDTH="16"/>
						<String ID="P55_ST00064" HPOS="308" VPOS="645" WIDTH="29" HEIGHT="26" CONTENT="in" WC="1.00" CC="00"/>
						<SP ID="P55_SP00056" HPOS="337" VPOS="679" WIDTH="16"/>
						<String ID="P55_ST00065" HPOS="353" VPOS="654" WIDTH="17" HEIGHT="17" CONTENT="a" WC="0.42" CC="5"/>
						<SP ID="P55_SP00057" HPOS="370" VPOS="679" WIDTH="12"/>
						<String ID="P55_ST00066" HPOS="382" VPOS="646" WIDTH="143" HEIGHT="34" CONTENT="kneeling" WC="0.90" CC="00005010"/>
						<SP ID="P55_SP00058" HPOS="525" VPOS="680" WIDTH="21"/>
						<String ID="P55_ST00067" HPOS="546" VPOS="646" WIDTH="133" HEIGHT="26" CONTENT="attitude." WC="0.89" CC="002204000"/>
						<SP ID="P55_SP00059" HPOS="679" VPOS="680" WIDTH="39"/>
						<String ID="P55_ST00068" HPOS="718" VPOS="646" WIDTH="59" HEIGHT="26" CONTENT="His" WC="0.80" CC="500"/>
						<SP ID="P55_SP00060" HPOS="777" VPOS="680" WIDTH="19"/>
						<String ID="P55_ST00069" HPOS="796" VPOS="646" WIDTH="82" HEIGHT="25" CONTENT="dress" WC="1.00" CC="00000"/>
						<SP ID="P55_SP00061" HPOS="878" VPOS="680" WIDTH="19"/>
						<String ID="P55_ST00070" HPOS="897" VPOS="643" WIDTH="136" HEIGHT="28" CONTENT="matched" WC="0.90" CC="0000600"/>
						<SP ID="P55_SP00062" HPOS="1033" VPOS="680" WIDTH="18"/>
						<String ID="P55_ST00071" HPOS="1051" VPOS="642" WIDTH="46" HEIGHT="26" CONTENT="his" WC="0.86" CC="400"/>
						<SP ID="P55_SP00063" HPOS="1097" VPOS="680" WIDTH="21"/>
						<String ID="P55_ST00072" HPOS="1118" VPOS="640" WIDTH="150" HEIGHT="32" CONTENT="furniture," WC="0.92" CC="2000010002"/>
						<SP ID="P55_SP00064" HPOS="1268" VPOS="680" WIDTH="13"/>
						<String ID="P55_ST00073" HPOS="1281" VPOS="639" WIDTH="44" HEIGHT="26" CONTENT="for" WC="0.79" CC="006"/>
					</TextLine>
					<TextLine ID="P55_TL00010" HPOS="185" VPOS="688" WIDTH="1140" HEIGHT="40">
						<String ID="P55_ST00074" HPOS="185" VPOS="694" WIDTH="38" HEIGHT="26" CONTENT="he" WC="0.80" CC="30"/>
						<SP ID="P55_SP00065" HPOS="223" VPOS="720" WIDTH="15"/>
						<String ID="P55_ST00075" HPOS="238" VPOS="703" WIDTH="77" HEIGHT="17" CONTENT="wore" WC="0.91" CC="0030"/>
						<SP ID="P55_SP00066" HPOS="315" VPOS="720" WIDTH="16"/>
						<String ID="P55_ST00076" HPOS="331" VPOS="703" WIDTH="16" HEIGHT="17" CONTENT="a" WC="1.00" CC="0"/>
						<SP ID="P55_SP00067" HPOS="347" VPOS="720" WIDTH="15"/>
						<String ID="P55_ST00077" HPOS="362" VPOS="695" WIDTH="127" HEIGHT="25" CONTENT="crimson" WC="0.92" CC="0200002"/>
						<SP ID="P55_SP00068" HPOS="489" VPOS="720" WIDTH="21"/>
						<String ID="P55_ST00078" HPOS="510" VPOS="695" WIDTH="78" HEIGHT="26" CONTENT="satin" WC="0.90" CC="20020"/>
						<SP ID="P55_SP00069" HPOS="588" VPOS="721" WIDTH="21"/>
						<String ID="P55_ST00079" HPOS="609" VPOS="699" WIDTH="121" HEIGHT="28" CONTENT="surtout," WC="0.76" CC="04020623"/>
						<SP ID="P55_SP00070" HPOS="730" VPOS="727" WIDTH="15"/>
						<String ID="P55_ST00080" HPOS="745" VPOS="695" WIDTH="71" HEIGHT="26" CONTENT="with" WC="0.78" CC="0107"/>
						<SP ID="P55_SP00071" HPOS="816" VPOS="727" WIDTH="13"/>
						<String ID="P55_ST00081" HPOS="829" VPOS="695" WIDTH="52" HEIGHT="25" CONTENT="hat" WC="0.83" CC="400"/>
						<SP ID="P55_SP00072" HPOS="881" VPOS="727" WIDTH="15"/>
						<String ID="P55_ST00082" HPOS="896" VPOS="694" WIDTH="58" HEIGHT="26" CONTENT="and" WC="1.00" CC="000"/>
						<SP ID="P55_SP00073" HPOS="954" VPOS="727" WIDTH="20"/>
						<String ID="P55_ST00083" HPOS="974" VPOS="694" WIDTH="102" HEIGHT="34" CONTENT="gloves" WC="0.82" CC="040600"/>
						<SP ID="P55_SP00074" HPOS="1076" VPOS="728" WIDTH="14"/>
						<String ID="P55_ST00084" HPOS="1090" VPOS="690" WIDTH="33" HEIGHT="28" CONTENT="of" WC="0.84" CC="03"/>
						<SP ID="P55_SP00075" HPOS="1123" VPOS="728" WIDTH="15"/>
						<String ID="P55_ST00085" HPOS="1138" VPOS="690" WIDTH="114" HEIGHT="32" CONTENT="scarlet," WC="0.95" CC="00000004"/>
						<SP ID="P55_SP00076" HPOS="1252" VPOS="728" WIDTH="15"/>
						<String ID="P55_ST00086" HPOS="1267" VPOS="688" WIDTH="58" HEIGHT="26" CONTENT="and" WC="0.95" CC="010"/>
					</TextLine>
					<TextLine ID="P55_TL00011" HPOS="185" VPOS="738" WIDTH="1140" HEIGHT="40">
						<String ID="P55_ST00087" HPOS="185" VPOS="751" WIDTH="74" HEIGHT="18" CONTENT="even" WC="0.79" CC="0800"/>
						<SP ID="P55_SP00077" HPOS="259" VPOS="769" WIDTH="13"/>
						<String ID="P55_ST00088" HPOS="272" VPOS="743" WIDTH="48" HEIGHT="26" CONTENT="his" WC="0.62" CC="640"/>
						<SP ID="P55_SP00078" HPOS="320" VPOS="769" WIDTH="13"/>
						<String ID="P55_ST00089" HPOS="333" VPOS="744" WIDTH="87" HEIGHT="26" CONTENT="shoes" WC="0.86" CC="06000"/>
						<SP ID="P55_SP00079" HPOS="420" VPOS="770" WIDTH="13"/>
						<String ID="P55_ST00090" HPOS="433" VPOS="752" WIDTH="76" HEIGHT="18" CONTENT="were" WC="1.00" CC="0000"/>
						<SP ID="P55_SP00080" HPOS="509" VPOS="770" WIDTH="22"/>
						<String ID="P55_ST00091" HPOS="531" VPOS="744" WIDTH="158" HEIGHT="34" CONTENT="silver-gilt" WC="0.91" CC="01000030030"/>
						<String ID="P55_ST00092" HPOS="690" VPOS="760" WIDTH="35" HEIGHT="2" CONTENT="—" WC="0.20" CC="8"/>
						<String ID="P55_ST00093" HPOS="727" VPOS="744" WIDTH="60" HEIGHT="25" CONTENT="like" WC="1.00" CC="0000"/>
						<SP ID="P55_SP00081" HPOS="787" VPOS="778" WIDTH="13"/>
						<String ID="P55_ST00094" HPOS="800" VPOS="752" WIDTH="18" HEIGHT="17" CONTENT="a" WC="1.00" CC="0"/>
						<SP ID="P55_SP00082" HPOS="818" VPOS="778" WIDTH="13"/>
						<String ID="P55_ST00095" HPOS="831" VPOS="743" WIDTH="66" HEIGHT="35" CONTENT="pair" WC="0.84" CC="0023"/>
						<SP ID="P55_SP00083" HPOS="897" VPOS="778" WIDTH="14"/>
						<String ID="P55_ST00096" HPOS="911" VPOS="742" WIDTH="32" HEIGHT="26" CONTENT="of" WC="0.97" CC="00"/>
						<SP ID="P55_SP00084" HPOS="943" VPOS="778" WIDTH="15"/>
						<String ID="P55_ST00097" HPOS="958" VPOS="740" WIDTH="199" HEIGHT="35" CONTENT="electrotyped" WC="0.96" CC="040000000000"/>
						<SP ID="P55_SP00085" HPOS="1157" VPOS="778" WIDTH="13"/>
						<String ID="P55_ST00098" HPOS="1170" VPOS="738" WIDTH="155" HEIGHT="35" CONTENT="highlows." WC="0.74" CC="540640001"/>
					</TextLine>
					<TextLine ID="P55_TL00012" HPOS="187" VPOS="786" WIDTH="1139" HEIGHT="41">
						<String ID="P55_ST00099" HPOS="187" VPOS="792" WIDTH="57" HEIGHT="26" CONTENT="His" WC="0.92" CC="200"/>
						<SP ID="P55_SP00086" HPOS="244" VPOS="818" WIDTH="14"/>
						<String ID="P55_ST00100" HPOS="258" VPOS="792" WIDTH="117" HEIGHT="26" CONTENT="liveries" WC="0.87" CC="26000100"/>
						<SP ID="P55_SP00087" HPOS="375" VPOS="818" WIDTH="14"/>
						<String ID="P55_ST00101" HPOS="389" VPOS="793" WIDTH="158" HEIGHT="34" CONTENT="surpassed" WC="1.00" CC="000000000"/>
						<SP ID="P55_SP00088" HPOS="547" VPOS="827" WIDTH="21"/>
						<String ID="P55_ST00102" HPOS="568" VPOS="801" WIDTH="73" HEIGHT="18" CONTENT="even" WC="1.00" CC="0000"/>
						<SP ID="P55_SP00089" HPOS="641" VPOS="827" WIDTH="15"/>
						<String ID="P55_ST00103" HPOS="656" VPOS="793" WIDTH="84" HEIGHT="26" CONTENT="those" WC="0.85" CC="05100"/>
						<SP ID="P55_SP00090" HPOS="740" VPOS="827" WIDTH="14"/>
						<String ID="P55_ST00104" HPOS="754" VPOS="792" WIDTH="33" HEIGHT="26" CONTENT="of" WC="0.95" CC="00"/>
						<SP ID="P55_SP00091" HPOS="787" VPOS="827" WIDTH="14"/>
						<String ID="P55_ST00105" HPOS="801" VPOS="793" WIDTH="51" HEIGHT="25" CONTENT="the" WC="0.78" CC="060"/>
						<SP ID="P55_SP00092" HPOS="852" VPOS="827" WIDTH="15"/>
						<String ID="P55_ST00106" HPOS="867" VPOS="791" WIDTH="121" HEIGHT="27" CONTENT="Sheriffs" WC="0.90" CC="05020000"/>
						<SP ID="P55_SP00093" HPOS="988" VPOS="827" WIDTH="14"/>
						<String ID="P55_ST00107" HPOS="1002" VPOS="789" WIDTH="33" HEIGHT="28" CONTENT="of" WC="0.85" CC="02"/>
						<SP ID="P55_SP00094" HPOS="1035" VPOS="827" WIDTH="14"/>
						<String ID="P55_ST00108" HPOS="1049" VPOS="789" WIDTH="122" HEIGHT="27" CONTENT="London" WC="0.93" CC="400000"/>
						<String ID="P55_ST00109" HPOS="1181" VPOS="798" WIDTH="6" HEIGHT="21" CONTENT=";" WC="1.00" CC="0"/>
						<SP ID="P55_SP00095" HPOS="1187" VPOS="827" WIDTH="22"/>
						<String ID="P55_ST00110" HPOS="1209" VPOS="787" WIDTH="58" HEIGHT="26" CONTENT="and" WC="0.91" CC="020"/>
						<SP ID="P55_SP00096" HPOS="1267" VPOS="827" WIDTH="13"/>
						<String ID="P55_ST00111" HPOS="1280" VPOS="786" WIDTH="46" HEIGHT="25" CONTENT="his" WC="0.72" CC="710"/>
					</TextLine>
					<TextLine ID="P55_TL00013" HPOS="187" VPOS="837" WIDTH="1140" HEIGHT="39">
						<String ID="P55_ST00112" HPOS="187" VPOS="841" WIDTH="75" HEIGHT="26" CONTENT="cook" WC="0.96" CC="0010"/>
						<SP ID="P55_SP00097" HPOS="262" VPOS="867" WIDTH="20"/>
						<String ID="P55_ST00113" HPOS="282" VPOS="841" WIDTH="159" HEIGHT="35" CONTENT="positively" WC="0.84" CC="0001850000"/>
						<SP ID="P55_SP00098" HPOS="441" VPOS="876" WIDTH="17"/>
						<String ID="P55_ST00114" HPOS="458" VPOS="850" WIDTH="78" HEIGHT="17" CONTENT="wore" WC="0.73" CC="9000"/>
						<SP ID="P55_SP00099" HPOS="536" VPOS="876" WIDTH="24"/>
						<String ID="P55_ST00115" HPOS="560" VPOS="841" WIDTH="77" HEIGHT="26" CONTENT="satin" WC="0.98" CC="00000"/>
						<SP ID="P55_SP00100" HPOS="637" VPOS="876" WIDTH="24"/>
						<String ID="P55_ST00116" HPOS="661" VPOS="850" WIDTH="32" HEIGHT="17" CONTENT="or" WC="0.82" CC="03"/>
						<SP ID="P55_SP00101" HPOS="693" VPOS="876" WIDTH="22"/>
						<String ID="P55_ST00117" HPOS="715" VPOS="841" WIDTH="105" HEIGHT="32" CONTENT="velvet," WC="0.89" CC="0030003"/>
						<SP ID="P55_SP00102" HPOS="820" VPOS="876" WIDTH="21"/>
						<String ID="P55_ST00118" HPOS="841" VPOS="849" WIDTH="33" HEIGHT="18" CONTENT="so" WC="1.00" CC="00"/>
						<SP ID="P55_SP00103" HPOS="874" VPOS="876" WIDTH="22"/>
						<String ID="P55_ST00119" HPOS="896" VPOS="840" WIDTH="65" HEIGHT="27" CONTENT="that" WC="0.81" CC="0700"/>
						<SP ID="P55_SP00104" HPOS="961" VPOS="876" WIDTH="19"/>
						<String ID="P55_ST00120" HPOS="980" VPOS="839" WIDTH="59" HEIGHT="27" CONTENT="this" WC="0.69" CC="0650"/>
						<SP ID="P55_SP00105" HPOS="1039" VPOS="876" WIDTH="22"/>
						<String ID="P55_ST00121" HPOS="1061" VPOS="837" WIDTH="186" HEIGHT="35" CONTENT="functionary" WC="0.96" CC="00000000040"/>
						<SP ID="P55_SP00106" HPOS="1247" VPOS="876" WIDTH="19"/>
						<String ID="P55_ST00122" HPOS="1266" VPOS="843" WIDTH="61" HEIGHT="18" CONTENT="was" WC="1.00" CC="000"/>
					</TextLine>
					<TextLine ID="P55_TL00014" HPOS="187" VPOS="883" WIDTH="1140" HEIGHT="43">
						<String ID="P55_ST00123" HPOS="187" VPOS="891" WIDTH="121" HEIGHT="25" CONTENT="dressed" WC="0.93" CC="0400000"/>
						<SP ID="P55_SP00107" HPOS="308" VPOS="916" WIDTH="14"/>
						<String ID="P55_ST00124" HPOS="322" VPOS="900" WIDTH="81" HEIGHT="16" CONTENT="more" WC="0.93" CC="0020"/>
						<SP ID="P55_SP00108" HPOS="403" VPOS="916" WIDTH="21"/>
						<String ID="P55_ST00125" HPOS="424" VPOS="890" WIDTH="127" HEIGHT="36" CONTENT="daintily" WC="0.83" CC="00400440"/>
						<SP ID="P55_SP00109" HPOS="551" VPOS="926" WIDTH="17"/>
						<String ID="P55_ST00126" HPOS="568" VPOS="891" WIDTH="60" HEIGHT="25" CONTENT="and" WC="1.00" CC="000"/>
						<SP ID="P55_SP00110" HPOS="628" VPOS="926" WIDTH="13"/>
						<String ID="P55_ST00127" HPOS="641" VPOS="890" WIDTH="157" HEIGHT="36" CONTENT="delicately" WC="0.93" CC="0002000040"/>
						<SP ID="P55_SP00111" HPOS="798" VPOS="926" WIDTH="18"/>
						<String ID="P55_ST00128" HPOS="816" VPOS="890" WIDTH="73" HEIGHT="26" CONTENT="than" WC="0.83" CC="0600"/>
						<SP ID="P55_SP00112" HPOS="889" VPOS="926" WIDTH="20"/>
						<String ID="P55_ST00129" HPOS="909" VPOS="890" WIDTH="51" HEIGHT="26" CONTENT="the" WC="0.76" CC="070"/>
						<SP ID="P55_SP00113" HPOS="960" VPOS="926" WIDTH="19"/>
						<String ID="P55_ST00130" HPOS="979" VPOS="892" WIDTH="76" HEIGHT="23" CONTENT="most" WC="1.00" CC="0000"/>
						<SP ID="P55_SP00114" HPOS="1055" VPOS="926" WIDTH="21"/>
						<String ID="P55_ST00131" HPOS="1076" VPOS="885" WIDTH="139" HEIGHT="28" CONTENT="recherche" WC="0.85" CC="005000600"/>
						<SP ID="P55_SP00115" HPOS="1215" VPOS="926" WIDTH="18"/>
						<String ID="P55_ST00132" HPOS="1233" VPOS="884" WIDTH="32" HEIGHT="27" CONTENT="of" WC="1.00" CC="00"/>
						<SP ID="P55_SP00116" HPOS="1265" VPOS="926" WIDTH="16"/>
						<String ID="P55_ST00133" HPOS="1281" VPOS="883" WIDTH="46" HEIGHT="27" CONTENT="his" WC="0.58" CC="650"/>
					</TextLine>
					<TextLine ID="P55_TL00015" HPOS="187" VPOS="934" WIDTH="1140" HEIGHT="40">
						<String ID="P55_ST00134" HPOS="187" VPOS="948" WIDTH="67" HEIGHT="18" CONTENT="own" WC="0.68" CC="090"/>
						<SP ID="P55_SP00117" HPOS="254" VPOS="966" WIDTH="26"/>
						<String ID="P55_ST00135" HPOS="280" VPOS="939" WIDTH="129" HEIGHT="27" CONTENT="dinners." WC="0.93" CC="03000200"/>
						<SP ID="P55_SP00118" HPOS="409" VPOS="966" WIDTH="40"/>
						<String ID="P55_ST00136" HPOS="449" VPOS="939" WIDTH="134" HEIGHT="35" CONTENT="Wolsey," WC="0.95" CC="0000003"/>
						<SP ID="P55_SP00119" HPOS="583" VPOS="974" WIDTH="26"/>
						<String ID="P55_ST00137" HPOS="609" VPOS="940" WIDTH="86" HEIGHT="26" CONTENT="when" WC="0.85" CC="0500"/>
						<SP ID="P55_SP00120" HPOS="695" VPOS="974" WIDTH="27"/>
						<String ID="P55_ST00138" HPOS="722" VPOS="939" WIDTH="37" HEIGHT="26" CONTENT="he" WC="0.70" CC="50"/>
						<SP ID="P55_SP00121" HPOS="759" VPOS="974" WIDTH="26"/>
						<String ID="P55_ST00139" HPOS="785" VPOS="938" WIDTH="148" HEIGHT="35" CONTENT="appeared" WC="1.00" CC="00000000"/>
						<SP ID="P55_SP00122" HPOS="933" VPOS="974" WIDTH="27"/>
						<String ID="P55_ST00140" HPOS="960" VPOS="938" WIDTH="30" HEIGHT="26" CONTENT="in" WC="0.88" CC="20"/>
						<SP ID="P55_SP00123" HPOS="990" VPOS="974" WIDTH="26"/>
						<String ID="P55_ST00141" HPOS="1016" VPOS="936" WIDTH="109" HEIGHT="36" CONTENT="public," WC="0.96" CC="0000300"/>
						<SP ID="P55_SP00124" HPOS="1125" VPOS="974" WIDTH="28"/>
						<String ID="P55_ST00142" HPOS="1153" VPOS="934" WIDTH="111" HEIGHT="27" CONTENT="carried" WC="0.92" CC="0030020"/>
						<SP ID="P55_SP00125" HPOS="1264" VPOS="974" WIDTH="26"/>
						<String ID="P55_ST00143" HPOS="1290" VPOS="942" WIDTH="37" HEIGHT="17" CONTENT="an" WC="0.53" CC="90"/>
					</TextLine>
					<TextLine ID="P55_TL00016" HPOS="187" VPOS="987" WIDTH="1140" HEIGHT="37">
						<String ID="P55_ST00144" HPOS="187" VPOS="997" WIDTH="121" HEIGHT="27" CONTENT="orange," WC="0.92" CC="0203000"/>
						<SP ID="P55_SP00126" HPOS="308" VPOS="1024" WIDTH="16"/>
						<String ID="P55_ST00145" HPOS="324" VPOS="988" WIDTH="106" HEIGHT="28" CONTENT="stuffed" WC="0.92" CC="0140000"/>
						<SP ID="P55_SP00127" HPOS="430" VPOS="1024" WIDTH="13"/>
						<String ID="P55_ST00146" HPOS="443" VPOS="988" WIDTH="72" HEIGHT="27" CONTENT="with" WC="0.71" CC="0506"/>
						<SP ID="P55_SP00128" HPOS="515" VPOS="1024" WIDTH="15"/>
						<String ID="P55_ST00147" HPOS="530" VPOS="993" WIDTH="105" HEIGHT="28" CONTENT="scents," WC="0.99" CC="0000000"/>
						<SP ID="P55_SP00129" HPOS="635" VPOS="1024" WIDTH="16"/>
						<String ID="P55_ST00148" HPOS="651" VPOS="988" WIDTH="30" HEIGHT="26" CONTENT="in" WC="0.63" CC="52"/>
						<SP ID="P55_SP00130" HPOS="681" VPOS="1024" WIDTH="14"/>
						<String ID="P55_ST00149" HPOS="695" VPOS="988" WIDTH="45" HEIGHT="26" CONTENT="his" WC="0.75" CC="510"/>
						<SP ID="P55_SP00131" HPOS="740" VPOS="1024" WIDTH="13"/>
						<String ID="P55_ST00150" HPOS="753" VPOS="988" WIDTH="80" HEIGHT="26" CONTENT="hand" WC="0.80" CC="4030"/>
						<String ID="P55_ST00151" HPOS="844" VPOS="999" WIDTH="6" HEIGHT="20" CONTENT=";" WC="0.51" CC="4"/>
						<SP ID="P55_SP00132" HPOS="850" VPOS="1024" WIDTH="21"/>
						<String ID="P55_ST00152" HPOS="871" VPOS="988" WIDTH="44" HEIGHT="26" CONTENT="for" WC="0.82" CC="005"/>
						<SP ID="P55_SP00133" HPOS="915" VPOS="1024" WIDTH="12"/>
						<String ID="P55_ST00153" HPOS="927" VPOS="988" WIDTH="38" HEIGHT="26" CONTENT="he" WC="0.70" CC="50"/>
						<SP ID="P55_SP00134" HPOS="965" VPOS="1024" WIDTH="13"/>
						<String ID="P55_ST00154" HPOS="978" VPOS="989" WIDTH="71" HEIGHT="26" CONTENT="used" WC="0.86" CC="5000"/>
						<SP ID="P55_SP00135" HPOS="1049" VPOS="1024" WIDTH="15"/>
						<String ID="P55_ST00155" HPOS="1064" VPOS="994" WIDTH="29" HEIGHT="22" CONTENT="to" WC="1.00" CC="00"/>
						<SP ID="P55_SP00136" HPOS="1093" VPOS="1024" WIDTH="15"/>
						<String ID="P55_ST00156" HPOS="1108" VPOS="998" WIDTH="53" HEIGHT="25" CONTENT="say" WC="1.00" CC="000"/>
						<SP ID="P55_SP00137" HPOS="1161" VPOS="1024" WIDTH="14"/>
						<String ID="P55_ST00157" HPOS="1175" VPOS="987" WIDTH="152" HEIGHT="34" CONTENT="affectedly" WC="0.93" CC="0000006000"/>
					</TextLine>
					<TextLine ID="P55_TL00017" HPOS="187" VPOS="1036" WIDTH="1140" HEIGHT="37">
						<String ID="P55_ST00158" HPOS="187" VPOS="1038" WIDTH="67" HEIGHT="26" CONTENT="that" WC="0.96" CC="0100"/>
						<SP ID="P55_SP00138" HPOS="254" VPOS="1064" WIDTH="19"/>
						<String ID="P55_ST00159" HPOS="273" VPOS="1038" WIDTH="82" HEIGHT="27" CONTENT="there" WC="0.78" CC="06040"/>
						<SP ID="P55_SP00139" HPOS="355" VPOS="1065" WIDTH="19"/>
						<String ID="P55_ST00160" HPOS="374" VPOS="1046" WIDTH="62" HEIGHT="18" CONTENT="was" WC="0.68" CC="900"/>
						<SP ID="P55_SP00140" HPOS="436" VPOS="1065" WIDTH="23"/>
						<String ID="P55_ST00161" HPOS="459" VPOS="1038" WIDTH="111" HEIGHT="34" CONTENT="always" WC="0.93" CC="040000"/>
						<SP ID="P55_SP00141" HPOS="570" VPOS="1072" WIDTH="23"/>
						<String ID="P55_ST00162" HPOS="593" VPOS="1046" WIDTH="38" HEIGHT="17" CONTENT="an" WC="0.95" CC="00"/>
						<SP ID="P55_SP00142" HPOS="631" VPOS="1072" WIDTH="21"/>
						<String ID="P55_ST00163" HPOS="652" VPOS="1038" WIDTH="171" HEIGHT="26" CONTENT="exhalation" WC="0.84" CC="0040600004"/>
						<SP ID="P55_SP00143" HPOS="823" VPOS="1072" WIDTH="21"/>
						<String ID="P55_ST00164" HPOS="844" VPOS="1037" WIDTH="74" HEIGHT="27" CONTENT="from" WC="0.93" CC="0200"/>
						<SP ID="P55_SP00144" HPOS="918" VPOS="1072" WIDTH="24"/>
						<String ID="P55_ST00165" HPOS="942" VPOS="1046" WIDTH="18" HEIGHT="18" CONTENT="a" WC="1.00" CC="0"/>
						<SP ID="P55_SP00145" HPOS="960" VPOS="1072" WIDTH="22"/>
						<String ID="P55_ST00166" HPOS="982" VPOS="1038" WIDTH="105" HEIGHT="35" CONTENT="vulgar" WC="0.88" CC="042000"/>
						<SP ID="P55_SP00146" HPOS="1087" VPOS="1073" WIDTH="20"/>
						<String ID="P55_ST00167" HPOS="1107" VPOS="1038" WIDTH="105" HEIGHT="31" CONTENT="crowd," WC="0.93" CC="001003"/>
						<SP ID="P55_SP00147" HPOS="1212" VPOS="1073" WIDTH="21"/>
						<String ID="P55_ST00168" HPOS="1233" VPOS="1036" WIDTH="94" HEIGHT="27" CONTENT="which" WC="0.70" CC="06106"/>
					</TextLine>
					<TextLine ID="P55_TL00018" HPOS="188" VPOS="1087" WIDTH="368" HEIGHT="34">
						<String ID="P55_ST00169" HPOS="188" VPOS="1096" WIDTH="77" HEIGHT="25" CONTENT="gave" WC="1.00" CC="0000"/>
						<SP ID="P55_SP00148" HPOS="265" VPOS="1121" WIDTH="13"/>
						<String ID="P55_ST00170" HPOS="278" VPOS="1087" WIDTH="62" HEIGHT="27" CONTENT="him" WC="0.60" CC="631"/>
						<SP ID="P55_SP00149" HPOS="340" VPOS="1121" WIDTH="14"/>
						<String ID="P55_ST00171" HPOS="354" VPOS="1088" WIDTH="51" HEIGHT="26" CONTENT="the" WC="0.76" CC="070"/>
						<SP ID="P55_SP00150" HPOS="405" VPOS="1121" WIDTH="13"/>
						<String ID="P55_ST00172" HPOS="418" VPOS="1096" WIDTH="138" HEIGHT="25" CONTENT="vapours." WC="0.82" CC="40900000"/>
					</TextLine>
				</TextBlock>
				<TextBlock ID="P55_TB00005" HPOS="187" VPOS="1158" WIDTH="1144" HEIGHT="521" STYLEREFS="TXT_2 PAR_LEFT">
					<TextLine ID="P55_TL00019" HPOS="244" VPOS="1159" WIDTH="1086" HEIGHT="37">
						<String ID="P55_ST00173" HPOS="244" VPOS="1162" WIDTH="63" HEIGHT="25" CONTENT="The" WC="0.74" CC="060"/>
						<SP ID="P55_SP00151" HPOS="307" VPOS="1187" WIDTH="20"/>
						<String ID="P55_ST00174" HPOS="327" VPOS="1161" WIDTH="207" HEIGHT="35" CONTENT="preparations" WC="0.97" CC="020000000000"/>
						<SP ID="P55_SP00152" HPOS="534" VPOS="1196" WIDTH="16"/>
						<String ID="P55_ST00175" HPOS="550" VPOS="1160" WIDTH="45" HEIGHT="27" CONTENT="for" WC="0.86" CC="004"/>
						<SP ID="P55_SP00153" HPOS="595" VPOS="1196" WIDTH="19"/>
						<String ID="P55_ST00176" HPOS="614" VPOS="1160" WIDTH="50" HEIGHT="27" CONTENT="the" WC="0.78" CC="060"/>
						<SP ID="P55_SP00154" HPOS="664" VPOS="1196" WIDTH="20"/>
						<String ID="P55_ST00177" HPOS="684" VPOS="1160" WIDTH="152" HEIGHT="27" CONTENT="interview" WC="0.86" CC="305000300"/>
						<SP ID="P55_SP00155" HPOS="836" VPOS="1196" WIDTH="19"/>
						<String ID="P55_ST00178" HPOS="855" VPOS="1161" WIDTH="133" HEIGHT="26" CONTENT="between" WC="0.99" CC="0000000"/>
						<SP ID="P55_SP00156" HPOS="988" VPOS="1196" WIDTH="19"/>
						<String ID="P55_ST00179" HPOS="1007" VPOS="1160" WIDTH="121" HEIGHT="27" CONTENT="Francis" WC="0.92" CC="2000020"/>
						<SP ID="P55_SP00157" HPOS="1128" VPOS="1196" WIDTH="19"/>
						<String ID="P55_ST00180" HPOS="1147" VPOS="1160" WIDTH="58" HEIGHT="26" CONTENT="and" WC="1.00" CC="000"/>
						<SP ID="P55_SP00158" HPOS="1205" VPOS="1196" WIDTH="20"/>
						<String ID="P55_ST00181" HPOS="1225" VPOS="1159" WIDTH="105" HEIGHT="33" CONTENT="Elenry" WC="0.73" CC="700106"/>
					</TextLine>
					<TextLine ID="P55_TL00020" HPOS="187" VPOS="1208" WIDTH="1142" HEIGHT="36">
						<String ID="P55_ST00182" HPOS="187" VPOS="1210" WIDTH="115" HEIGHT="34" CONTENT="having" WC="0.73" CC="709000"/>
						<SP ID="P55_SP00159" HPOS="302" VPOS="1244" WIDTH="12"/>
						<String ID="P55_ST00183" HPOS="314" VPOS="1210" WIDTH="77" HEIGHT="26" CONTENT="been" WC="0.93" CC="0002"/>
						<SP ID="P55_SP00160" HPOS="391" VPOS="1244" WIDTH="11"/>
						<String ID="P55_ST00184" HPOS="402" VPOS="1209" WIDTH="145" HEIGHT="26" CONTENT="intrusted" WC="0.86" CC="102170000"/>
						<SP ID="P55_SP00161" HPOS="547" VPOS="1244" WIDTH="14"/>
						<String ID="P55_ST00185" HPOS="561" VPOS="1214" WIDTH="29" HEIGHT="21" CONTENT="to" WC="1.00" CC="00"/>
						<SP ID="P55_SP00162" HPOS="590" VPOS="1244" WIDTH="16"/>
						<String ID="P55_ST00186" HPOS="606" VPOS="1209" WIDTH="71" HEIGHT="26" CONTENT="such" WC="0.68" CC="0606"/>
						<SP ID="P55_SP00163" HPOS="677" VPOS="1244" WIDTH="18"/>
						<String ID="P55_ST00187" HPOS="695" VPOS="1217" WIDTH="17" HEIGHT="18" CONTENT="a" WC="1.00" CC="0"/>
						<SP ID="P55_SP00164" HPOS="712" VPOS="1244" WIDTH="15"/>
						<String ID="P55_ST00188" HPOS="727" VPOS="1214" WIDTH="109" HEIGHT="22" CONTENT="master" WC="0.83" CC="060003"/>
						<SP ID="P55_SP00165" HPOS="836" VPOS="1244" WIDTH="14"/>
						<String ID="P55_ST00189" HPOS="850" VPOS="1209" WIDTH="33" HEIGHT="26" CONTENT="of" WC="0.96" CC="00"/>
						<SP ID="P55_SP00166" HPOS="883" VPOS="1244" WIDTH="12"/>
						<String ID="P55_ST00190" HPOS="895" VPOS="1210" WIDTH="40" HEIGHT="26" CONTENT="all" WC="0.89" CC="030"/>
						<SP ID="P55_SP00167" HPOS="935" VPOS="1244" WIDTH="14"/>
						<String ID="P55_ST00191" HPOS="949" VPOS="1209" WIDTH="179" HEIGHT="27" CONTENT="ceremonies" WC="0.97" CC="0000003000"/>
						<SP ID="P55_SP00168" HPOS="1128" VPOS="1244" WIDTH="15"/>
						<String ID="P55_ST00192" HPOS="1143" VPOS="1218" WIDTH="33" HEIGHT="17" CONTENT="as" WC="1.00" CC="00"/>
						<SP ID="P55_SP00169" HPOS="1176" VPOS="1244" WIDTH="14"/>
						<String ID="P55_ST00193" HPOS="1190" VPOS="1208" WIDTH="139" HEIGHT="27" CONTENT="Cardinal" WC="0.82" CC="00106032"/>
					</TextLine>
					<TextLine ID="P55_TL00021" HPOS="189" VPOS="1257" WIDTH="1140" HEIGHT="37">
						<String ID="P55_ST00194" HPOS="189" VPOS="1259" WIDTH="133" HEIGHT="35" CONTENT="Wolsey," WC="0.95" CC="0000003"/>
						<SP ID="P55_SP00170" HPOS="322" VPOS="1294" WIDTH="28"/>
						<String ID="P55_ST00195" HPOS="350" VPOS="1259" WIDTH="87" HEIGHT="26" CONTENT="could" WC="0.90" CC="00400"/>
						<SP ID="P55_SP00171" HPOS="437" VPOS="1294" WIDTH="27"/>
						<String ID="P55_ST00196" HPOS="464" VPOS="1262" WIDTH="51" HEIGHT="22" CONTENT="not" WC="1.00" CC="000"/>
						<SP ID="P55_SP00172" HPOS="515" VPOS="1294" WIDTH="26"/>
						<String ID="P55_ST00197" HPOS="541" VPOS="1258" WIDTH="52" HEIGHT="26" CONTENT="fail" WC="0.89" CC="0031"/>
						<SP ID="P55_SP00173" HPOS="593" VPOS="1294" WIDTH="23"/>
						<String ID="P55_ST00198" HPOS="616" VPOS="1262" WIDTH="30" HEIGHT="22" CONTENT="to" WC="0.71" CC="50"/>
						<SP ID="P55_SP00174" HPOS="646" VPOS="1294" WIDTH="24"/>
						<String ID="P55_ST00199" HPOS="670" VPOS="1259" WIDTH="36" HEIGHT="25" CONTENT="be" WC="1.00" CC="00"/>
						<SP ID="P55_SP00175" HPOS="706" VPOS="1294" WIDTH="23"/>
						<String ID="P55_ST00200" HPOS="729" VPOS="1259" WIDTH="88" HEIGHT="25" CONTENT="made" WC="0.83" CC="6000"/>
						<SP ID="P55_SP00176" HPOS="817" VPOS="1294" WIDTH="21"/>
						<String ID="P55_ST00201" HPOS="838" VPOS="1267" WIDTH="37" HEIGHT="17" CONTENT="on" WC="0.93" CC="01"/>
						<SP ID="P55_SP00177" HPOS="875" VPOS="1294" WIDTH="23"/>
						<String ID="P55_ST00202" HPOS="898" VPOS="1267" WIDTH="17" HEIGHT="18" CONTENT="a" WC="1.00" CC="0"/>
						<SP ID="P55_SP00178" HPOS="915" VPOS="1294" WIDTH="23"/>
						<String ID="P55_ST00203" HPOS="938" VPOS="1259" WIDTH="78" HEIGHT="26" CONTENT="scale" WC="1.00" CC="00000"/>
						<SP ID="P55_SP00179" HPOS="1016" VPOS="1294" WIDTH="23"/>
						<String ID="P55_ST00204" HPOS="1039" VPOS="1259" WIDTH="33" HEIGHT="26" CONTENT="of" WC="1.00" CC="00"/>
						<SP ID="P55_SP00180" HPOS="1072" VPOS="1294" WIDTH="21"/>
						<String ID="P55_ST00205" HPOS="1093" VPOS="1257" WIDTH="236" HEIGHT="35" CONTENT="unprecedented" WC="0.93" CC="5000000003000"/>
					</TextLine>
					<TextLine ID="P55_TL00022" HPOS="189" VPOS="1307" WIDTH="1141" HEIGHT="38">
						<String ID="P55_ST00206" HPOS="189" VPOS="1310" WIDTH="150" HEIGHT="35" CONTENT="grandeur" WC="0.95" CC="02000001"/>
						<String ID="P55_ST00207" HPOS="349" VPOS="1319" WIDTH="5" HEIGHT="20" CONTENT=";" WC="0.92" CC="0"/>
						<SP ID="P55_SP00181" HPOS="354" VPOS="1345" WIDTH="22"/>
						<String ID="P55_ST00208" HPOS="376" VPOS="1309" WIDTH="60" HEIGHT="26" CONTENT="and" WC="0.72" CC="800"/>
						<SP ID="P55_SP00182" HPOS="436" VPOS="1345" WIDTH="14"/>
						<String ID="P55_ST00209" HPOS="450" VPOS="1308" WIDTH="49" HEIGHT="27" CONTENT="the" WC="0.58" CC="570"/>
						<SP ID="P55_SP00183" HPOS="499" VPOS="1345" WIDTH="21"/>
						<String ID="P55_ST00210" HPOS="520" VPOS="1308" WIDTH="85" HEIGHT="34" CONTENT="place" WC="0.94" CC="03000"/>
						<SP ID="P55_SP00184" HPOS="605" VPOS="1345" WIDTH="13"/>
						<String ID="P55_ST00211" HPOS="618" VPOS="1308" WIDTH="98" HEIGHT="27" CONTENT="where" WC="0.84" CC="05020"/>
						<SP ID="P55_SP00185" HPOS="716" VPOS="1345" WIDTH="16"/>
						<String ID="P55_ST00212" HPOS="732" VPOS="1308" WIDTH="51" HEIGHT="26" CONTENT="the" WC="0.79" CC="060"/>
						<SP ID="P55_SP00186" HPOS="783" VPOS="1345" WIDTH="13"/>
						<String ID="P55_ST00213" HPOS="796" VPOS="1313" WIDTH="58" HEIGHT="22" CONTENT="two" WC="1.00" CC="000"/>
						<SP ID="P55_SP00187" HPOS="854" VPOS="1345" WIDTH="19"/>
						<String ID="P55_ST00214" HPOS="873" VPOS="1309" WIDTH="156" HEIGHT="26" CONTENT="monarchs" WC="0.93" CC="02000020"/>
						<SP ID="P55_SP00188" HPOS="1029" VPOS="1345" WIDTH="14"/>
						<String ID="P55_ST00215" HPOS="1043" VPOS="1313" WIDTH="60" HEIGHT="22" CONTENT="met" WC="1.00" CC="000"/>
						<SP ID="P55_SP00189" HPOS="1103" VPOS="1345" WIDTH="19"/>
						<String ID="P55_ST00216" HPOS="1122" VPOS="1308" WIDTH="138" HEIGHT="34" CONTENT="acquired" WC="0.91" CC="00040100"/>
						<SP ID="P55_SP00190" HPOS="1260" VPOS="1345" WIDTH="20"/>
						<String ID="P55_ST00217" HPOS="1280" VPOS="1307" WIDTH="50" HEIGHT="25" CONTENT="the" WC="0.78" CC="060"/>
					</TextLine>
					<TextLine ID="P55_TL00023" HPOS="190" VPOS="1357" WIDTH="1140" HEIGHT="34">
						<String ID="P55_ST00218" HPOS="190" VPOS="1367" WIDTH="88" HEIGHT="18" CONTENT="name" WC="1.00" CC="0000"/>
						<SP ID="P55_SP00191" HPOS="278" VPOS="1385" WIDTH="20"/>
						<String ID="P55_ST00219" HPOS="298" VPOS="1358" WIDTH="33" HEIGHT="26" CONTENT="of" WC="0.99" CC="00"/>
						<SP ID="P55_SP00192" HPOS="331" VPOS="1385" WIDTH="18"/>
						<String ID="P55_ST00220" HPOS="349" VPOS="1358" WIDTH="51" HEIGHT="26" CONTENT="the" WC="0.84" CC="040"/>
						<SP ID="P55_SP00193" HPOS="400" VPOS="1385" WIDTH="20"/>
						<String ID="P55_ST00221" HPOS="420" VPOS="1358" WIDTH="110" HEIGHT="25" CONTENT='"Field' WC="0.77" CC="453000"/>
						<SP ID="P55_SP00194" HPOS="530" VPOS="1385" WIDTH="21"/>
						<String ID="P55_ST00222" HPOS="551" VPOS="1357" WIDTH="33" HEIGHT="26" CONTENT="of" WC="1.00" CC="00"/>
						<SP ID="P55_SP00195" HPOS="584" VPOS="1385" WIDTH="15"/>
						<String ID="P55_ST00223" HPOS="599" VPOS="1358" WIDTH="49" HEIGHT="25" CONTENT="the" WC="0.89" CC="030"/>
						<SP ID="P55_SP00196" HPOS="648" VPOS="1385" WIDTH="21"/>
						<String ID="P55_ST00224" HPOS="669" VPOS="1357" WIDTH="87" HEIGHT="27" CONTENT="Cloth" WC="0.88" CC="00006"/>
						<SP ID="P55_SP00197" HPOS="756" VPOS="1385" WIDTH="20"/>
						<String ID="P55_ST00225" HPOS="776" VPOS="1357" WIDTH="33" HEIGHT="27" CONTENT="of" WC="1.00" CC="00"/>
						<SP ID="P55_SP00198" HPOS="809" VPOS="1385" WIDTH="16"/>
						<String ID="P55_ST00226" HPOS="825" VPOS="1358" WIDTH="103" HEIGHT="32" CONTENT='Gold,"' WC="0.79" CC="700022"/>
						<SP ID="P55_SP00199" HPOS="928" VPOS="1390" WIDTH="21"/>
						<String ID="P55_ST00227" HPOS="949" VPOS="1358" WIDTH="74" HEIGHT="27" CONTENT="from" WC="1.00" CC="0000"/>
						<SP ID="P55_SP00200" HPOS="1023" VPOS="1390" WIDTH="20"/>
						<String ID="P55_ST00228" HPOS="1043" VPOS="1358" WIDTH="50" HEIGHT="26" CONTENT="the" WC="0.82" CC="050"/>
						<SP ID="P55_SP00201" HPOS="1093" VPOS="1390" WIDTH="20"/>
						<String ID="P55_ST00229" HPOS="1113" VPOS="1361" WIDTH="129" HEIGHT="23" CONTENT="extreme" WC="1.00" CC="0000000"/>
						<SP ID="P55_SP00202" HPOS="1242" VPOS="1390" WIDTH="23"/>
						<String ID="P55_ST00230" HPOS="1265" VPOS="1364" WIDTH="65" HEIGHT="27" CONTENT="gor" SUBS_TYPE="HypPart1" SUBS_CONTENT="gorgeousness" WC="1.00" CC="0000"/>
						<HYP CONTENT="-"/>
					</TextLine>
					<TextLine ID="P55_TL00024" HPOS="190" VPOS="1406" WIDTH="1137" HEIGHT="37">
						<String ID="P55_ST00231" HPOS="190" VPOS="1416" WIDTH="163" HEIGHT="27" CONTENT="geousness" SUBS_TYPE="HypPart2" SUBS_CONTENT="gorgeousness" WC="0.91" CC="000403000"/>
						<SP ID="P55_SP00203" HPOS="353" VPOS="1443" WIDTH="24"/>
						<String ID="P55_ST00232" HPOS="377" VPOS="1406" WIDTH="33" HEIGHT="27" CONTENT="of" WC="1.00" CC="00"/>
						<SP ID="P55_SP00204" HPOS="410" VPOS="1443" WIDTH="20"/>
						<String ID="P55_ST00233" HPOS="430" VPOS="1407" WIDTH="51" HEIGHT="25" CONTENT="the" WC="0.63" CC="640"/>
						<SP ID="P55_SP00205" HPOS="481" VPOS="1443" WIDTH="23"/>
						<String ID="P55_ST00234" HPOS="504" VPOS="1414" WIDTH="86" HEIGHT="18" CONTENT="scene" WC="1.00" CC="00000"/>
						<SP ID="P55_SP00206" HPOS="590" VPOS="1443" WIDTH="28"/>
						<String ID="P55_ST00235" HPOS="618" VPOS="1406" WIDTH="29" HEIGHT="25" CONTENT="in" WC="0.73" CC="05"/>
						<SP ID="P55_SP00207" HPOS="647" VPOS="1443" WIDTH="23"/>
						<String ID="P55_ST00236" HPOS="670" VPOS="1406" WIDTH="96" HEIGHT="27" CONTENT="which" WC="0.61" CC="07506"/>
						<SP ID="P55_SP00208" HPOS="766" VPOS="1443" WIDTH="26"/>
						<String ID="P55_ST00237" HPOS="792" VPOS="1408" WIDTH="70" HEIGHT="33" CONTENT="they" WC="1.00" CC="0000"/>
						<SP ID="P55_SP00209" HPOS="862" VPOS="1443" WIDTH="23"/>
						<String ID="P55_ST00238" HPOS="885" VPOS="1408" WIDTH="94" HEIGHT="25" CONTENT="acted." WC="1.00" CC="000000"/>
						<SP ID="P55_SP00210" HPOS="979" VPOS="1443" WIDTH="39"/>
						<String ID="P55_ST00239" HPOS="1018" VPOS="1407" WIDTH="63" HEIGHT="26" CONTENT="The" WC="0.85" CC="040"/>
						<SP ID="P55_SP00211" HPOS="1081" VPOS="1443" WIDTH="23"/>
						<String ID="P55_ST00240" HPOS="1104" VPOS="1409" WIDTH="223" HEIGHT="32" CONTENT="arrangements" WC="0.83" CC="751040010000"/>
					</TextLine>
					<TextLine ID="P55_TL00025" HPOS="189" VPOS="1453" WIDTH="1142" HEIGHT="38">
						<String ID="P55_ST00241" HPOS="189" VPOS="1465" WIDTH="78" HEIGHT="19" CONTENT="were" WC="0.71" CC="9010"/>
						<SP ID="P55_SP00212" HPOS="267" VPOS="1484" WIDTH="18"/>
						<String ID="P55_ST00242" HPOS="285" VPOS="1456" WIDTH="103" HEIGHT="35" CONTENT="nearly" WC="1.00" CC="000000"/>
						<SP ID="P55_SP00213" HPOS="388" VPOS="1491" WIDTH="20"/>
						<String ID="P55_ST00243" HPOS="408" VPOS="1455" WIDTH="175" HEIGHT="34" CONTENT="completed," WC="0.93" CC="0000002002"/>
						<SP ID="P55_SP00214" HPOS="583" VPOS="1491" WIDTH="15"/>
						<String ID="P55_ST00244" HPOS="598" VPOS="1455" WIDTH="59" HEIGHT="25" CONTENT="and" WC="1.00" CC="000"/>
						<SP ID="P55_SP00215" HPOS="657" VPOS="1491" WIDTH="17"/>
						<String ID="P55_ST00245" HPOS="674" VPOS="1455" WIDTH="104" HEIGHT="36" CONTENT="Henry" WC="0.92" CC="30000"/>
						<SP ID="P55_SP00216" HPOS="778" VPOS="1491" WIDTH="18"/>
						<String ID="P55_ST00246" HPOS="796" VPOS="1456" WIDTH="60" HEIGHT="25" CONTENT="had" WC="0.65" CC="550"/>
						<SP ID="P55_SP00217" HPOS="856" VPOS="1491" WIDTH="17"/>
						<String ID="P55_ST00247" HPOS="873" VPOS="1455" WIDTH="138" HEIGHT="26" CONTENT="removed" WC="0.97" CC="0000000"/>
						<SP ID="P55_SP00218" HPOS="1011" VPOS="1491" WIDTH="19"/>
						<String ID="P55_ST00248" HPOS="1030" VPOS="1459" WIDTH="30" HEIGHT="22" CONTENT="to" WC="1.00" CC="00"/>
						<SP ID="P55_SP00219" HPOS="1060" VPOS="1491" WIDTH="19"/>
						<String ID="P55_ST00249" HPOS="1079" VPOS="1454" WIDTH="193" HEIGHT="34" CONTENT="Canterbury," WC="0.89" CC="00440102000"/>
						<SP ID="P55_SP00220" HPOS="1272" VPOS="1491" WIDTH="15"/>
						<String ID="P55_ST00250" HPOS="1287" VPOS="1453" WIDTH="44" HEIGHT="26" CONTENT="for" WC="0.69" CC="404"/>
					</TextLine>
					<TextLine ID="P55_TL00026" HPOS="190" VPOS="1502" WIDTH="1141" HEIGHT="37">
						<String ID="P55_ST00251" HPOS="190" VPOS="1507" WIDTH="51" HEIGHT="25" CONTENT="the" WC="0.78" CC="060"/>
						<SP ID="P55_SP00221" HPOS="241" VPOS="1532" WIDTH="20"/>
						<String ID="P55_ST00252" HPOS="261" VPOS="1505" WIDTH="199" HEIGHT="26" CONTENT="convenience" WC="1.00" CC="00000000000"/>
						<SP ID="P55_SP00222" HPOS="460" VPOS="1532" WIDTH="18"/>
						<String ID="P55_ST00253" HPOS="478" VPOS="1503" WIDTH="33" HEIGHT="27" CONTENT="of" WC="0.90" CC="20"/>
						<SP ID="P55_SP00223" HPOS="511" VPOS="1532" WIDTH="13"/>
						<String ID="P55_ST00254" HPOS="524" VPOS="1504" WIDTH="50" HEIGHT="26" CONTENT="the" WC="1.00" CC="000"/>
						<SP ID="P55_SP00224" HPOS="574" VPOS="1532" WIDTH="16"/>
						<String ID="P55_ST00255" HPOS="590" VPOS="1504" WIDTH="126" HEIGHT="35" CONTENT="journey" WC="0.96" CC="0030000"/>
						<SP ID="P55_SP00225" HPOS="716" VPOS="1539" WIDTH="19"/>
						<String ID="P55_ST00256" HPOS="735" VPOS="1507" WIDTH="30" HEIGHT="22" CONTENT="to" WC="0.86" CC="20"/>
						<SP ID="P55_SP00226" HPOS="765" VPOS="1539" WIDTH="19"/>
						<String ID="P55_ST00257" HPOS="784" VPOS="1504" WIDTH="121" HEIGHT="32" CONTENT="France," WC="0.91" CC="1300000"/>
						<SP ID="P55_SP00227" HPOS="905" VPOS="1539" WIDTH="21"/>
						<String ID="P55_ST00258" HPOS="926" VPOS="1504" WIDTH="86" HEIGHT="25" CONTENT="when" WC="0.88" CC="0400"/>
						<SP ID="P55_SP00228" HPOS="1012" VPOS="1539" WIDTH="21"/>
						<String ID="P55_ST00259" HPOS="1033" VPOS="1503" WIDTH="121" HEIGHT="27" CONTENT="Charles" WC="0.88" CC="0201030"/>
						<SP ID="P55_SP00229" HPOS="1154" VPOS="1539" WIDTH="23"/>
						<String ID="P55_ST00260" HPOS="1177" VPOS="1502" WIDTH="32" HEIGHT="27" CONTENT="of" WC="1.00" CC="00"/>
						<SP ID="P55_SP00230" HPOS="1209" VPOS="1539" WIDTH="19"/>
						<String ID="P55_ST00261" HPOS="1228" VPOS="1502" WIDTH="103" HEIGHT="34" CONTENT="Spain," WC="0.94" CC="000003"/>
					</TextLine>
					<TextLine ID="P55_TL00027" HPOS="190" VPOS="1551" WIDTH="1141" HEIGHT="39">
						<String ID="P55_ST00262" HPOS="190" VPOS="1555" WIDTH="93" HEIGHT="35" CONTENT="being" WC="0.80" CC="70010"/>
						<SP ID="P55_SP00231" HPOS="283" VPOS="1590" WIDTH="17"/>
						<String ID="P55_ST00263" HPOS="300" VPOS="1555" WIDTH="116" HEIGHT="34" CONTENT="jealous" WC="0.89" CC="1005000"/>
						<SP ID="P55_SP00232" HPOS="416" VPOS="1590" WIDTH="20"/>
						<String ID="P55_ST00264" HPOS="436" VPOS="1552" WIDTH="33" HEIGHT="27" CONTENT="of" WC="1.00" CC="00"/>
						<SP ID="P55_SP00233" HPOS="469" VPOS="1590" WIDTH="16"/>
						<String ID="P55_ST00265" HPOS="485" VPOS="1553" WIDTH="50" HEIGHT="26" CONTENT="the" WC="0.76" CC="060"/>
						<SP ID="P55_SP00234" HPOS="535" VPOS="1590" WIDTH="21"/>
						<String ID="P55_ST00266" HPOS="556" VPOS="1553" WIDTH="181" HEIGHT="34" CONTENT="anticipated" WC="0.94" CC="00600000000"/>
						<SP ID="P55_SP00235" HPOS="737" VPOS="1590" WIDTH="24"/>
						<String ID="P55_ST00267" HPOS="761" VPOS="1553" WIDTH="139" HEIGHT="34" CONTENT="meeting," WC="0.97" CC="00000002"/>
						<SP ID="P55_SP00236" HPOS="900" VPOS="1590" WIDTH="22"/>
						<String ID="P55_ST00268" HPOS="922" VPOS="1562" WIDTH="53" HEIGHT="17" CONTENT="ran" WC="0.91" CC="002"/>
						<SP ID="P55_SP00237" HPOS="975" VPOS="1590" WIDTH="20"/>
						<String ID="P55_ST00269" HPOS="995" VPOS="1561" WIDTH="70" HEIGHT="18" CONTENT="over" WC="0.82" CC="3003"/>
						<SP ID="P55_SP00238" HPOS="1065" VPOS="1590" WIDTH="19"/>
						<String ID="P55_ST00270" HPOS="1084" VPOS="1557" WIDTH="30" HEIGHT="22" CONTENT="to" WC="1.00" CC="00"/>
						<SP ID="P55_SP00239" HPOS="1114" VPOS="1590" WIDTH="19"/>
						<String ID="P55_ST00271" HPOS="1133" VPOS="1552" WIDTH="49" HEIGHT="27" CONTENT="the" WC="0.83" CC="050"/>
						<SP ID="P55_SP00240" HPOS="1182" VPOS="1590" WIDTH="21"/>
						<String ID="P55_ST00272" HPOS="1203" VPOS="1551" WIDTH="128" HEIGHT="27" CONTENT="Kentish" WC="0.77" CC="0083004"/>
					</TextLine>
					<TextLine ID="P55_TL00028" HPOS="191" VPOS="1599" WIDTH="1140" HEIGHT="40">
						<String ID="P55_ST00273" HPOS="191" VPOS="1608" WIDTH="91" HEIGHT="28" CONTENT="coast," WC="0.94" CC="000003"/>
						<SP ID="P55_SP00241" HPOS="282" VPOS="1636" WIDTH="21"/>
						<String ID="P55_ST00274" HPOS="303" VPOS="1608" WIDTH="32" HEIGHT="22" CONTENT="to" WC="1.00" CC="00"/>
						<SP ID="P55_SP00242" HPOS="335" VPOS="1636" WIDTH="22"/>
						<String ID="P55_ST00275" HPOS="357" VPOS="1612" WIDTH="53" HEIGHT="27" CONTENT="say" WC="1.00" CC="000"/>
						<SP ID="P55_SP00243" HPOS="410" VPOS="1639" WIDTH="22"/>
						<String ID="P55_ST00276" HPOS="432" VPOS="1612" WIDTH="18" HEIGHT="17" CONTENT="a" WC="0.95" CC="0"/>
						<SP ID="P55_SP00244" HPOS="450" VPOS="1639" WIDTH="20"/>
						<String ID="P55_ST00277" HPOS="470" VPOS="1601" WIDTH="56" HEIGHT="28" CONTENT="few" WC="0.89" CC="300"/>
						<SP ID="P55_SP00245" HPOS="526" VPOS="1639" WIDTH="21"/>
						<String ID="P55_ST00278" HPOS="547" VPOS="1602" WIDTH="97" HEIGHT="27" CONTENT="words" WC="0.88" CC="00500"/>
						<SP ID="P55_SP00246" HPOS="644" VPOS="1639" WIDTH="20"/>
						<String ID="P55_ST00279" HPOS="664" VPOS="1606" WIDTH="30" HEIGHT="23" CONTENT="to" WC="0.76" CC="31"/>
						<SP ID="P55_SP00247" HPOS="694" VPOS="1639" WIDTH="23"/>
						<String ID="P55_ST00280" HPOS="717" VPOS="1602" WIDTH="50" HEIGHT="27" CONTENT="the" WC="0.80" CC="050"/>
						<SP ID="P55_SP00248" HPOS="767" VPOS="1639" WIDTH="22"/>
						<String ID="P55_ST00281" HPOS="789" VPOS="1602" WIDTH="128" HEIGHT="35" CONTENT="English" WC="0.75" CC="2090005"/>
						<SP ID="P55_SP00249" HPOS="917" VPOS="1639" WIDTH="22"/>
						<String ID="P55_ST00282" HPOS="939" VPOS="1601" WIDTH="75" HEIGHT="36" CONTENT="king" WC="0.70" CC="6220"/>
						<SP ID="P55_SP00250" HPOS="1014" VPOS="1639" WIDTH="20"/>
						<String ID="P55_ST00283" HPOS="1034" VPOS="1601" WIDTH="98" HEIGHT="27" CONTENT="before" WC="0.90" CC="500000"/>
						<SP ID="P55_SP00251" HPOS="1132" VPOS="1639" WIDTH="22"/>
						<String ID="P55_ST00284" HPOS="1154" VPOS="1601" WIDTH="38" HEIGHT="27" CONTENT="he" WC="1.00" CC="00"/>
						<SP ID="P55_SP00252" HPOS="1192" VPOS="1639" WIDTH="22"/>
						<String ID="P55_ST00285" HPOS="1214" VPOS="1600" WIDTH="52" HEIGHT="27" CONTENT="left" WC="0.97" CC="0001"/>
						<SP ID="P55_SP00253" HPOS="1266" VPOS="1639" WIDTH="21"/>
						<String ID="P55_ST00286" HPOS="1287" VPOS="1599" WIDTH="44" HEIGHT="27" CONTENT="for" WC="0.76" CC="303"/>
					</TextLine>
					<TextLine ID="P55_TL00029" HPOS="192" VPOS="1653" WIDTH="236" HEIGHT="26">
						<String ID="P55_ST00287" HPOS="192" VPOS="1655" WIDTH="51" HEIGHT="24" CONTENT="the" WC="0.82" CC="050"/>
						<SP ID="P55_SP00254" HPOS="243" VPOS="1679" WIDTH="14"/>
						<String ID="P55_ST00288" HPOS="257" VPOS="1653" WIDTH="171" HEIGHT="26" CONTENT="Continent." WC="0.90" CC="0020030002"/>
					</TextLine>
				</TextBlock>
				<TextBlock ID="P55_TB00006" HPOS="191" VPOS="1722" WIDTH="1144" HEIGHT="385" STYLEREFS="TXT_2 PAR_LEFT">
					<TextLine ID="P55_TL00030" HPOS="248" VPOS="1724" WIDTH="1084" HEIGHT="36">
						<String ID="P55_ST00289" HPOS="248" VPOS="1728" WIDTH="122" HEIGHT="27" CONTENT="Charles" WC="0.82" CC="0600500"/>
						<SP ID="P55_SP00255" HPOS="370" VPOS="1755" WIDTH="14"/>
						<String ID="P55_ST00290" HPOS="384" VPOS="1734" WIDTH="62" HEIGHT="19" CONTENT="was" WC="1.00" CC="000"/>
						<SP ID="P55_SP00256" HPOS="446" VPOS="1755" WIDTH="17"/>
						<String ID="P55_ST00291" HPOS="463" VPOS="1726" WIDTH="134" HEIGHT="26" CONTENT="received" WC="0.94" CC="10003000"/>
						<SP ID="P55_SP00257" HPOS="597" VPOS="1755" WIDTH="15"/>
						<String ID="P55_ST00292" HPOS="612" VPOS="1726" WIDTH="30" HEIGHT="26" CONTENT="in" WC="0.70" CC="06"/>
						<SP ID="P55_SP00258" HPOS="642" VPOS="1755" WIDTH="16"/>
						<String ID="P55_ST00293" HPOS="658" VPOS="1735" WIDTH="18" HEIGHT="17" CONTENT="a" WC="1.00" CC="0"/>
						<SP ID="P55_SP00259" HPOS="676" VPOS="1755" WIDTH="14"/>
						<String ID="P55_ST00294" HPOS="690" VPOS="1731" WIDTH="77" HEIGHT="22" CONTENT="most" WC="0.95" CC="0002"/>
						<SP ID="P55_SP00260" HPOS="767" VPOS="1755" WIDTH="18"/>
						<String ID="P55_ST00295" HPOS="785" VPOS="1727" WIDTH="144" HEIGHT="26" CONTENT="amicable" WC="0.86" CC="00500050"/>
						<SP ID="P55_SP00261" HPOS="929" VPOS="1755" WIDTH="19"/>
						<String ID="P55_ST00296" HPOS="948" VPOS="1734" WIDTH="130" HEIGHT="24" CONTENT="manner," WC="0.78" CC="0037004"/>
						<SP ID="P55_SP00262" HPOS="1078" VPOS="1758" WIDTH="12"/>
						<String ID="P55_ST00297" HPOS="1090" VPOS="1726" WIDTH="53" HEIGHT="26" CONTENT="but" WC="0.96" CC="001"/>
						<SP ID="P55_SP00263" HPOS="1143" VPOS="1758" WIDTH="16"/>
						<String ID="P55_ST00298" HPOS="1159" VPOS="1724" WIDTH="173" HEIGHT="36" CONTENT="happening" WC="0.65" CC="500805540"/>
					</TextLine>
					<TextLine ID="P55_TL00031" HPOS="192" VPOS="1774" WIDTH="1141" HEIGHT="37">
						<String ID="P55_ST00299" HPOS="192" VPOS="1783" WIDTH="31" HEIGHT="22" CONTENT="to" WC="1.00" CC="00"/>
						<SP ID="P55_SP00264" HPOS="223" VPOS="1805" WIDTH="14"/>
						<String ID="P55_ST00300" HPOS="237" VPOS="1786" WIDTH="50" HEIGHT="19" CONTENT="see" WC="1.00" CC="000"/>
						<SP ID="P55_SP00265" HPOS="287" VPOS="1805" WIDTH="19"/>
						<String ID="P55_ST00301" HPOS="306" VPOS="1778" WIDTH="51" HEIGHT="26" CONTENT="the" WC="0.76" CC="070"/>
						<SP ID="P55_SP00266" HPOS="357" VPOS="1805" WIDTH="14"/>
						<String ID="P55_ST00302" HPOS="371" VPOS="1777" WIDTH="61" HEIGHT="26" CONTENT="late" WC="0.96" CC="1000"/>
						<SP ID="P55_SP00267" HPOS="432" VPOS="1805" WIDTH="21"/>
						<String ID="P55_ST00303" HPOS="453" VPOS="1775" WIDTH="103" HEIGHT="35" CONTENT="Queen" WC="0.98" CC="00000"/>
						<SP ID="P55_SP00268" HPOS="556" VPOS="1810" WIDTH="18"/>
						<String ID="P55_ST00304" HPOS="574" VPOS="1776" WIDTH="149" HEIGHT="35" CONTENT="Dowager" WC="0.95" CC="0000003"/>
						<SP ID="P55_SP00269" HPOS="723" VPOS="1811" WIDTH="15"/>
						<String ID="P55_ST00305" HPOS="738" VPOS="1775" WIDTH="33" HEIGHT="27" CONTENT="of" WC="1.00" CC="00"/>
						<SP ID="P55_SP00270" HPOS="771" VPOS="1811" WIDTH="13"/>
						<String ID="P55_ST00306" HPOS="784" VPOS="1777" WIDTH="121" HEIGHT="32" CONTENT="France," WC="0.79" CC="4302004"/>
						<SP ID="P55_SP00271" HPOS="905" VPOS="1811" WIDTH="16"/>
						<String ID="P55_ST00307" HPOS="921" VPOS="1777" WIDTH="70" HEIGHT="25" CONTENT="then" WC="1.00" CC="0000"/>
						<SP ID="P55_SP00272" HPOS="991" VPOS="1811" WIDTH="17"/>
						<String ID="P55_ST00308" HPOS="1008" VPOS="1776" WIDTH="134" HEIGHT="26" CONTENT="Duchess" WC="0.85" CC="0207000"/>
						<SP ID="P55_SP00273" HPOS="1142" VPOS="1811" WIDTH="20"/>
						<String ID="P55_ST00309" HPOS="1162" VPOS="1775" WIDTH="33" HEIGHT="26" CONTENT="of" WC="1.00" CC="00"/>
						<SP ID="P55_SP00274" HPOS="1195" VPOS="1811" WIDTH="16"/>
						<String ID="P55_ST00310" HPOS="1211" VPOS="1774" WIDTH="122" HEIGHT="31" CONTENT="Suffolk," WC="0.95" CC="03000000"/>
					</TextLine>
					<TextLine ID="P55_TL00032" HPOS="192" VPOS="1823" WIDTH="1142" HEIGHT="39">
						<String ID="P55_ST00311" HPOS="192" VPOS="1829" WIDTH="67" HEIGHT="26" CONTENT="who" WC="0.62" CC="640"/>
						<SP ID="P55_SP00275" HPOS="259" VPOS="1855" WIDTH="23"/>
						<String ID="P55_ST00312" HPOS="282" VPOS="1827" WIDTH="106" HEIGHT="35" CONTENT="might," WC="0.84" CC="050400"/>
						<SP ID="P55_SP00276" HPOS="388" VPOS="1862" WIDTH="24"/>
						<String ID="P55_ST00313" HPOS="412" VPOS="1826" WIDTH="94" HEIGHT="32" CONTENT="could," WC="0.96" CC="000200"/>
						<SP ID="P55_SP00277" HPOS="506" VPOS="1862" WIDTH="21"/>
						<String ID="P55_ST00314" HPOS="527" VPOS="1826" WIDTH="107" HEIGHT="31" CONTENT="would," WC="0.96" CC="000002"/>
						<SP ID="P55_SP00278" HPOS="634" VPOS="1862" WIDTH="24"/>
						<String ID="P55_ST00315" HPOS="658" VPOS="1833" WIDTH="33" HEIGHT="18" CONTENT="or" WC="0.83" CC="03"/>
						<SP ID="P55_SP00279" HPOS="691" VPOS="1862" WIDTH="21"/>
						<String ID="P55_ST00316" HPOS="712" VPOS="1825" WIDTH="105" HEIGHT="26" CONTENT="should" WC="0.85" CC="040400"/>
						<SP ID="P55_SP00280" HPOS="817" VPOS="1862" WIDTH="26"/>
						<String ID="P55_ST00317" HPOS="843" VPOS="1826" WIDTH="75" HEIGHT="26" CONTENT="have" WC="0.64" CC="5800"/>
						<SP ID="P55_SP00281" HPOS="918" VPOS="1862" WIDTH="26"/>
						<String ID="P55_ST00318" HPOS="944" VPOS="1826" WIDTH="75" HEIGHT="25" CONTENT="been" WC="0.98" CC="0000"/>
						<SP ID="P55_SP00282" HPOS="1019" VPOS="1862" WIDTH="20"/>
						<String ID="P55_ST00319" HPOS="1039" VPOS="1826" WIDTH="46" HEIGHT="25" CONTENT="his" WC="0.74" CC="520"/>
						<SP ID="P55_SP00283" HPOS="1085" VPOS="1862" WIDTH="26"/>
						<String ID="P55_ST00320" HPOS="1111" VPOS="1833" WIDTH="65" HEIGHT="18" CONTENT="own" WC="0.79" CC="006"/>
						<SP ID="P55_SP00284" HPOS="1176" VPOS="1862" WIDTH="22"/>
						<String ID="P55_ST00321" HPOS="1198" VPOS="1823" WIDTH="74" HEIGHT="33" CONTENT="wife," WC="0.95" CC="00002"/>
						<SP ID="P55_SP00285" HPOS="1272" VPOS="1862" WIDTH="25"/>
						<String ID="P55_ST00322" HPOS="1297" VPOS="1824" WIDTH="37" HEIGHT="25" CONTENT="he" WC="0.73" CC="50"/>
					</TextLine>
					<TextLine ID="P55_TL00033" HPOS="193" VPOS="1872" WIDTH="1142" HEIGHT="38">
						<String ID="P55_ST00323" HPOS="193" VPOS="1877" WIDTH="106" HEIGHT="28" CONTENT="turned" WC="0.95" CC="000200"/>
						<SP ID="P55_SP00286" HPOS="299" VPOS="1905" WIDTH="15"/>
						<String ID="P55_ST00324" HPOS="314" VPOS="1886" WIDTH="33" HEIGHT="17" CONTENT="so" WC="1.00" CC="00"/>
						<SP ID="P55_SP00287" HPOS="347" VPOS="1905" WIDTH="19"/>
						<String ID="P55_ST00325" HPOS="366" VPOS="1884" WIDTH="115" HEIGHT="26" CONTENT="spoony" WC="0.94" CC="000030"/>
						<SP ID="P55_SP00288" HPOS="481" VPOS="1910" WIDTH="14"/>
						<String ID="P55_ST00326" HPOS="495" VPOS="1875" WIDTH="57" HEIGHT="25" CONTENT="and" WC="0.71" CC="106"/>
						<SP ID="P55_SP00289" HPOS="552" VPOS="1910" WIDTH="22"/>
						<String ID="P55_ST00327" HPOS="574" VPOS="1874" WIDTH="198" HEIGHT="32" CONTENT="sentimental," WC="0.84" CC="400030000063"/>
						<SP ID="P55_SP00290" HPOS="772" VPOS="1910" WIDTH="15"/>
						<String ID="P55_ST00328" HPOS="787" VPOS="1875" WIDTH="65" HEIGHT="25" CONTENT="that" WC="0.87" CC="0500"/>
						<SP ID="P55_SP00291" HPOS="852" VPOS="1910" WIDTH="14"/>
						<String ID="P55_ST00329" HPOS="866" VPOS="1874" WIDTH="36" HEIGHT="26" CONTENT="he" WC="1.00" CC="00"/>
						<SP ID="P55_SP00292" HPOS="902" VPOS="1910" WIDTH="14"/>
						<String ID="P55_ST00330" HPOS="916" VPOS="1875" WIDTH="85" HEIGHT="25" CONTENT="could" WC="0.87" CC="00320"/>
						<SP ID="P55_SP00293" HPOS="1001" VPOS="1910" WIDTH="15"/>
						<String ID="P55_ST00331" HPOS="1016" VPOS="1875" WIDTH="68" HEIGHT="25" CONTENT="take" WC="1.00" CC="0000"/>
						<SP ID="P55_SP00294" HPOS="1084" VPOS="1910" WIDTH="15"/>
						<String ID="P55_ST00332" HPOS="1099" VPOS="1883" WIDTH="37" HEIGHT="17" CONTENT="no" WC="1.00" CC="00"/>
						<SP ID="P55_SP00295" HPOS="1136" VPOS="1910" WIDTH="21"/>
						<String ID="P55_ST00333" HPOS="1157" VPOS="1874" WIDTH="134" HEIGHT="34" CONTENT="pleasure" WC="0.84" CC="06000060"/>
						<SP ID="P55_SP00296" HPOS="1291" VPOS="1910" WIDTH="14"/>
						<String ID="P55_ST00334" HPOS="1305" VPOS="1872" WIDTH="30" HEIGHT="27" CONTENT="in" WC="0.76" CC="04"/>
					</TextLine>
					<TextLine ID="P55_TL00034" HPOS="193" VPOS="1921" WIDTH="1141" HEIGHT="38">
						<String ID="P55_ST00335" HPOS="193" VPOS="1928" WIDTH="50" HEIGHT="26" CONTENT="the" WC="0.77" CC="060"/>
						<SP ID="P55_SP00297" HPOS="243" VPOS="1954" WIDTH="20"/>
						<String ID="P55_ST00336" HPOS="263" VPOS="1925" WIDTH="156" HEIGHT="28" CONTENT="festivities" WC="0.88" CC="00400020500"/>
						<SP ID="P55_SP00298" HPOS="419" VPOS="1954" WIDTH="20"/>
						<String ID="P55_ST00337" HPOS="439" VPOS="1923" WIDTH="146" HEIGHT="35" CONTENT="prepared" WC="1.00" CC="00000000"/>
						<SP ID="P55_SP00299" HPOS="585" VPOS="1958" WIDTH="19"/>
						<String ID="P55_ST00338" HPOS="604" VPOS="1923" WIDTH="44" HEIGHT="26" CONTENT="for" WC="0.87" CC="003"/>
						<SP ID="P55_SP00300" HPOS="648" VPOS="1958" WIDTH="19"/>
						<String ID="P55_ST00339" HPOS="667" VPOS="1923" WIDTH="70" HEIGHT="26" CONTENT="him." WC="0.80" CC="6100"/>
						<SP ID="P55_SP00301" HPOS="737" VPOS="1958" WIDTH="41"/>
						<String ID="P55_ST00340" HPOS="778" VPOS="1927" WIDTH="17" HEIGHT="11" CONTENT='"' WC="0.56" CC="4"/>
						<SP ID="P55_SP00302" HPOS="795" VPOS="1958" WIDTH="11"/>
						<String ID="P55_ST00341" HPOS="806" VPOS="1923" WIDTH="55" HEIGHT="32" CONTENT="No," WC="1.00" CC="000"/>
						<SP ID="P55_SP00303" HPOS="861" VPOS="1958" WIDTH="22"/>
						<String ID="P55_ST00342" HPOS="883" VPOS="1924" WIDTH="94" HEIGHT="25" CONTENT="thank" WC="0.75" CC="35020"/>
						<SP ID="P55_SP00304" HPOS="977" VPOS="1958" WIDTH="19"/>
						<String ID="P55_ST00343" HPOS="996" VPOS="1932" WIDTH="67" HEIGHT="27" CONTENT="you," WC="0.78" CC="0134"/>
						<SP ID="P55_SP00305" HPOS="1063" VPOS="1959" WIDTH="21"/>
						<String ID="P55_ST00344" HPOS="1084" VPOS="1932" WIDTH="77" HEIGHT="17" CONTENT="none" WC="1.00" CC="0000"/>
						<SP ID="P55_SP00306" HPOS="1161" VPOS="1959" WIDTH="20"/>
						<String ID="P55_ST00345" HPOS="1181" VPOS="1922" WIDTH="44" HEIGHT="27" CONTENT="for" WC="0.82" CC="005"/>
						<SP ID="P55_SP00307" HPOS="1225" VPOS="1959" WIDTH="19"/>
						<String ID="P55_ST00346" HPOS="1244" VPOS="1931" WIDTH="47" HEIGHT="18" CONTENT="me" WC="1.00" CC="00"/>
						<String ID="P55_ST00347" HPOS="1301" VPOS="1921" WIDTH="4" HEIGHT="27" CONTENT="!" WC="1.00" CC="0"/>
						<SP ID="P55_SP00308" HPOS="1305" VPOS="1959" WIDTH="13"/>
						<String ID="P55_ST00348" HPOS="1318" VPOS="1921" WIDTH="16" HEIGHT="10" CONTENT='"' WC="0.29" CC="7"/>
					</TextLine>
					<TextLine ID="P55_TL00035" HPOS="193" VPOS="1971" WIDTH="1142" HEIGHT="38">
						<String ID="P55_ST00349" HPOS="193" VPOS="1985" WIDTH="61" HEIGHT="19" CONTENT="was" WC="0.95" CC="010"/>
						<SP ID="P55_SP00309" HPOS="254" VPOS="2004" WIDTH="19"/>
						<String ID="P55_ST00350" HPOS="273" VPOS="1976" WIDTH="47" HEIGHT="26" CONTENT="his" WC="0.69" CC="710"/>
						<SP ID="P55_SP00310" HPOS="320" VPOS="2004" WIDTH="22"/>
						<String ID="P55_ST00351" HPOS="342" VPOS="1975" WIDTH="109" HEIGHT="26" CONTENT="almost" WC="0.96" CC="002000"/>
						<SP ID="P55_SP00311" HPOS="451" VPOS="2004" WIDTH="18"/>
						<String ID="P55_ST00352" HPOS="469" VPOS="1972" WIDTH="127" HEIGHT="27" CONTENT="uniform" WC="0.78" CC="5520001"/>
						<SP ID="P55_SP00312" HPOS="596" VPOS="2004" WIDTH="21"/>
						<String ID="P55_ST00353" HPOS="617" VPOS="1981" WIDTH="114" HEIGHT="18" CONTENT="answer" WC="0.74" CC="000806"/>
						<SP ID="P55_SP00313" HPOS="731" VPOS="2004" WIDTH="17"/>
						<String ID="P55_ST00354" HPOS="748" VPOS="1976" WIDTH="30" HEIGHT="23" CONTENT="to" WC="1.00" CC="00"/>
						<SP ID="P55_SP00314" HPOS="778" VPOS="2004" WIDTH="21"/>
						<String ID="P55_ST00355" HPOS="799" VPOS="1982" WIDTH="87" HEIGHT="26" CONTENT="every" WC="0.94" CC="00030"/>
						<SP ID="P55_SP00315" HPOS="886" VPOS="2008" WIDTH="19"/>
						<String ID="P55_ST00356" HPOS="905" VPOS="1972" WIDTH="117" HEIGHT="37" CONTENT="inquiry" WC="0.84" CC="2003400"/>
						<SP ID="P55_SP00316" HPOS="1022" VPOS="2009" WIDTH="18"/>
						<String ID="P55_ST00357" HPOS="1040" VPOS="1973" WIDTH="131" HEIGHT="26" CONTENT="whether" WC="0.79" CC="0600502"/>
						<SP ID="P55_SP00317" HPOS="1171" VPOS="2009" WIDTH="13"/>
						<String ID="P55_ST00358" HPOS="1184" VPOS="1973" WIDTH="37" HEIGHT="26" CONTENT="he" WC="0.71" CC="50"/>
						<SP ID="P55_SP00318" HPOS="1221" VPOS="2009" WIDTH="18"/>
						<String ID="P55_ST00359" HPOS="1239" VPOS="1971" WIDTH="96" HEIGHT="28" CONTENT="would" WC="0.93" CC="00300"/>
					</TextLine>
					<TextLine ID="P55_TL00036" HPOS="193" VPOS="2021" WIDTH="1141" HEIGHT="36">
						<String ID="P55_ST00360" HPOS="193" VPOS="2027" WIDTH="76" HEIGHT="26" CONTENT="have" WC="0.84" CC="6000"/>
						<SP ID="P55_SP00319" HPOS="269" VPOS="2053" WIDTH="15"/>
						<String ID="P55_ST00361" HPOS="284" VPOS="2034" WIDTH="17" HEIGHT="17" CONTENT="a" WC="1.00" CC="0"/>
						<SP ID="P55_SP00320" HPOS="301" VPOS="2053" WIDTH="19"/>
						<String ID="P55_ST00362" HPOS="320" VPOS="2025" WIDTH="77" HEIGHT="26" CONTENT="little" WC="0.80" CC="305110"/>
						<SP ID="P55_SP00321" HPOS="397" VPOS="2053" WIDTH="19"/>
						<String ID="P55_ST00363" HPOS="416" VPOS="2022" WIDTH="32" HEIGHT="27" CONTENT="of" WC="1.00" CC="00"/>
						<SP ID="P55_SP00322" HPOS="448" VPOS="2053" WIDTH="15"/>
						<String ID="P55_ST00364" HPOS="463" VPOS="2022" WIDTH="69" HEIGHT="32" CONTENT="this," WC="0.77" CC="07202"/>
						<SP ID="P55_SP00323" HPOS="532" VPOS="2054" WIDTH="14"/>
						<String ID="P55_ST00365" HPOS="546" VPOS="2021" WIDTH="74" HEIGHT="33" CONTENT="that," WC="0.88" CC="06000"/>
						<SP ID="P55_SP00324" HPOS="620" VPOS="2054" WIDTH="15"/>
						<String ID="P55_ST00366" HPOS="635" VPOS="2031" WIDTH="33" HEIGHT="17" CONTENT="or" WC="1.00" CC="00"/>
						<SP ID="P55_SP00325" HPOS="668" VPOS="2054" WIDTH="15"/>
						<String ID="P55_ST00367" HPOS="683" VPOS="2022" WIDTH="51" HEIGHT="26" CONTENT="the" WC="0.82" CC="040"/>
						<SP ID="P55_SP00326" HPOS="734" VPOS="2054" WIDTH="19"/>
						<String ID="P55_ST00368" HPOS="753" VPOS="2022" WIDTH="93" HEIGHT="32" CONTENT="other," WC="0.93" CC="004000"/>
						<SP ID="P55_SP00327" HPOS="846" VPOS="2054" WIDTH="21"/>
						<String ID="P55_ST00369" HPOS="867" VPOS="2021" WIDTH="65" HEIGHT="27" CONTENT="that" WC="0.70" CC="0704"/>
						<SP ID="P55_SP00328" HPOS="932" VPOS="2054" WIDTH="18"/>
						<String ID="P55_ST00370" HPOS="950" VPOS="2031" WIDTH="61" HEIGHT="17" CONTENT="was" WC="1.00" CC="000"/>
						<SP ID="P55_SP00329" HPOS="1011" VPOS="2054" WIDTH="20"/>
						<String ID="P55_ST00371" HPOS="1031" VPOS="2022" WIDTH="105" HEIGHT="35" CONTENT="placed" WC="0.81" CC="900010"/>
						<SP ID="P55_SP00330" HPOS="1136" VPOS="2057" WIDTH="16"/>
						<String ID="P55_ST00372" HPOS="1152" VPOS="2021" WIDTH="98" HEIGHT="27" CONTENT="before" WC="0.94" CC="000003"/>
						<SP ID="P55_SP00331" HPOS="1250" VPOS="2057" WIDTH="14"/>
						<String ID="P55_ST00373" HPOS="1264" VPOS="2021" WIDTH="70" HEIGHT="26" CONTENT="him." WC="0.83" CC="5000"/>
					</TextLine>
					<TextLine ID="P55_TL00037" HPOS="193" VPOS="2070" WIDTH="1142" HEIGHT="37">
						<String ID="P55_ST00374" HPOS="193" VPOS="2076" WIDTH="50" HEIGHT="27" CONTENT="He" WC="0.78" CC="40"/>
						<SP ID="P55_SP00332" HPOS="243" VPOS="2103" WIDTH="13"/>
						<String ID="P55_ST00375" HPOS="256" VPOS="2076" WIDTH="58" HEIGHT="26" CONTENT="lost" WC="0.97" CC="0001"/>
						<SP ID="P55_SP00333" HPOS="314" VPOS="2103" WIDTH="13"/>
						<String ID="P55_ST00376" HPOS="327" VPOS="2074" WIDTH="64" HEIGHT="26" CONTENT="first" WC="1.00" CC="00000"/>
						<SP ID="P55_SP00334" HPOS="391" VPOS="2103" WIDTH="13"/>
						<String ID="P55_ST00377" HPOS="404" VPOS="2072" WIDTH="47" HEIGHT="27" CONTENT="his" WC="0.78" CC="330"/>
						<SP ID="P55_SP00335" HPOS="451" VPOS="2103" WIDTH="14"/>
						<String ID="P55_ST00378" HPOS="465" VPOS="2072" WIDTH="109" HEIGHT="34" CONTENT="spirits," WC="0.95" CC="00000003"/>
						<SP ID="P55_SP00336" HPOS="574" VPOS="2106" WIDTH="16"/>
						<String ID="P55_ST00379" HPOS="590" VPOS="2072" WIDTH="71" HEIGHT="26" CONTENT="then" WC="0.82" CC="0501"/>
						<SP ID="P55_SP00337" HPOS="661" VPOS="2106" WIDTH="13"/>
						<String ID="P55_ST00380" HPOS="674" VPOS="2071" WIDTH="47" HEIGHT="27" CONTENT="his" WC="0.75" CC="510"/>
						<SP ID="P55_SP00338" HPOS="721" VPOS="2106" WIDTH="14"/>
						<String ID="P55_ST00381" HPOS="735" VPOS="2072" WIDTH="140" HEIGHT="35" CONTENT="appetite," WC="0.88" CC="000016003"/>
						<SP ID="P55_SP00339" HPOS="875" VPOS="2107" WIDTH="15"/>
						<String ID="P55_ST00382" HPOS="890" VPOS="2072" WIDTH="59" HEIGHT="26" CONTENT="and" WC="1.00" CC="000"/>
						<SP ID="P55_SP00340" HPOS="949" VPOS="2107" WIDTH="14"/>
						<String ID="P55_ST00383" HPOS="963" VPOS="2072" WIDTH="166" HEIGHT="35" CONTENT="ultimately" WC="0.83" CC="2535000000"/>
						<SP ID="P55_SP00341" HPOS="1129" VPOS="2107" WIDTH="13"/>
						<String ID="P55_ST00384" HPOS="1142" VPOS="2072" WIDTH="46" HEIGHT="26" CONTENT="his" WC="0.69" CC="530"/>
						<SP ID="P55_SP00342" HPOS="1188" VPOS="2107" WIDTH="14"/>
						<String ID="P55_ST00385" HPOS="1202" VPOS="2071" WIDTH="79" HEIGHT="33" CONTENT="time," WC="0.84" CC="12003"/>
						<SP ID="P55_SP00343" HPOS="1281" VPOS="2107" WIDTH="12"/>
						<String ID="P55_ST00386" HPOS="1293" VPOS="2070" WIDTH="42" HEIGHT="27" CONTENT="for" WC="0.91" CC="002"/>
					</TextLine>
				</TextBlock>
				<TextBlock ID="P55_TB00007" HPOS="493" VPOS="2175" WIDTH="547" HEIGHT="30" STYLEREFS="TXT_2 PAR_CENTER">
					<TextLine ID="P55_TL00038" HPOS="494" VPOS="2175" WIDTH="546" HEIGHT="30">
						<String ID="P55_ST00387" HPOS="494" VPOS="2176" WIDTH="15" HEIGHT="16" CONTENT="*" WC="0.78" CC="2"/>
						<SP ID="P55_SP00344" HPOS="509" VPOS="2192" WIDTH="17"/>
						<String ID="P55_ST00388" HPOS="526" VPOS="2176" WIDTH="94" HEIGHT="22" CONTENT="Fiddes'" WC="0.88" CC="1000430"/>
						<SP ID="P55_SP00345" HPOS="620" VPOS="2198" WIDTH="13"/>
						<String ID="P55_ST00389" HPOS="633" VPOS="2175" WIDTH="13" HEIGHT="12" CONTENT='"' WC="1.00" CC="0"/>
						<SP ID="P55_SP00346" HPOS="646" VPOS="2198" WIDTH="11"/>
						<String ID="P55_ST00390" HPOS="657" VPOS="2176" WIDTH="49" HEIGHT="23" CONTENT="Life" WC="0.77" CC="0070"/>
						<SP ID="P55_SP00347" HPOS="706" VPOS="2199" WIDTH="12"/>
						<String ID="P55_ST00391" HPOS="718" VPOS="2176" WIDTH="27" HEIGHT="23" CONTENT="of" WC="1.00" CC="00"/>
						<SP ID="P55_SP00348" HPOS="745" VPOS="2199" WIDTH="7"/>
						<String ID="P55_ST00392" HPOS="752" VPOS="2177" WIDTH="117" HEIGHT="28" CONTENT='Wolsey,"' WC="0.86" CC="05300001"/>
						<SP ID="P55_SP00349" HPOS="869" VPOS="2205" WIDTH="10"/>
						<String ID="P55_ST00393" HPOS="879" VPOS="2185" WIDTH="39" HEIGHT="20" CONTENT="pp." WC="0.69" CC="701"/>
						<SP ID="P55_SP00350" HPOS="918" VPOS="2205" WIDTH="15"/>
						<String ID="P55_ST00394" HPOS="933" VPOS="2176" WIDTH="47" HEIGHT="29" CONTENT="106," WC="0.81" CC="3004"/>
						<SP ID="P55_SP00351" HPOS="980" VPOS="2205" WIDTH="15"/>
						<String ID="P55_ST00395" HPOS="995" VPOS="2182" WIDTH="45" HEIGHT="23" CONTENT="107." WC="0.87" CC="5000"/>
					</TextLine>
				</TextBlock>
			</PrintSpace>
		</Page>
	</Layout>
</alto>
