<?xml version="1.0" encoding="UTF-8"?>
<alto xmlns:xsi="http://www.w3.org/2001/XMLSchema-instance" xsi:noNamespaceSchemaLocation="http://www.bl.uk/schemas/alto/alto-1-4.xsd" xmlns:xlink="http://www.w3.org/1999/xlink">
	<Description>
		<MeasurementUnit>mm10</MeasurementUnit>
		<sourceImageInformation>
			<fileName>//head1/IN/2008-50/A0012346969.2/004068.jp2</fileName>
		</sourceImageInformation>
		<OCRProcessing ID="OCRPROCESSING_1">
			<preProcessingStep>
				<processingSoftware>
					<softwareCreator>CCS Content Conversion Specialists GmbH, Germany</softwareCreator>
					<softwareName>CCS docWORKS</softwareName>
					<softwareVersion>6.1-0.67</softwareVersion>
				</processingSoftware>
			</preProcessingStep>
			<ocrProcessingStep>
				<processingSoftware>
					<softwareCreator>ABBYY (BIT Software), Russia</softwareCreator>
					<softwareName>Finereader</softwareName>
				</processingSoftware>
			</ocrProcessingStep>
		</OCRProcessing>
	</Description>
	<Styles>
		<TextStyle ID="TXT_0" FONTSIZE="11" FONTFAMILY="Courier New"/>
		<TextStyle ID="TXT_1" FONTSIZE="11" FONTFAMILY="Fraktur"/>
		<TextStyle ID="TXT_2" FONTSIZE="9" FONTFAMILY="Courier New"/>
		<ParagraphStyle ID="PAR_RIGHT" ALIGN="Right"/>
		<ParagraphStyle ID="PAR_LEFT" ALIGN="Left"/>
	</Styles>
	<Layout>
		<Page ID="P406" PHYSICAL_IMG_NR="406" HEIGHT="2488" WIDTH="1692" PRINTED_IMG_NR="368" POSITION="Left" ACCURACY="88.20">
			<TopMargin ID="P406_TM00001" HPOS="0" VPOS="0" WIDTH="1691" HEIGHT="324">
				<TextBlock ID="P406_TB00001" HPOS="622" VPOS="264" WIDTH="712" HEIGHT="60" STYLEREFS="TXT_0 PAR_RIGHT">
					<TextLine ID="P406_TL00001" HPOS="622" VPOS="264" WIDTH="712" HEIGHT="60">
						<String ID="P406_ST00001" HPOS="622" VPOS="269" WIDTH="151" HEIGHT="45" CONTENT="Comic" WC="0.87" CC="00500"/>
						<SP ID="P406_SP00001" HPOS="773" VPOS="314" WIDTH="30"/>
						<String ID="P406_ST00002" HPOS="803" VPOS="267" WIDTH="191" HEIGHT="57" CONTENT="History" WC="0.93" CC="0005000"/>
						<SP ID="P406_SP00002" HPOS="994" VPOS="324" WIDTH="33"/>
						<String ID="P406_ST00003" HPOS="1027" VPOS="267" WIDTH="55" HEIGHT="57" CONTENT="of" WC="0.88" CC="20"/>
						<SP ID="P406_SP00003" HPOS="1082" VPOS="324" WIDTH="18"/>
						<String ID="P406_ST00004" HPOS="1100" VPOS="264" WIDTH="234" HEIGHT="59" CONTENT="England." WC="0.89" CC="08000000"/>
					</TextLine>
				</TextBlock>
				<TextBlock ID="P406_TB00002" HPOS="406" VPOS="278" WIDTH="59" HEIGHT="36" STYLEREFS="TXT_1 PAR_LEFT">
					<TextLine ID="P406_TL00002" HPOS="406" VPOS="278" WIDTH="59" HEIGHT="36">
						<String ID="P406_ST00005" HPOS="406" VPOS="278" WIDTH="59" HEIGHT="36" CONTENT="368" WC="1.00" CC="000"/>
					</TextLine>
				</TextBlock>
				<TextBlock ID="P406_TB00003" HPOS="1415" VPOS="287" WIDTH="144" HEIGHT="22" STYLEREFS="TXT_2 PAR_RIGHT">
					<TextLine ID="P406_TL00003" HPOS="1416" VPOS="287" WIDTH="143" HEIGHT="22">
						<String ID="P406_ST00006" HPOS="1416" VPOS="288" WIDTH="70" HEIGHT="21" CONTENT="[Book" WC="0.35" CC="56459"/>
						<SP ID="P406_SP00004" HPOS="1486" VPOS="309" WIDTH="11"/>
						<String ID="P406_ST00007" HPOS="1497" VPOS="287" WIDTH="62" HEIGHT="17" CONTENT="VITT." WC="0.69" CC="00780"/>
					</TextLine>
				</TextBlock>
			</TopMargin>
			<LeftMargin ID="P406_LM00001" HPOS="0" VPOS="316" WIDTH="404" HEIGHT="1882"/>
			<RightMargin ID="P406_RM00001" HPOS="1561" VPOS="316" WIDTH="130" HEIGHT="1882"/>
			<BottomMargin ID="P406_BM00001" HPOS="0" VPOS="2198" WIDTH="1691" HEIGHT="290"/>
			<PrintSpace ID="P406_PS00001" HPOS="404" VPOS="316" WIDTH="1157" HEIGHT="1882">
				<TextBlock ID="P406_TB00004" HPOS="405" VPOS="376" WIDTH="1156" HEIGHT="781" STYLEREFS="TXT_2 PAR_LEFT">
					<TextLine ID="P406_TL00004" HPOS="462" VPOS="376" WIDTH="1098" HEIGHT="41">
						<String ID="P406_ST00008" HPOS="462" VPOS="384" WIDTH="36" HEIGHT="26" CONTENT="In" WC="0.98" CC="00"/>
						<SP ID="P406_SP00005" HPOS="498" VPOS="410" WIDTH="23"/>
						<String ID="P406_ST00009" HPOS="521" VPOS="384" WIDTH="50" HEIGHT="26" CONTENT="the" WC="0.85" CC="120"/>
						<SP ID="P406_SP00006" HPOS="571" VPOS="410" WIDTH="20"/>
						<String ID="P406_ST00010" HPOS="591" VPOS="384" WIDTH="88" HEIGHT="26" CONTENT="latter" WC="1.00" CC="000000"/>
						<SP ID="P406_SP00007" HPOS="679" VPOS="410" WIDTH="18"/>
						<String ID="P406_ST00011" HPOS="697" VPOS="384" WIDTH="57" HEIGHT="25" CONTENT="end" WC="0.93" CC="100"/>
						<SP ID="P406_SP00008" HPOS="754" VPOS="410" WIDTH="16"/>
						<String ID="P406_ST00012" HPOS="770" VPOS="382" WIDTH="33" HEIGHT="27" CONTENT="of" WC="1.00" CC="00"/>
						<SP ID="P406_SP00009" HPOS="803" VPOS="410" WIDTH="22"/>
						<String ID="P406_ST00013" HPOS="825" VPOS="392" WIDTH="46" HEIGHT="25" CONTENT="171" WC="1.00" CC="000"/>
						<String ID="P406_ST00014" HPOS="881" VPOS="392" WIDTH="22" HEIGHT="22" CONTENT="1," WC="1.00" CC="00"/>
						<SP ID="P406_SP00010" HPOS="903" VPOS="417" WIDTH="16"/>
						<String ID="P406_ST00015" HPOS="919" VPOS="390" WIDTH="82" HEIGHT="18" CONTENT="some" WC="1.00" CC="0000"/>
						<SP ID="P406_SP00011" HPOS="1001" VPOS="417" WIDTH="18"/>
						<String ID="P406_ST00016" HPOS="1019" VPOS="390" WIDTH="72" HEIGHT="26" CONTENT="very" WC="1.00" CC="0000"/>
						<SP ID="P406_SP00012" HPOS="1091" VPOS="417" WIDTH="13"/>
						<String ID="P406_ST00017" HPOS="1104" VPOS="380" WIDTH="203" HEIGHT="34" CONTENT="disreputable" WC="0.92" CC="020300400000"/>
						<SP ID="P406_SP00013" HPOS="1307" VPOS="417" WIDTH="19"/>
						<String ID="P406_ST00018" HPOS="1326" VPOS="378" WIDTH="188" HEIGHT="31" CONTENT="disclosures," WC="0.99" CC="000000001000"/>
						<SP ID="P406_SP00014" HPOS="1514" VPOS="417" WIDTH="15"/>
						<String ID="P406_ST00019" HPOS="1529" VPOS="376" WIDTH="31" HEIGHT="27" CONTENT="in" WC="0.70" CC="50"/>
					</TextLine>
					<TextLine ID="P406_TL00005" HPOS="406" VPOS="428" WIDTH="1153" HEIGHT="39">
						<String ID="P406_ST00020" HPOS="406" VPOS="434" WIDTH="96" HEIGHT="26" CONTENT="which" WC="0.79" CC="07003"/>
						<SP ID="P406_SP00015" HPOS="502" VPOS="460" WIDTH="20"/>
						<String ID="P406_ST00021" HPOS="522" VPOS="434" WIDTH="49" HEIGHT="26" CONTENT="the" WC="0.75" CC="070"/>
						<SP ID="P406_SP00016" HPOS="571" VPOS="460" WIDTH="21"/>
						<String ID="P406_ST00022" HPOS="592" VPOS="434" WIDTH="87" HEIGHT="25" CONTENT="Duke" WC="0.81" CC="5200"/>
						<SP ID="P406_SP00017" HPOS="679" VPOS="460" WIDTH="17"/>
						<String ID="P406_ST00023" HPOS="696" VPOS="433" WIDTH="32" HEIGHT="26" CONTENT="of" WC="0.90" CC="01"/>
						<SP ID="P406_SP00018" HPOS="728" VPOS="460" WIDTH="15"/>
						<String ID="P406_ST00024" HPOS="743" VPOS="432" WIDTH="215" HEIGHT="35" CONTENT="Marlborough" WC="0.94" CC="00000000005"/>
						<SP ID="P406_SP00019" HPOS="958" VPOS="467" WIDTH="21"/>
						<String ID="P406_ST00025" HPOS="979" VPOS="432" WIDTH="59" HEIGHT="26" CONTENT="and" WC="0.98" CC="000"/>
						<SP ID="P406_SP00020" HPOS="1038" VPOS="467" WIDTH="20"/>
						<String ID="P406_ST00026" HPOS="1058" VPOS="431" WIDTH="58" HEIGHT="27" CONTENT="Mr." WC="1.00" CC="000"/>
						<SP ID="P406_SP00021" HPOS="1116" VPOS="467" WIDTH="21"/>
						<String ID="P406_ST00027" HPOS="1137" VPOS="430" WIDTH="142" HEIGHT="34" CONTENT="Walpole" WC="0.91" CC="0050000"/>
						<SP ID="P406_SP00022" HPOS="1279" VPOS="467" WIDTH="19"/>
						<String ID="P406_ST00028" HPOS="1298" VPOS="437" WIDTH="77" HEIGHT="19" CONTENT="were" WC="1.00" CC="0000"/>
						<SP ID="P406_SP00023" HPOS="1375" VPOS="467" WIDTH="20"/>
						<String ID="P406_ST00029" HPOS="1395" VPOS="428" WIDTH="108" HEIGHT="36" CONTENT="chiefly" WC="0.83" CC="0640000"/>
						<SP ID="P406_SP00024" HPOS="1503" VPOS="467" WIDTH="13"/>
						<String ID="P406_ST00030" HPOS="1516" VPOS="428" WIDTH="43" HEIGHT="25" CONTENT="in" SUBS_TYPE="HypPart1" SUBS_CONTENT="involved," WC="0.85" CC="400"/>
						<HYP CONTENT="-"/>
					</TextLine>
					<TextLine ID="P406_TL00006" HPOS="406" VPOS="478" WIDTH="1152" HEIGHT="40">
						<String ID="P406_ST00031" HPOS="406" VPOS="483" WIDTH="116" HEIGHT="33" CONTENT="volved," SUBS_TYPE="HypPart2" SUBS_CONTENT="involved," WC="0.87" CC="0000044"/>
						<SP ID="P406_SP00025" HPOS="522" VPOS="516" WIDTH="14"/>
						<String ID="P406_ST00032" HPOS="536" VPOS="491" WIDTH="76" HEIGHT="18" CONTENT="were" WC="1.00" CC="0000"/>
						<SP ID="P406_SP00026" HPOS="612" VPOS="516" WIDTH="13"/>
						<String ID="P406_ST00033" HPOS="625" VPOS="483" WIDTH="129" HEIGHT="35" CONTENT="brought" WC="0.79" CC="6010070"/>
						<SP ID="P406_SP00027" HPOS="754" VPOS="518" WIDTH="13"/>
						<String ID="P406_ST00034" HPOS="767" VPOS="482" WIDTH="99" HEIGHT="26" CONTENT="before" WC="0.97" CC="000010"/>
						<SP ID="P406_SP00028" HPOS="866" VPOS="518" WIDTH="20"/>
						<String ID="P406_ST00035" HPOS="886" VPOS="482" WIDTH="50" HEIGHT="26" CONTENT="the" WC="0.75" CC="070"/>
						<SP ID="P406_SP00029" HPOS="936" VPOS="518" WIDTH="21"/>
						<String ID="P406_ST00036" HPOS="957" VPOS="481" WIDTH="104" HEIGHT="27" CONTENT="House" WC="0.73" CC="42600"/>
						<SP ID="P406_SP00030" HPOS="1061" VPOS="518" WIDTH="14"/>
						<String ID="P406_ST00037" HPOS="1075" VPOS="480" WIDTH="33" HEIGHT="27" CONTENT="of" WC="1.00" CC="00"/>
						<SP ID="P406_SP00031" HPOS="1108" VPOS="518" WIDTH="13"/>
						<String ID="P406_ST00038" HPOS="1121" VPOS="480" WIDTH="170" HEIGHT="27" CONTENT="Commons." WC="0.87" CC="00300600"/>
						<SP ID="P406_SP00032" HPOS="1291" VPOS="518" WIDTH="41"/>
						<String ID="P406_ST00039" HPOS="1332" VPOS="478" WIDTH="226" HEIGHT="35" CONTENT="Marlborough," WC="0.80" CC="006000400074"/>
					</TextLine>
					<TextLine ID="P406_TL00007" HPOS="406" VPOS="527" WIDTH="1150" HEIGHT="41">
						<String ID="P406_ST00040" HPOS="406" VPOS="536" WIDTH="52" HEIGHT="23" CONTENT="not" WC="0.75" CC="700"/>
						<SP ID="P406_SP00033" HPOS="458" VPOS="559" WIDTH="14"/>
						<String ID="P406_ST00041" HPOS="472" VPOS="532" WIDTH="132" HEIGHT="27" CONTENT="satisfied" WC="0.93" CC="000301100"/>
						<SP ID="P406_SP00034" HPOS="604" VPOS="559" WIDTH="13"/>
						<String ID="P406_ST00042" HPOS="617" VPOS="532" WIDTH="70" HEIGHT="26" CONTENT="with" WC="0.83" CC="0006"/>
						<SP ID="P406_SP00035" HPOS="687" VPOS="559" WIDTH="14"/>
						<String ID="P406_ST00043" HPOS="701" VPOS="533" WIDTH="47" HEIGHT="25" CONTENT="his" WC="0.62" CC="640"/>
						<SP ID="P406_SP00036" HPOS="748" VPOS="559" WIDTH="13"/>
						<String ID="P406_ST00044" HPOS="761" VPOS="541" WIDTH="68" HEIGHT="27" CONTENT="pay," WC="0.92" CC="0003"/>
						<SP ID="P406_SP00037" HPOS="829" VPOS="568" WIDTH="15"/>
						<String ID="P406_ST00045" HPOS="844" VPOS="531" WIDTH="151" HEIGHT="36" CONTENT="pensions," WC="0.95" CC="000010002"/>
						<SP ID="P406_SP00038" HPOS="995" VPOS="568" WIDTH="15"/>
						<String ID="P406_ST00046" HPOS="1010" VPOS="530" WIDTH="59" HEIGHT="27" CONTENT="and" WC="1.00" CC="000"/>
						<SP ID="P406_SP00039" HPOS="1069" VPOS="568" WIDTH="16"/>
						<String ID="P406_ST00047" HPOS="1085" VPOS="530" WIDTH="84" HEIGHT="27" CONTENT="other" WC="0.96" CC="00100"/>
						<SP ID="P406_SP00040" HPOS="1169" VPOS="568" WIDTH="16"/>
						<String ID="P406_ST00048" HPOS="1185" VPOS="529" WIDTH="208" HEIGHT="31" CONTENT="emoluments," WC="0.92" CC="00004000003"/>
						<SP ID="P406_SP00041" HPOS="1393" VPOS="568" WIDTH="15"/>
						<String ID="P406_ST00049" HPOS="1408" VPOS="528" WIDTH="60" HEIGHT="25" CONTENT="had" WC="0.89" CC="300"/>
						<SP ID="P406_SP00042" HPOS="1468" VPOS="568" WIDTH="14"/>
						<String ID="P406_ST00050" HPOS="1482" VPOS="527" WIDTH="74" HEIGHT="26" CONTENT="been" WC="1.00" CC="0000"/>
					</TextLine>
					<TextLine ID="P406_TL00008" HPOS="407" VPOS="577" WIDTH="1151" HEIGHT="40">
						<String ID="P406_ST00051" HPOS="407" VPOS="581" WIDTH="106" HEIGHT="36" CONTENT="taking" WC="0.87" CC="002130"/>
						<SP ID="P406_SP00043" HPOS="513" VPOS="617" WIDTH="26"/>
						<String ID="P406_ST00052" HPOS="539" VPOS="591" WIDTH="17" HEIGHT="16" CONTENT="a" WC="1.00" CC="0"/>
						<SP ID="P406_SP00044" HPOS="556" VPOS="617" WIDTH="27"/>
						<String ID="P406_ST00053" HPOS="583" VPOS="586" WIDTH="178" HEIGHT="31" CONTENT="percentage" WC="0.88" CC="7040000000"/>
						<SP ID="P406_SP00045" HPOS="761" VPOS="617" WIDTH="26"/>
						<String ID="P406_ST00054" HPOS="787" VPOS="591" WIDTH="38" HEIGHT="16" CONTENT="on" WC="0.77" CC="04"/>
						<SP ID="P406_SP00046" HPOS="825" VPOS="617" WIDTH="27"/>
						<String ID="P406_ST00055" HPOS="852" VPOS="590" WIDTH="89" HEIGHT="26" CONTENT="every" WC="0.99" CC="00000"/>
						<SP ID="P406_SP00047" HPOS="941" VPOS="617" WIDTH="19"/>
						<String ID="P406_ST00056" HPOS="960" VPOS="580" WIDTH="185" HEIGHT="27" CONTENT="transaction" WC="0.95" CC="03000000001"/>
						<SP ID="P406_SP00048" HPOS="1145" VPOS="617" WIDTH="23"/>
						<String ID="P406_ST00057" HPOS="1168" VPOS="580" WIDTH="32" HEIGHT="25" CONTENT="in" WC="0.66" CC="23"/>
						<SP ID="P406_SP00049" HPOS="1200" VPOS="617" WIDTH="23"/>
						<String ID="P406_ST00058" HPOS="1223" VPOS="578" WIDTH="96" HEIGHT="26" CONTENT="which" WC="0.73" CC="02406"/>
						<SP ID="P406_SP00050" HPOS="1319" VPOS="617" WIDTH="21"/>
						<String ID="P406_ST00059" HPOS="1340" VPOS="578" WIDTH="38" HEIGHT="25" CONTENT="he" WC="0.66" CC="60"/>
						<SP ID="P406_SP00051" HPOS="1378" VPOS="617" WIDTH="23"/>
						<String ID="P406_ST00060" HPOS="1401" VPOS="577" WIDTH="60" HEIGHT="26" CONTENT="had" WC="0.79" CC="600"/>
						<SP ID="P406_SP00052" HPOS="1461" VPOS="617" WIDTH="22"/>
						<String ID="P406_ST00061" HPOS="1483" VPOS="577" WIDTH="75" HEIGHT="25" CONTENT="been" WC="0.96" CC="0001"/>
					</TextLine>
					<TextLine ID="P406_TL00009" HPOS="407" VPOS="626" WIDTH="1151" HEIGHT="40">
						<String ID="P406_ST00062" HPOS="407" VPOS="630" WIDTH="222" HEIGHT="36" CONTENT="confidentially" WC="0.90" CC="00022110000050"/>
						<SP ID="P406_SP00053" HPOS="629" VPOS="666" WIDTH="9"/>
						<String ID="P406_ST00063" HPOS="638" VPOS="632" WIDTH="162" HEIGHT="25" CONTENT="concerned" WC="0.92" CC="000002400"/>
						<String ID="P406_ST00064" HPOS="810" VPOS="641" WIDTH="6" HEIGHT="21" CONTENT=";" WC="0.42" CC="5"/>
						<SP ID="P406_SP00054" HPOS="816" VPOS="666" WIDTH="21"/>
						<String ID="P406_ST00065" HPOS="837" VPOS="631" WIDTH="88" HEIGHT="26" CONTENT="while" WC="0.89" CC="01300"/>
						<SP ID="P406_SP00055" HPOS="925" VPOS="666" WIDTH="13"/>
						<String ID="P406_ST00066" HPOS="938" VPOS="629" WIDTH="150" HEIGHT="35" CONTENT="Walpole," WC="0.86" CC="00200403"/>
						<SP ID="P406_SP00056" HPOS="1088" VPOS="666" WIDTH="16"/>
						<String ID="P406_ST00067" HPOS="1104" VPOS="629" WIDTH="30" HEIGHT="26" CONTENT="in" WC="0.97" CC="00"/>
						<SP ID="P406_SP00057" HPOS="1134" VPOS="666" WIDTH="13"/>
						<String ID="P406_ST00068" HPOS="1147" VPOS="629" WIDTH="47" HEIGHT="25" CONTENT="his" WC="0.75" CC="700"/>
						<SP ID="P406_SP00058" HPOS="1194" VPOS="666" WIDTH="15"/>
						<String ID="P406_ST00069" HPOS="1209" VPOS="628" WIDTH="138" HEIGHT="34" CONTENT="capacity" WC="0.98" CC="00000100"/>
						<SP ID="P406_SP00059" HPOS="1347" VPOS="666" WIDTH="11"/>
						<String ID="P406_ST00070" HPOS="1358" VPOS="626" WIDTH="33" HEIGHT="27" CONTENT="of" WC="1.00" CC="00"/>
						<SP ID="P406_SP00060" HPOS="1391" VPOS="666" WIDTH="10"/>
						<String ID="P406_ST00071" HPOS="1401" VPOS="626" WIDTH="157" HEIGHT="36" CONTENT="Secretary" WC="0.99" CC="000000000"/>
					</TextLine>
					<TextLine ID="P406_TL00010" HPOS="408" VPOS="676" WIDTH="1148" HEIGHT="39">
						<String ID="P406_ST00072" HPOS="408" VPOS="684" WIDTH="30" HEIGHT="23" CONTENT="at" WC="1.00" CC="00"/>
						<SP ID="P406_SP00061" HPOS="438" VPOS="707" WIDTH="13"/>
						<String ID="P406_ST00073" HPOS="451" VPOS="680" WIDTH="82" HEIGHT="32" CONTENT="War," WC="0.91" CC="0003"/>
						<SP ID="P406_SP00062" HPOS="533" VPOS="712" WIDTH="16"/>
						<String ID="P406_ST00074" HPOS="549" VPOS="680" WIDTH="59" HEIGHT="26" CONTENT="had" WC="0.83" CC="500"/>
						<SP ID="P406_SP00063" HPOS="608" VPOS="712" WIDTH="13"/>
						<String ID="P406_ST00075" HPOS="621" VPOS="681" WIDTH="75" HEIGHT="25" CONTENT="been" WC="1.00" CC="0000"/>
						<SP ID="P406_SP00064" HPOS="696" VPOS="712" WIDTH="14"/>
						<String ID="P406_ST00076" HPOS="710" VPOS="680" WIDTH="126" HEIGHT="35" CONTENT="playing" WC="0.86" CC="0300060"/>
						<SP ID="P406_SP00065" HPOS="836" VPOS="715" WIDTH="17"/>
						<String ID="P406_ST00077" HPOS="853" VPOS="680" WIDTH="50" HEIGHT="26" CONTENT="the" WC="0.71" CC="430"/>
						<SP ID="P406_SP00066" HPOS="903" VPOS="715" WIDTH="19"/>
						<String ID="P406_ST00078" HPOS="922" VPOS="688" WIDTH="81" HEIGHT="18" CONTENT="same" WC="1.00" CC="0000"/>
						<SP ID="P406_SP00067" HPOS="1003" VPOS="715" WIDTH="19"/>
						<String ID="P406_ST00079" HPOS="1022" VPOS="687" WIDTH="88" HEIGHT="26" CONTENT="game" WC="1.00" CC="0000"/>
						<SP ID="P406_SP00068" HPOS="1110" VPOS="715" WIDTH="25"/>
						<String ID="P406_ST00080" HPOS="1135" VPOS="687" WIDTH="33" HEIGHT="17" CONTENT="as" WC="0.78" CC="40"/>
						<SP ID="P406_SP00069" HPOS="1168" VPOS="715" WIDTH="21"/>
						<String ID="P406_ST00081" HPOS="1189" VPOS="678" WIDTH="51" HEIGHT="25" CONTENT="the" WC="0.83" CC="050"/>
						<SP ID="P406_SP00070" HPOS="1240" VPOS="715" WIDTH="22"/>
						<String ID="P406_ST00082" HPOS="1262" VPOS="676" WIDTH="162" HEIGHT="26" CONTENT="illustrious" WC="0.86" CC="01010022050"/>
						<SP ID="P406_SP00071" HPOS="1424" VPOS="715" WIDTH="15"/>
						<String ID="P406_ST00083" HPOS="1439" VPOS="676" WIDTH="117" HEIGHT="26" CONTENT="soldier." WC="1.00" CC="00000000"/>
					</TextLine>
					<TextLine ID="P406_TL00011" HPOS="408" VPOS="726" WIDTH="1150" HEIGHT="37">
						<String ID="P406_ST00084" HPOS="408" VPOS="730" WIDTH="214" HEIGHT="33" CONTENT="Marlborough" WC="0.86" CC="00040000505"/>
						<SP ID="P406_SP00072" HPOS="622" VPOS="763" WIDTH="16"/>
						<String ID="P406_ST00085" HPOS="638" VPOS="730" WIDTH="58" HEIGHT="26" CONTENT="and" WC="0.99" CC="000"/>
						<SP ID="P406_SP00073" HPOS="696" VPOS="763" WIDTH="14"/>
						<String ID="P406_ST00086" HPOS="710" VPOS="730" WIDTH="45" HEIGHT="26" CONTENT="his" WC="0.78" CC="510"/>
						<SP ID="P406_SP00074" HPOS="755" VPOS="763" WIDTH="14"/>
						<String ID="P406_ST00087" HPOS="769" VPOS="729" WIDTH="66" HEIGHT="27" CONTENT="wife" WC="0.99" CC="0000"/>
						<SP ID="P406_SP00075" HPOS="835" VPOS="763" WIDTH="13"/>
						<String ID="P406_ST00088" HPOS="848" VPOS="739" WIDTH="77" HEIGHT="17" CONTENT="were" WC="0.92" CC="0030"/>
						<SP ID="P406_SP00076" HPOS="925" VPOS="763" WIDTH="14"/>
						<String ID="P406_ST00089" HPOS="939" VPOS="729" WIDTH="30" HEIGHT="26" CONTENT="in" WC="1.00" CC="00"/>
						<SP ID="P406_SP00077" HPOS="969" VPOS="763" WIDTH="15"/>
						<String ID="P406_ST00090" HPOS="984" VPOS="729" WIDTH="50" HEIGHT="26" CONTENT="the" WC="0.73" CC="170"/>
						<SP ID="P406_SP00078" HPOS="1034" VPOS="763" WIDTH="14"/>
						<String ID="P406_ST00091" HPOS="1048" VPOS="729" WIDTH="172" HEIGHT="34" CONTENT="enjoyment" WC="0.94" CC="040000000"/>
						<SP ID="P406_SP00079" HPOS="1220" VPOS="763" WIDTH="14"/>
						<String ID="P406_ST00092" HPOS="1234" VPOS="727" WIDTH="33" HEIGHT="26" CONTENT="of" WC="0.96" CC="00"/>
						<SP ID="P406_SP00080" HPOS="1267" VPOS="763" WIDTH="10"/>
						<String ID="P406_ST00093" HPOS="1277" VPOS="727" WIDTH="138" HEIGHT="34" CONTENT="upwards" WC="0.90" CC="0000600"/>
						<SP ID="P406_SP00081" HPOS="1415" VPOS="763" WIDTH="15"/>
						<String ID="P406_ST00094" HPOS="1430" VPOS="726" WIDTH="32" HEIGHT="26" CONTENT="of" WC="1.00" CC="00"/>
						<SP ID="P406_SP00082" HPOS="1462" VPOS="763" WIDTH="16"/>
						<String ID="P406_ST00095" HPOS="1478" VPOS="726" WIDTH="80" HEIGHT="35" CONTENT="sixty" WC="0.94" CC="02000"/>
					</TextLine>
					<TextLine ID="P406_TL00012" HPOS="408" VPOS="775" WIDTH="1153" HEIGHT="39">
						<String ID="P406_ST00096" HPOS="408" VPOS="779" WIDTH="147" HEIGHT="27" CONTENT="thousand" WC="0.70" CC="06009070"/>
						<SP ID="P406_SP00083" HPOS="555" VPOS="806" WIDTH="14"/>
						<String ID="P406_ST00097" HPOS="569" VPOS="789" WIDTH="17" HEIGHT="16" CONTENT="a" WC="0.14" CC="8"/>
						<SP ID="P406_SP00084" HPOS="586" VPOS="806" WIDTH="13"/>
						<String ID="P406_ST00098" HPOS="599" VPOS="788" WIDTH="79" HEIGHT="26" CONTENT="year," WC="0.98" CC="00001"/>
						<SP ID="P406_SP00085" HPOS="678" VPOS="814" WIDTH="14"/>
						<String ID="P406_ST00099" HPOS="692" VPOS="788" WIDTH="31" HEIGHT="18" CONTENT="so" WC="1.00" CC="00"/>
						<SP ID="P406_SP00086" HPOS="723" VPOS="814" WIDTH="14"/>
						<String ID="P406_ST00100" HPOS="737" VPOS="779" WIDTH="65" HEIGHT="26" CONTENT="that" WC="0.86" CC="0500"/>
						<SP ID="P406_SP00087" HPOS="802" VPOS="814" WIDTH="13"/>
						<String ID="P406_ST00101" HPOS="815" VPOS="779" WIDTH="82" HEIGHT="27" CONTENT="there" WC="0.81" CC="06030"/>
						<SP ID="P406_SP00088" HPOS="897" VPOS="814" WIDTH="13"/>
						<String ID="P406_ST00102" HPOS="910" VPOS="788" WIDTH="61" HEIGHT="18" CONTENT="was" WC="1.00" CC="000"/>
						<SP ID="P406_SP00089" HPOS="971" VPOS="814" WIDTH="15"/>
						<String ID="P406_ST00103" HPOS="986" VPOS="787" WIDTH="38" HEIGHT="18" CONTENT="no" WC="0.97" CC="00"/>
						<SP ID="P406_SP00090" HPOS="1024" VPOS="814" WIDTH="15"/>
						<String ID="P406_ST00104" HPOS="1039" VPOS="786" WIDTH="108" HEIGHT="18" CONTENT="excuse" WC="0.92" CC="000400"/>
						<SP ID="P406_SP00091" HPOS="1147" VPOS="814" WIDTH="14"/>
						<String ID="P406_ST00105" HPOS="1161" VPOS="777" WIDTH="45" HEIGHT="26" CONTENT="for" WC="0.98" CC="000"/>
						<SP ID="P406_SP00092" HPOS="1206" VPOS="814" WIDTH="13"/>
						<String ID="P406_ST00106" HPOS="1219" VPOS="778" WIDTH="81" HEIGHT="25" CONTENT="them" WC="0.81" CC="0700"/>
						<SP ID="P406_SP00093" HPOS="1300" VPOS="814" WIDTH="15"/>
						<String ID="P406_ST00107" HPOS="1315" VPOS="785" WIDTH="39" HEIGHT="17" CONTENT="on" WC="0.77" CC="04"/>
						<SP ID="P406_SP00094" HPOS="1354" VPOS="814" WIDTH="13"/>
						<String ID="P406_ST00108" HPOS="1367" VPOS="776" WIDTH="51" HEIGHT="27" CONTENT="the" WC="0.83" CC="050"/>
						<SP ID="P406_SP00095" HPOS="1418" VPOS="814" WIDTH="15"/>
						<String ID="P406_ST00109" HPOS="1433" VPOS="784" WIDTH="82" HEIGHT="18" CONTENT="score" WC="0.95" CC="00020"/>
						<SP ID="P406_SP00096" HPOS="1515" VPOS="814" WIDTH="14"/>
						<String ID="P406_ST00110" HPOS="1529" VPOS="775" WIDTH="32" HEIGHT="27" CONTENT="of" WC="1.00" CC="00"/>
					</TextLine>
					<TextLine ID="P406_TL00013" HPOS="406" VPOS="825" WIDTH="1151" HEIGHT="39">
						<String ID="P406_ST00111" HPOS="406" VPOS="834" WIDTH="124" HEIGHT="29" CONTENT="poverty" WC="0.98" CC="0000100"/>
						<String ID="P406_ST00112" HPOS="540" VPOS="839" WIDTH="5" HEIGHT="20" CONTENT=";" WC="0.73" CC="2"/>
						<SP ID="P406_SP00097" HPOS="545" VPOS="863" WIDTH="23"/>
						<String ID="P406_ST00113" HPOS="568" VPOS="829" WIDTH="59" HEIGHT="26" CONTENT="and" WC="0.77" CC="060"/>
						<SP ID="P406_SP00098" HPOS="627" VPOS="863" WIDTH="14"/>
						<String ID="P406_ST00114" HPOS="641" VPOS="838" WIDTH="73" HEIGHT="17" CONTENT="even" WC="0.92" CC="0300"/>
						<SP ID="P406_SP00099" HPOS="714" VPOS="863" WIDTH="13"/>
						<String ID="P406_ST00115" HPOS="727" VPOS="828" WIDTH="26" HEIGHT="27" CONTENT="if" WC="1.00" CC="00"/>
						<SP ID="P406_SP00100" HPOS="753" VPOS="863" WIDTH="8"/>
						<String ID="P406_ST00116" HPOS="761" VPOS="829" WIDTH="71" HEIGHT="35" CONTENT="they" WC="0.82" CC="0700"/>
						<SP ID="P406_SP00101" HPOS="832" VPOS="864" WIDTH="13"/>
						<String ID="P406_ST00117" HPOS="845" VPOS="829" WIDTH="59" HEIGHT="26" CONTENT="had" WC="0.79" CC="600"/>
						<SP ID="P406_SP00102" HPOS="904" VPOS="864" WIDTH="14"/>
						<String ID="P406_ST00118" HPOS="918" VPOS="829" WIDTH="75" HEIGHT="26" CONTENT="been" WC="1.00" CC="0000"/>
						<SP ID="P406_SP00103" HPOS="993" VPOS="864" WIDTH="15"/>
						<String ID="P406_ST00119" HPOS="1008" VPOS="828" WIDTH="30" HEIGHT="25" CONTENT="in" WC="0.75" CC="40"/>
						<SP ID="P406_SP00104" HPOS="1038" VPOS="864" WIDTH="14"/>
						<String ID="P406_ST00120" HPOS="1052" VPOS="832" WIDTH="80" HEIGHT="21" CONTENT="want" WC="0.85" CC="0013"/>
						<SP ID="P406_SP00105" HPOS="1132" VPOS="864" WIDTH="15"/>
						<String ID="P406_ST00121" HPOS="1147" VPOS="826" WIDTH="32" HEIGHT="27" CONTENT="of" WC="1.00" CC="00"/>
						<SP ID="P406_SP00106" HPOS="1179" VPOS="864" WIDTH="11"/>
						<String ID="P406_ST00122" HPOS="1190" VPOS="826" WIDTH="80" HEIGHT="32" CONTENT="cash," WC="0.79" CC="00063"/>
						<SP ID="P406_SP00107" HPOS="1270" VPOS="864" WIDTH="15"/>
						<String ID="P406_ST00123" HPOS="1285" VPOS="826" WIDTH="71" HEIGHT="35" CONTENT="they" WC="0.77" CC="2600"/>
						<SP ID="P406_SP00108" HPOS="1356" VPOS="864" WIDTH="15"/>
						<String ID="P406_ST00124" HPOS="1371" VPOS="825" WIDTH="96" HEIGHT="36" CONTENT="might" WC="0.92" CC="00030"/>
						<SP ID="P406_SP00109" HPOS="1467" VPOS="864" WIDTH="14"/>
						<String ID="P406_ST00125" HPOS="1481" VPOS="825" WIDTH="76" HEIGHT="26" CONTENT="have" WC="0.81" CC="7000"/>
					</TextLine>
					<TextLine ID="P406_TL00014" HPOS="408" VPOS="875" WIDTH="1149" HEIGHT="37">
						<String ID="P406_ST00126" HPOS="408" VPOS="878" WIDTH="75" HEIGHT="25" CONTENT="done" WC="1.00" CC="0000"/>
						<SP ID="P406_SP00110" HPOS="483" VPOS="903" WIDTH="22"/>
						<String ID="P406_ST00127" HPOS="505" VPOS="878" WIDTH="87" HEIGHT="32" CONTENT="what," WC="0.82" CC="06200"/>
						<SP ID="P406_SP00111" HPOS="592" VPOS="910" WIDTH="17"/>
						<String ID="P406_ST00128" HPOS="609" VPOS="886" WIDTH="31" HEIGHT="17" CONTENT="as" WC="1.00" CC="00"/>
						<SP ID="P406_SP00112" HPOS="640" VPOS="910" WIDTH="24"/>
						<String ID="P406_ST00129" HPOS="664" VPOS="887" WIDTH="43" HEIGHT="17" CONTENT="we" WC="0.50" CC="90"/>
						<SP ID="P406_SP00113" HPOS="707" VPOS="910" WIDTH="22"/>
						<String ID="P406_ST00130" HPOS="729" VPOS="878" WIDTH="76" HEIGHT="26" CONTENT="have" WC="0.83" CC="6000"/>
						<SP ID="P406_SP00114" HPOS="805" VPOS="910" WIDTH="24"/>
						<String ID="P406_ST00131" HPOS="829" VPOS="878" WIDTH="121" HEIGHT="34" CONTENT="already" WC="0.97" CC="0010000"/>
						<SP ID="P406_SP00115" HPOS="950" VPOS="912" WIDTH="15"/>
						<String ID="P406_ST00132" HPOS="965" VPOS="878" WIDTH="113" HEIGHT="31" CONTENT="hinted," WC="0.81" CC="6002003"/>
						<SP ID="P406_SP00116" HPOS="1078" VPOS="912" WIDTH="15"/>
						<String ID="P406_ST00133" HPOS="1093" VPOS="876" WIDTH="77" HEIGHT="27" CONTENT="their" WC="0.91" CC="02001"/>
						<SP ID="P406_SP00117" HPOS="1170" VPOS="912" WIDTH="22"/>
						<String ID="P406_ST00134" HPOS="1192" VPOS="883" WIDTH="167" HEIGHT="18" CONTENT="successors" WC="1.00" CC="0000000000"/>
						<SP ID="P406_SP00118" HPOS="1359" VPOS="912" WIDTH="23"/>
						<String ID="P406_ST00135" HPOS="1382" VPOS="875" WIDTH="77" HEIGHT="26" CONTENT="have" WC="0.82" CC="7000"/>
						<SP ID="P406_SP00119" HPOS="1459" VPOS="912" WIDTH="22"/>
						<String ID="P406_ST00136" HPOS="1481" VPOS="875" WIDTH="76" HEIGHT="26" CONTENT="done" WC="0.96" CC="0010"/>
					</TextLine>
					<TextLine ID="P406_TL00015" HPOS="409" VPOS="925" WIDTH="1149" HEIGHT="36">
						<String ID="P406_ST00137" HPOS="409" VPOS="926" WIDTH="88" HEIGHT="32" CONTENT="since," WC="0.84" CC="050003"/>
						<SP ID="P406_SP00120" HPOS="497" VPOS="958" WIDTH="16"/>
						<String ID="P406_ST00138" HPOS="513" VPOS="927" WIDTH="127" HEIGHT="34" CONTENT="namely," WC="0.85" CC="0000604"/>
						<SP ID="P406_SP00121" HPOS="640" VPOS="961" WIDTH="15"/>
						<String ID="P406_ST00139" HPOS="655" VPOS="927" WIDTH="101" HEIGHT="25" CONTENT="shown" WC="0.75" CC="06500"/>
						<SP ID="P406_SP00122" HPOS="756" VPOS="961" WIDTH="15"/>
						<String ID="P406_ST00140" HPOS="771" VPOS="926" WIDTH="156" HEIGHT="26" CONTENT="Blenheim" WC="0.76" CC="70065000"/>
						<SP ID="P406_SP00123" HPOS="927" VPOS="961" WIDTH="21"/>
						<String ID="P406_ST00141" HPOS="948" VPOS="930" WIDTH="30" HEIGHT="22" CONTENT="to" WC="1.00" CC="00"/>
						<SP ID="P406_SP00124" HPOS="978" VPOS="961" WIDTH="20"/>
						<String ID="P406_ST00142" HPOS="998" VPOS="927" WIDTH="50" HEIGHT="25" CONTENT="the" WC="0.69" CC="260"/>
						<SP ID="P406_SP00125" HPOS="1048" VPOS="961" WIDTH="20"/>
						<String ID="P406_ST00143" HPOS="1068" VPOS="925" WIDTH="111" HEIGHT="35" CONTENT="public," WC="0.87" CC="0401002"/>
						<SP ID="P406_SP00126" HPOS="1179" VPOS="961" WIDTH="15"/>
						<String ID="P406_ST00144" HPOS="1194" VPOS="925" WIDTH="60" HEIGHT="25" CONTENT="and" WC="1.00" CC="000"/>
						<SP ID="P406_SP00127" HPOS="1254" VPOS="961" WIDTH="20"/>
						<String ID="P406_ST00145" HPOS="1274" VPOS="925" WIDTH="108" HEIGHT="26" CONTENT="shared" WC="0.85" CC="070100"/>
						<SP ID="P406_SP00128" HPOS="1382" VPOS="961" WIDTH="14"/>
						<String ID="P406_ST00146" HPOS="1396" VPOS="925" WIDTH="70" HEIGHT="26" CONTENT="with" WC="0.83" CC="0006"/>
						<SP ID="P406_SP00129" HPOS="1466" VPOS="961" WIDTH="15"/>
						<String ID="P406_ST00147" HPOS="1481" VPOS="925" WIDTH="77" HEIGHT="26" CONTENT="their" WC="0.85" CC="07000"/>
					</TextLine>
					<TextLine ID="P406_TL00016" HPOS="408" VPOS="974" WIDTH="1149" HEIGHT="36">
						<String ID="P406_ST00148" HPOS="408" VPOS="984" WIDTH="65" HEIGHT="18" CONTENT="own" WC="0.55" CC="093"/>
						<SP ID="P406_SP00130" HPOS="473" VPOS="1002" WIDTH="27"/>
						<String ID="P406_ST00149" HPOS="500" VPOS="976" WIDTH="157" HEIGHT="26" CONTENT="domestics" WC="0.93" CC="000000500"/>
						<SP ID="P406_SP00131" HPOS="657" VPOS="1002" WIDTH="27"/>
						<String ID="P406_ST00150" HPOS="684" VPOS="977" WIDTH="48" HEIGHT="25" CONTENT="the" WC="0.81" CC="050"/>
						<SP ID="P406_SP00132" HPOS="732" VPOS="1002" WIDTH="22"/>
						<String ID="P406_ST00151" HPOS="754" VPOS="977" WIDTH="80" HEIGHT="33" CONTENT="daily" WC="0.95" CC="00020"/>
						<SP ID="P406_SP00133" HPOS="834" VPOS="1010" WIDTH="22"/>
						<String ID="P406_ST00152" HPOS="856" VPOS="976" WIDTH="151" HEIGHT="34" CONTENT="proceeds." WC="1.00" CC="000000000"/>
						<SP ID="P406_SP00134" HPOS="1007" VPOS="1010" WIDTH="39"/>
						<String ID="P406_ST00153" HPOS="1046" VPOS="976" WIDTH="63" HEIGHT="25" CONTENT="The" WC="0.78" CC="060"/>
						<SP ID="P406_SP00135" HPOS="1109" VPOS="1010" WIDTH="27"/>
						<String ID="P406_ST00154" HPOS="1136" VPOS="975" WIDTH="79" HEIGHT="25" CONTENT="duke" WC="0.88" CC="0400"/>
						<SP ID="P406_SP00136" HPOS="1215" VPOS="1010" WIDTH="26"/>
						<String ID="P406_ST00155" HPOS="1241" VPOS="975" WIDTH="60" HEIGHT="25" CONTENT="and" WC="0.81" CC="050"/>
						<SP ID="P406_SP00137" HPOS="1301" VPOS="1010" WIDTH="27"/>
						<String ID="P406_ST00156" HPOS="1328" VPOS="974" WIDTH="127" HEIGHT="26" CONTENT="duchess" WC="0.88" CC="0205000"/>
						<SP ID="P406_SP00138" HPOS="1455" VPOS="1010" WIDTH="26"/>
						<String ID="P406_ST00157" HPOS="1481" VPOS="983" WIDTH="76" HEIGHT="17" CONTENT="were" WC="0.91" CC="0030"/>
					</TextLine>
					<TextLine ID="P406_TL00017" HPOS="408" VPOS="1023" WIDTH="1150" HEIGHT="36">
						<String ID="P406_ST00158" HPOS="408" VPOS="1025" WIDTH="140" HEIGHT="34" CONTENT="deprived" WC="0.82" CC="60530000"/>
						<SP ID="P406_SP00139" HPOS="548" VPOS="1059" WIDTH="14"/>
						<String ID="P406_ST00159" HPOS="562" VPOS="1024" WIDTH="33" HEIGHT="26" CONTENT="of" WC="1.00" CC="00"/>
						<SP ID="P406_SP00140" HPOS="595" VPOS="1059" WIDTH="18"/>
						<String ID="P406_ST00160" HPOS="613" VPOS="1025" WIDTH="76" HEIGHT="25" CONTENT="their" WC="0.80" CC="05040"/>
						<SP ID="P406_SP00141" HPOS="689" VPOS="1059" WIDTH="20"/>
						<String ID="P406_ST00161" HPOS="709" VPOS="1025" WIDTH="105" HEIGHT="32" CONTENT="offices," WC="0.95" CC="00000004"/>
						<SP ID="P406_SP00142" HPOS="814" VPOS="1059" WIDTH="15"/>
						<String ID="P406_ST00162" HPOS="829" VPOS="1025" WIDTH="88" HEIGHT="26" CONTENT="while" WC="0.85" CC="05010"/>
						<SP ID="P406_SP00143" HPOS="917" VPOS="1059" WIDTH="19"/>
						<String ID="P406_ST00163" HPOS="936" VPOS="1026" WIDTH="55" HEIGHT="25" CONTENT="Mr." WC="0.91" CC="020"/>
						<SP ID="P406_SP00144" HPOS="991" VPOS="1059" WIDTH="19"/>
						<String ID="P406_ST00164" HPOS="1010" VPOS="1025" WIDTH="141" HEIGHT="34" CONTENT="Walpole" WC="0.97" CC="0000020"/>
						<SP ID="P406_SP00145" HPOS="1151" VPOS="1059" WIDTH="20"/>
						<String ID="P406_ST00165" HPOS="1171" VPOS="1033" WIDTH="63" HEIGHT="17" CONTENT="was" WC="1.00" CC="000"/>
						<SP ID="P406_SP00146" HPOS="1234" VPOS="1059" WIDTH="24"/>
						<String ID="P406_ST00166" HPOS="1258" VPOS="1025" WIDTH="136" HEIGHT="34" CONTENT="expelled" WC="0.88" CC="00004400"/>
						<SP ID="P406_SP00147" HPOS="1394" VPOS="1059" WIDTH="15"/>
						<String ID="P406_ST00167" HPOS="1409" VPOS="1023" WIDTH="74" HEIGHT="27" CONTENT="from" WC="0.86" CC="4100"/>
						<SP ID="P406_SP00148" HPOS="1483" VPOS="1059" WIDTH="24"/>
						<String ID="P406_ST00168" HPOS="1507" VPOS="1024" WIDTH="51" HEIGHT="26" CONTENT="the" WC="0.77" CC="051"/>
					</TextLine>
					<TextLine ID="P406_TL00018" HPOS="408" VPOS="1073" WIDTH="1150" HEIGHT="36">
						<String ID="P406_ST00169" HPOS="408" VPOS="1074" WIDTH="103" HEIGHT="26" CONTENT="House" WC="0.90" CC="40000"/>
						<SP ID="P406_SP00149" HPOS="511" VPOS="1100" WIDTH="14"/>
						<String ID="P406_ST00170" HPOS="525" VPOS="1074" WIDTH="32" HEIGHT="26" CONTENT="of" WC="0.98" CC="00"/>
						<SP ID="P406_SP00150" HPOS="557" VPOS="1100" WIDTH="10"/>
						<String ID="P406_ST00171" HPOS="567" VPOS="1074" WIDTH="167" HEIGHT="33" CONTENT="Commons," WC="0.99" CC="00000001"/>
						<SP ID="P406_SP00151" HPOS="734" VPOS="1107" WIDTH="14"/>
						<String ID="P406_ST00172" HPOS="748" VPOS="1075" WIDTH="78" HEIGHT="25" CONTENT="amid" WC="1.00" CC="0000"/>
						<SP ID="P406_SP00152" HPOS="826" VPOS="1107" WIDTH="16"/>
						<String ID="P406_ST00173" HPOS="842" VPOS="1083" WIDTH="16" HEIGHT="17" CONTENT="a" WC="1.00" CC="0"/>
						<SP ID="P406_SP00153" HPOS="858" VPOS="1107" WIDTH="14"/>
						<String ID="P406_ST00174" HPOS="872" VPOS="1076" WIDTH="106" HEIGHT="24" CONTENT="chorus" WC="0.89" CC="060000"/>
						<SP ID="P406_SP00154" HPOS="978" VPOS="1107" WIDTH="11"/>
						<String ID="P406_ST00175" HPOS="989" VPOS="1074" WIDTH="33" HEIGHT="26" CONTENT="of" WC="1.00" CC="00"/>
						<SP ID="P406_SP00155" HPOS="1022" VPOS="1107" WIDTH="11"/>
						<String ID="P406_ST00176" HPOS="1033" VPOS="1077" WIDTH="16" HEIGHT="11" CONTENT='"' WC="0.55" CC="4"/>
						<SP ID="P406_SP00156" HPOS="1049" VPOS="1107" WIDTH="14"/>
						<String ID="P406_ST00177" HPOS="1063" VPOS="1074" WIDTH="90" HEIGHT="26" CONTENT="Serve" WC="1.00" CC="00000"/>
						<SP ID="P406_SP00157" HPOS="1153" VPOS="1107" WIDTH="15"/>
						<String ID="P406_ST00178" HPOS="1168" VPOS="1074" WIDTH="61" HEIGHT="25" CONTENT="him" WC="0.80" CC="600"/>
						<SP ID="P406_SP00158" HPOS="1229" VPOS="1107" WIDTH="15"/>
						<String ID="P406_ST00179" HPOS="1244" VPOS="1074" WIDTH="80" HEIGHT="35" CONTENT="right" WC="0.70" CC="35050"/>
						<String ID="P406_ST00180" HPOS="1333" VPOS="1074" WIDTH="15" HEIGHT="8" CONTENT='"' WC="0.65" CC="3"/>
						<SP ID="P406_SP00159" HPOS="1348" VPOS="1109" WIDTH="16"/>
						<String ID="P406_ST00181" HPOS="1364" VPOS="1073" WIDTH="74" HEIGHT="27" CONTENT="from" WC="0.88" CC="3100"/>
						<SP ID="P406_SP00160" HPOS="1438" VPOS="1109" WIDTH="15"/>
						<String ID="P406_ST00182" HPOS="1453" VPOS="1074" WIDTH="105" HEIGHT="35" CONTENT="nearly" WC="0.94" CC="000020"/>
					</TextLine>
					<TextLine ID="P406_TL00019" HPOS="408" VPOS="1122" WIDTH="585" HEIGHT="35">
						<String ID="P406_ST00183" HPOS="408" VPOS="1122" WIDTH="49" HEIGHT="26" CONTENT="the" WC="0.77" CC="060"/>
						<SP ID="P406_SP00161" HPOS="457" VPOS="1148" WIDTH="14"/>
						<String ID="P406_ST00184" HPOS="471" VPOS="1123" WIDTH="95" HEIGHT="25" CONTENT="whole" WC="0.83" CC="07010"/>
						<SP ID="P406_SP00162" HPOS="566" VPOS="1148" WIDTH="13"/>
						<String ID="P406_ST00185" HPOS="579" VPOS="1122" WIDTH="33" HEIGHT="27" CONTENT="of" WC="1.00" CC="00"/>
						<SP ID="P406_SP00163" HPOS="612" VPOS="1149" WIDTH="8"/>
						<String ID="P406_ST00186" HPOS="620" VPOS="1123" WIDTH="46" HEIGHT="25" CONTENT="his" WC="0.76" CC="700"/>
						<SP ID="P406_SP00164" HPOS="666" VPOS="1149" WIDTH="14"/>
						<String ID="P406_ST00187" HPOS="680" VPOS="1123" WIDTH="313" HEIGHT="34" CONTENT="fellow-countrymen." WC="0.93" CC="000300000210000040"/>
					</TextLine>
				</TextBlock>
				<TextBlock ID="P406_TB00005" HPOS="406" VPOS="1196" WIDTH="1150" HEIGHT="678" STYLEREFS="TXT_2 PAR_LEFT">
					<TextLine ID="P406_TL00020" HPOS="463" VPOS="1196" WIDTH="1093" HEIGHT="36">
						<String ID="P406_ST00188" HPOS="463" VPOS="1196" WIDTH="213" HEIGHT="35" CONTENT="Marlborough" WC="0.92" CC="00300100001"/>
						<SP ID="P406_SP00165" HPOS="676" VPOS="1231" WIDTH="25"/>
						<String ID="P406_ST00189" HPOS="701" VPOS="1205" WIDTH="61" HEIGHT="17" CONTENT="was" WC="1.00" CC="000"/>
						<SP ID="P406_SP00166" HPOS="762" VPOS="1231" WIDTH="25"/>
						<String ID="P406_ST00190" HPOS="787" VPOS="1197" WIDTH="112" HEIGHT="25" CONTENT="further" WC="0.84" CC="0420300"/>
						<SP ID="P406_SP00167" HPOS="899" VPOS="1231" WIDTH="26"/>
						<String ID="P406_ST00191" HPOS="925" VPOS="1198" WIDTH="125" HEIGHT="25" CONTENT="accused" WC="1.00" CC="0000000"/>
						<SP ID="P406_SP00168" HPOS="1050" VPOS="1231" WIDTH="26"/>
						<String ID="P406_ST00192" HPOS="1076" VPOS="1198" WIDTH="41" HEIGHT="34" CONTENT="by" WC="1.00" CC="00"/>
						<SP ID="P406_SP00169" HPOS="1117" VPOS="1232" WIDTH="25"/>
						<String ID="P406_ST00193" HPOS="1142" VPOS="1198" WIDTH="79" HEIGHT="25" CONTENT="Lord" WC="0.87" CC="1030"/>
						<SP ID="P406_SP00170" HPOS="1221" VPOS="1232" WIDTH="30"/>
						<String ID="P406_ST00194" HPOS="1251" VPOS="1197" WIDTH="105" HEIGHT="25" CONTENT="Paulet" WC="0.72" CC="605500"/>
						<SP ID="P406_SP00171" HPOS="1356" VPOS="1232" WIDTH="27"/>
						<String ID="P406_ST00195" HPOS="1383" VPOS="1196" WIDTH="33" HEIGHT="26" CONTENT="of" WC="0.96" CC="00"/>
						<SP ID="P406_SP00172" HPOS="1416" VPOS="1232" WIDTH="27"/>
						<String ID="P406_ST00196" HPOS="1443" VPOS="1197" WIDTH="113" HEIGHT="34" CONTENT="having" WC="0.80" CC="309000"/>
					</TextLine>
					<TextLine ID="P406_TL00021" HPOS="408" VPOS="1244" WIDTH="1148" HEIGHT="34">
						<String ID="P406_ST00197" HPOS="408" VPOS="1244" WIDTH="135" HEIGHT="26" CONTENT="knocked" WC="0.96" CC="0200000"/>
						<SP ID="P406_SP00173" HPOS="543" VPOS="1270" WIDTH="13"/>
						<String ID="P406_ST00198" HPOS="556" VPOS="1244" WIDTH="46" HEIGHT="26" CONTENT="his" WC="0.84" CC="400"/>
						<SP ID="P406_SP00174" HPOS="602" VPOS="1270" WIDTH="14"/>
						<String ID="P406_ST00199" HPOS="616" VPOS="1253" WIDTH="65" HEIGHT="18" CONTENT="own" WC="1.00" CC="000"/>
						<SP ID="P406_SP00175" HPOS="681" VPOS="1271" WIDTH="14"/>
						<String ID="P406_ST00200" HPOS="695" VPOS="1245" WIDTH="112" HEIGHT="26" CONTENT="officers" WC="0.96" CC="00000020"/>
						<SP ID="P406_SP00176" HPOS="807" VPOS="1271" WIDTH="21"/>
						<String ID="P406_ST00201" HPOS="828" VPOS="1254" WIDTH="37" HEIGHT="17" CONTENT="on" WC="1.00" CC="00"/>
						<SP ID="P406_SP00177" HPOS="865" VPOS="1271" WIDTH="21"/>
						<String ID="P406_ST00202" HPOS="886" VPOS="1246" WIDTH="50" HEIGHT="25" CONTENT="the" WC="0.81" CC="050"/>
						<SP ID="P406_SP00178" HPOS="936" VPOS="1271" WIDTH="19"/>
						<String ID="P406_ST00203" HPOS="955" VPOS="1246" WIDTH="87" HEIGHT="32" CONTENT="head," WC="0.78" CC="70003"/>
						<SP ID="P406_SP00179" HPOS="1042" VPOS="1278" WIDTH="15"/>
						<String ID="P406_ST00204" HPOS="1057" VPOS="1246" WIDTH="31" HEIGHT="26" CONTENT="in" WC="0.75" CC="40"/>
						<SP ID="P406_SP00180" HPOS="1088" VPOS="1278" WIDTH="14"/>
						<String ID="P406_ST00205" HPOS="1102" VPOS="1247" WIDTH="87" HEIGHT="25" CONTENT="order" WC="0.77" CC="05005"/>
						<SP ID="P406_SP00181" HPOS="1189" VPOS="1278" WIDTH="19"/>
						<String ID="P406_ST00206" HPOS="1208" VPOS="1250" WIDTH="31" HEIGHT="22" CONTENT="to" WC="1.00" CC="00"/>
						<SP ID="P406_SP00182" HPOS="1239" VPOS="1278" WIDTH="20"/>
						<String ID="P406_ST00207" HPOS="1259" VPOS="1246" WIDTH="37" HEIGHT="26" CONTENT="be" WC="1.00" CC="00"/>
						<SP ID="P406_SP00183" HPOS="1296" VPOS="1278" WIDTH="21"/>
						<String ID="P406_ST00208" HPOS="1317" VPOS="1246" WIDTH="127" HEIGHT="26" CONTENT="enabled" WC="1.00" CC="0000000"/>
						<SP ID="P406_SP00184" HPOS="1444" VPOS="1278" WIDTH="13"/>
						<String ID="P406_ST00209" HPOS="1457" VPOS="1249" WIDTH="31" HEIGHT="22" CONTENT="to" WC="0.79" CC="40"/>
						<SP ID="P406_SP00185" HPOS="1488" VPOS="1278" WIDTH="15"/>
						<String ID="P406_ST00210" HPOS="1503" VPOS="1247" WIDTH="53" HEIGHT="24" CONTENT="sell" WC="1.00" CC="0000"/>
					</TextLine>
					<TextLine ID="P406_TL00022" HPOS="409" VPOS="1294" WIDTH="1147" HEIGHT="31">
						<String ID="P406_ST00211" HPOS="409" VPOS="1294" WIDTH="76" HEIGHT="25" CONTENT="their" WC="0.78" CC="06003"/>
						<SP ID="P406_SP00186" HPOS="485" VPOS="1319" WIDTH="26"/>
						<String ID="P406_ST00212" HPOS="511" VPOS="1294" WIDTH="202" HEIGHT="25" CONTENT="commissions" WC="0.82" CC="00235004040"/>
						<String ID="P406_ST00213" HPOS="726" VPOS="1305" WIDTH="5" HEIGHT="20" CONTENT=";" WC="0.44" CC="5"/>
						<SP ID="P406_SP00187" HPOS="731" VPOS="1325" WIDTH="34"/>
						<String ID="P406_ST00214" HPOS="765" VPOS="1296" WIDTH="52" HEIGHT="25" CONTENT="but" WC="0.89" CC="030"/>
						<SP ID="P406_SP00188" HPOS="817" VPOS="1325" WIDTH="26"/>
						<String ID="P406_ST00215" HPOS="843" VPOS="1295" WIDTH="60" HEIGHT="25" CONTENT="this" WC="0.77" CC="0720"/>
						<SP ID="P406_SP00189" HPOS="903" VPOS="1325" WIDTH="26"/>
						<String ID="P406_ST00216" HPOS="929" VPOS="1296" WIDTH="97" HEIGHT="25" CONTENT="would" WC="0.92" CC="00300"/>
						<SP ID="P406_SP00190" HPOS="1026" VPOS="1325" WIDTH="27"/>
						<String ID="P406_ST00217" HPOS="1053" VPOS="1304" WIDTH="81" HEIGHT="17" CONTENT="seem" WC="1.00" CC="0000"/>
						<SP ID="P406_SP00191" HPOS="1134" VPOS="1325" WIDTH="33"/>
						<String ID="P406_ST00218" HPOS="1167" VPOS="1300" WIDTH="30" HEIGHT="21" CONTENT="to" WC="1.00" CC="00"/>
						<SP ID="P406_SP00192" HPOS="1197" VPOS="1325" WIDTH="32"/>
						<String ID="P406_ST00219" HPOS="1229" VPOS="1296" WIDTH="77" HEIGHT="26" CONTENT="have" WC="0.94" CC="2000"/>
						<SP ID="P406_SP00193" HPOS="1306" VPOS="1325" WIDTH="27"/>
						<String ID="P406_ST00220" HPOS="1333" VPOS="1296" WIDTH="76" HEIGHT="25" CONTENT="been" WC="0.95" CC="0002"/>
						<SP ID="P406_SP00194" HPOS="1409" VPOS="1325" WIDTH="27"/>
						<String ID="P406_ST00221" HPOS="1436" VPOS="1304" WIDTH="17" HEIGHT="17" CONTENT="a" WC="1.00" CC="0"/>
						<SP ID="P406_SP00195" HPOS="1453" VPOS="1325" WIDTH="26"/>
						<String ID="P406_ST00222" HPOS="1479" VPOS="1300" WIDTH="77" HEIGHT="21" CONTENT="most" WC="1.00" CC="0000"/>
					</TextLine>
					<TextLine ID="P406_TL00023" HPOS="410" VPOS="1342" WIDTH="1146" HEIGHT="38">
						<String ID="P406_ST00223" HPOS="410" VPOS="1342" WIDTH="178" HEIGHT="35" CONTENT="superfluous" WC="0.85" CC="06001332000"/>
						<SP ID="P406_SP00196" HPOS="588" VPOS="1377" WIDTH="29"/>
						<String ID="P406_ST00224" HPOS="617" VPOS="1343" WIDTH="81" HEIGHT="34" CONTENT="piece" WC="1.00" CC="00000"/>
						<SP ID="P406_SP00197" HPOS="698" VPOS="1377" WIDTH="21"/>
						<String ID="P406_ST00225" HPOS="719" VPOS="1344" WIDTH="33" HEIGHT="25" CONTENT="of" WC="1.00" CC="00"/>
						<SP ID="P406_SP00198" HPOS="752" VPOS="1377" WIDTH="22"/>
						<String ID="P406_ST00226" HPOS="774" VPOS="1344" WIDTH="133" HEIGHT="36" CONTENT="atrocity," WC="0.88" CC="030001204"/>
						<SP ID="P406_SP00199" HPOS="907" VPOS="1380" WIDTH="21"/>
						<String ID="P406_ST00227" HPOS="928" VPOS="1344" WIDTH="44" HEIGHT="26" CONTENT="for" WC="0.89" CC="003"/>
						<SP ID="P406_SP00200" HPOS="972" VPOS="1380" WIDTH="25"/>
						<String ID="P406_ST00228" HPOS="997" VPOS="1345" WIDTH="38" HEIGHT="25" CONTENT="he" WC="0.73" CC="50"/>
						<SP ID="P406_SP00201" HPOS="1035" VPOS="1380" WIDTH="27"/>
						<String ID="P406_ST00229" HPOS="1062" VPOS="1346" WIDTH="97" HEIGHT="34" CONTENT="might" WC="0.60" CC="04950"/>
						<SP ID="P406_SP00202" HPOS="1159" VPOS="1380" WIDTH="25"/>
						<String ID="P406_ST00230" HPOS="1184" VPOS="1346" WIDTH="78" HEIGHT="25" CONTENT="have" WC="0.82" CC="7000"/>
						<SP ID="P406_SP00203" HPOS="1262" VPOS="1380" WIDTH="27"/>
						<String ID="P406_ST00231" HPOS="1289" VPOS="1345" WIDTH="94" HEIGHT="35" CONTENT="easily" WC="1.00" CC="000000"/>
						<SP ID="P406_SP00204" HPOS="1383" VPOS="1380" WIDTH="19"/>
						<String ID="P406_ST00232" HPOS="1402" VPOS="1349" WIDTH="53" HEIGHT="30" CONTENT="got" WC="0.96" CC="001"/>
						<SP ID="P406_SP00205" HPOS="1455" VPOS="1380" WIDTH="26"/>
						<String ID="P406_ST00233" HPOS="1481" VPOS="1346" WIDTH="75" HEIGHT="25" CONTENT="their" WC="0.68" CC="04055"/>
					</TextLine>
					<TextLine ID="P406_TL00024" HPOS="408" VPOS="1392" WIDTH="1148" HEIGHT="38">
						<String ID="P406_ST00234" HPOS="408" VPOS="1392" WIDTH="92" HEIGHT="26" CONTENT="heads" WC="0.88" CC="60000"/>
						<SP ID="P406_SP00206" HPOS="500" VPOS="1418" WIDTH="22"/>
						<String ID="P406_ST00235" HPOS="522" VPOS="1392" WIDTH="135" HEIGHT="26" CONTENT="knocked" WC="0.86" CC="9000000"/>
						<SP ID="P406_SP00207" HPOS="657" VPOS="1418" WIDTH="27"/>
						<String ID="P406_ST00236" HPOS="684" VPOS="1392" WIDTH="43" HEIGHT="27" CONTENT="off" WC="1.00" CC="000"/>
						<SP ID="P406_SP00208" HPOS="727" VPOS="1419" WIDTH="21"/>
						<String ID="P406_ST00237" HPOS="748" VPOS="1393" WIDTH="30" HEIGHT="26" CONTENT="in" WC="1.00" CC="00"/>
						<SP ID="P406_SP00209" HPOS="778" VPOS="1419" WIDTH="25"/>
						<String ID="P406_ST00238" HPOS="803" VPOS="1402" WIDTH="17" HEIGHT="17" CONTENT="a" WC="1.00" CC="0"/>
						<SP ID="P406_SP00210" HPOS="820" VPOS="1419" WIDTH="22"/>
						<String ID="P406_ST00239" HPOS="842" VPOS="1402" WIDTH="82" HEIGHT="17" CONTENT="more" WC="0.95" CC="0020"/>
						<SP ID="P406_SP00211" HPOS="924" VPOS="1419" WIDTH="25"/>
						<String ID="P406_ST00240" HPOS="949" VPOS="1394" WIDTH="119" HEIGHT="35" CONTENT="regular" WC="0.84" CC="0004105"/>
						<SP ID="P406_SP00212" HPOS="1068" VPOS="1429" WIDTH="27"/>
						<String ID="P406_ST00241" HPOS="1095" VPOS="1395" WIDTH="59" HEIGHT="25" CONTENT="and" WC="1.00" CC="000"/>
						<SP ID="P406_SP00213" HPOS="1154" VPOS="1429" WIDTH="26"/>
						<String ID="P406_ST00242" HPOS="1180" VPOS="1395" WIDTH="156" HEIGHT="34" CONTENT="reputable" WC="0.92" CC="200400000"/>
						<SP ID="P406_SP00214" HPOS="1336" VPOS="1429" WIDTH="20"/>
						<String ID="P406_ST00243" HPOS="1356" VPOS="1403" WIDTH="132" HEIGHT="24" CONTENT="manner," WC="0.94" CC="0000004"/>
						<SP ID="P406_SP00215" HPOS="1488" VPOS="1429" WIDTH="28"/>
						<String ID="P406_ST00244" HPOS="1516" VPOS="1396" WIDTH="40" HEIGHT="34" CONTENT="by" WC="0.80" CC="30"/>
					</TextLine>
					<TextLine ID="P406_TL00025" HPOS="410" VPOS="1441" WIDTH="1144" HEIGHT="39">
						<String ID="P406_ST00245" HPOS="410" VPOS="1441" WIDTH="145" HEIGHT="34" CONTENT="exposing" WC="0.83" CC="00700400"/>
						<SP ID="P406_SP00216" HPOS="555" VPOS="1475" WIDTH="19"/>
						<String ID="P406_ST00246" HPOS="574" VPOS="1441" WIDTH="79" HEIGHT="27" CONTENT="them" WC="0.81" CC="0700"/>
						<SP ID="P406_SP00217" HPOS="653" VPOS="1475" WIDTH="21"/>
						<String ID="P406_ST00247" HPOS="674" VPOS="1446" WIDTH="30" HEIGHT="22" CONTENT="to" WC="1.00" CC="00"/>
						<SP ID="P406_SP00218" HPOS="704" VPOS="1475" WIDTH="20"/>
						<String ID="P406_ST00248" HPOS="724" VPOS="1442" WIDTH="49" HEIGHT="26" CONTENT="the" WC="0.70" CC="530"/>
						<SP ID="P406_SP00219" HPOS="773" VPOS="1475" WIDTH="20"/>
						<String ID="P406_ST00249" HPOS="793" VPOS="1442" WIDTH="92" HEIGHT="27" CONTENT="blows" WC="0.95" CC="02000"/>
						<SP ID="P406_SP00220" HPOS="885" VPOS="1475" WIDTH="21"/>
						<String ID="P406_ST00250" HPOS="906" VPOS="1442" WIDTH="33" HEIGHT="27" CONTENT="of" WC="1.00" CC="00"/>
						<SP ID="P406_SP00221" HPOS="939" VPOS="1475" WIDTH="18"/>
						<String ID="P406_ST00251" HPOS="957" VPOS="1444" WIDTH="50" HEIGHT="25" CONTENT="the" WC="0.71" CC="250"/>
						<SP ID="P406_SP00222" HPOS="1007" VPOS="1475" WIDTH="23"/>
						<String ID="P406_ST00252" HPOS="1030" VPOS="1452" WIDTH="116" HEIGHT="27" CONTENT="enemy." WC="1.00" CC="000000"/>
						<SP ID="P406_SP00223" HPOS="1146" VPOS="1479" WIDTH="40"/>
						<String ID="P406_ST00253" HPOS="1186" VPOS="1445" WIDTH="64" HEIGHT="25" CONTENT="The" WC="0.81" CC="040"/>
						<SP ID="P406_SP00224" HPOS="1250" VPOS="1479" WIDTH="19"/>
						<String ID="P406_ST00254" HPOS="1269" VPOS="1445" WIDTH="89" HEIGHT="25" CONTENT="Duke" WC="0.89" CC="0400"/>
						<SP ID="P406_SP00225" HPOS="1358" VPOS="1479" WIDTH="22"/>
						<String ID="P406_ST00255" HPOS="1380" VPOS="1445" WIDTH="174" HEIGHT="35" CONTENT="challenged" WC="0.93" CC="0300003000"/>
					</TextLine>
					<TextLine ID="P406_TL00026" HPOS="408" VPOS="1490" WIDTH="1146" HEIGHT="39">
						<String ID="P406_ST00256" HPOS="408" VPOS="1490" WIDTH="77" HEIGHT="25" CONTENT="Lord" WC="0.89" CC="2010"/>
						<SP ID="P406_SP00226" HPOS="485" VPOS="1515" WIDTH="14"/>
						<String ID="P406_ST00257" HPOS="499" VPOS="1491" WIDTH="105" HEIGHT="25" CONTENT="Paulet" WC="0.87" CC="600001"/>
						<SP ID="P406_SP00227" HPOS="604" VPOS="1516" WIDTH="12"/>
						<String ID="P406_ST00258" HPOS="616" VPOS="1491" WIDTH="44" HEIGHT="26" CONTENT="for" WC="0.80" CC="500"/>
						<SP ID="P406_SP00228" HPOS="660" VPOS="1517" WIDTH="13"/>
						<String ID="P406_ST00259" HPOS="673" VPOS="1491" WIDTH="112" HEIGHT="36" CONTENT="having" WC="0.83" CC="400500"/>
						<SP ID="P406_SP00229" HPOS="785" VPOS="1527" WIDTH="14"/>
						<String ID="P406_ST00260" HPOS="799" VPOS="1492" WIDTH="87" HEIGHT="26" CONTENT="made" WC="0.64" CC="0950"/>
						<SP ID="P406_SP00230" HPOS="886" VPOS="1527" WIDTH="14"/>
						<String ID="P406_ST00261" HPOS="900" VPOS="1492" WIDTH="58" HEIGHT="26" CONTENT="this" WC="0.85" CC="0500"/>
						<SP ID="P406_SP00231" HPOS="958" VPOS="1527" WIDTH="16"/>
						<String ID="P406_ST00262" HPOS="974" VPOS="1494" WIDTH="144" HEIGHT="25" CONTENT="assertion" WC="0.98" CC="000010000"/>
						<SP ID="P406_SP00232" HPOS="1118" VPOS="1527" WIDTH="13"/>
						<String ID="P406_ST00263" HPOS="1131" VPOS="1505" WIDTH="5" HEIGHT="19" CONTENT=";" WC="0.50" CC="4"/>
						<SP ID="P406_SP00233" HPOS="1136" VPOS="1527" WIDTH="22"/>
						<String ID="P406_ST00264" HPOS="1158" VPOS="1495" WIDTH="54" HEIGHT="26" CONTENT="but" WC="0.76" CC="052"/>
						<SP ID="P406_SP00234" HPOS="1212" VPOS="1527" WIDTH="14"/>
						<String ID="P406_ST00265" HPOS="1226" VPOS="1494" WIDTH="74" HEIGHT="26" CONTENT="after" WC="0.85" CC="02004"/>
						<SP ID="P406_SP00235" HPOS="1300" VPOS="1527" WIDTH="10"/>
						<String ID="P406_ST00266" HPOS="1310" VPOS="1502" WIDTH="37" HEIGHT="17" CONTENT="an" WC="0.95" CC="00"/>
						<SP ID="P406_SP00236" HPOS="1347" VPOS="1527" WIDTH="14"/>
						<String ID="P406_ST00267" HPOS="1361" VPOS="1494" WIDTH="193" HEIGHT="35" CONTENT="interchange" WC="0.84" CC="50000060400"/>
					</TextLine>
					<TextLine ID="P406_TL00027" HPOS="409" VPOS="1539" WIDTH="1145" HEIGHT="39">
						<String ID="P406_ST00268" HPOS="409" VPOS="1539" WIDTH="32" HEIGHT="25" CONTENT="of" WC="1.00" CC="00"/>
						<SP ID="P406_SP00237" HPOS="441" VPOS="1564" WIDTH="9"/>
						<String ID="P406_ST00269" HPOS="450" VPOS="1539" WIDTH="106" HEIGHT="26" CONTENT="hostile" WC="0.83" CC="5030020"/>
						<SP ID="P406_SP00238" HPOS="556" VPOS="1565" WIDTH="15"/>
						<String ID="P406_ST00270" HPOS="571" VPOS="1548" WIDTH="159" HEIGHT="26" CONTENT="messages," WC="0.99" CC="000000000"/>
						<SP ID="P406_SP00239" HPOS="730" VPOS="1574" WIDTH="15"/>
						<String ID="P406_ST00271" HPOS="745" VPOS="1540" WIDTH="50" HEIGHT="27" CONTENT="the" WC="0.79" CC="060"/>
						<SP ID="P406_SP00240" HPOS="795" VPOS="1574" WIDTH="15"/>
						<String ID="P406_ST00272" HPOS="810" VPOS="1541" WIDTH="124" HEIGHT="27" CONTENT="seconds" WC="1.00" CC="0000000"/>
						<SP ID="P406_SP00241" HPOS="934" VPOS="1574" WIDTH="18"/>
						<String ID="P406_ST00273" HPOS="952" VPOS="1542" WIDTH="152" HEIGHT="27" CONTENT="contrived" WC="0.94" CC="000013000"/>
						<SP ID="P406_SP00242" HPOS="1104" VPOS="1574" WIDTH="14"/>
						<String ID="P406_ST00274" HPOS="1118" VPOS="1552" WIDTH="33" HEIGHT="17" CONTENT="so" WC="1.00" CC="00"/>
						<SP ID="P406_SP00243" HPOS="1151" VPOS="1574" WIDTH="14"/>
						<String ID="P406_ST00275" HPOS="1165" VPOS="1547" WIDTH="30" HEIGHT="22" CONTENT="to" WC="0.89" CC="20"/>
						<SP ID="P406_SP00244" HPOS="1195" VPOS="1574" WIDTH="15"/>
						<String ID="P406_ST00276" HPOS="1210" VPOS="1543" WIDTH="176" HEIGHT="35" CONTENT="complicate" WC="0.75" CC="0009030550"/>
						<SP ID="P406_SP00245" HPOS="1386" VPOS="1578" WIDTH="19"/>
						<String ID="P406_ST00277" HPOS="1405" VPOS="1544" WIDTH="50" HEIGHT="25" CONTENT="the" WC="0.78" CC="060"/>
						<SP ID="P406_SP00246" HPOS="1455" VPOS="1578" WIDTH="20"/>
						<String ID="P406_ST00278" HPOS="1475" VPOS="1543" WIDTH="79" HEIGHT="25" CONTENT="busi" SUBS_TYPE="HypPart1" SUBS_CONTENT="business" WC="0.90" CC="04000"/>
						<HYP CONTENT="-"/>
					</TextLine>
					<TextLine ID="P406_TL00028" HPOS="408" VPOS="1589" WIDTH="1146" HEIGHT="38">
						<String ID="P406_ST00279" HPOS="408" VPOS="1596" WIDTH="68" HEIGHT="17" CONTENT="ness" SUBS_TYPE="HypPart2" SUBS_CONTENT="business" WC="0.89" CC="4000"/>
						<SP ID="P406_SP00247" HPOS="476" VPOS="1613" WIDTH="20"/>
						<String ID="P406_ST00280" HPOS="496" VPOS="1596" WIDTH="32" HEIGHT="17" CONTENT="as" WC="1.00" CC="00"/>
						<SP ID="P406_SP00248" HPOS="528" VPOS="1613" WIDTH="20"/>
						<String ID="P406_ST00281" HPOS="548" VPOS="1592" WIDTH="30" HEIGHT="22" CONTENT="to" WC="1.00" CC="00"/>
						<SP ID="P406_SP00249" HPOS="578" VPOS="1614" WIDTH="20"/>
						<String ID="P406_ST00282" HPOS="598" VPOS="1589" WIDTH="62" HEIGHT="25" CONTENT="lose" WC="0.89" CC="4000"/>
						<SP ID="P406_SP00250" HPOS="660" VPOS="1614" WIDTH="16"/>
						<String ID="P406_ST00283" HPOS="676" VPOS="1589" WIDTH="80" HEIGHT="34" CONTENT="sight" WC="0.76" CC="05050"/>
						<SP ID="P406_SP00251" HPOS="756" VPOS="1623" WIDTH="14"/>
						<String ID="P406_ST00284" HPOS="770" VPOS="1589" WIDTH="33" HEIGHT="26" CONTENT="of" WC="1.00" CC="00"/>
						<SP ID="P406_SP00252" HPOS="803" VPOS="1623" WIDTH="16"/>
						<String ID="P406_ST00285" HPOS="819" VPOS="1590" WIDTH="51" HEIGHT="26" CONTENT="the" WC="0.59" CC="560"/>
						<SP ID="P406_SP00253" HPOS="870" VPOS="1623" WIDTH="20"/>
						<String ID="P406_ST00286" HPOS="890" VPOS="1591" WIDTH="60" HEIGHT="26" CONTENT="real" WC="0.88" CC="2001"/>
						<SP ID="P406_SP00254" HPOS="950" VPOS="1623" WIDTH="15"/>
						<String ID="P406_ST00287" HPOS="965" VPOS="1596" WIDTH="109" HEIGHT="22" CONTENT="matter" WC="1.00" CC="000000"/>
						<SP ID="P406_SP00255" HPOS="1074" VPOS="1623" WIDTH="13"/>
						<String ID="P406_ST00288" HPOS="1087" VPOS="1592" WIDTH="33" HEIGHT="26" CONTENT="of" WC="1.00" CC="00"/>
						<SP ID="P406_SP00256" HPOS="1120" VPOS="1623" WIDTH="14"/>
						<String ID="P406_ST00289" HPOS="1134" VPOS="1592" WIDTH="127" HEIGHT="35" CONTENT="dispute," WC="0.86" CC="03004003"/>
						<SP ID="P406_SP00257" HPOS="1261" VPOS="1627" WIDTH="16"/>
						<String ID="P406_ST00290" HPOS="1277" VPOS="1593" WIDTH="59" HEIGHT="25" CONTENT="and" WC="1.00" CC="000"/>
						<SP ID="P406_SP00258" HPOS="1336" VPOS="1627" WIDTH="14"/>
						<String ID="P406_ST00291" HPOS="1350" VPOS="1593" WIDTH="50" HEIGHT="25" CONTENT="the" WC="0.83" CC="050"/>
						<SP ID="P406_SP00259" HPOS="1400" VPOS="1627" WIDTH="13"/>
						<String ID="P406_ST00292" HPOS="1413" VPOS="1592" WIDTH="68" HEIGHT="26" CONTENT="duel" WC="0.88" CC="0400"/>
						<SP ID="P406_SP00260" HPOS="1481" VPOS="1627" WIDTH="12"/>
						<String ID="P406_ST00293" HPOS="1493" VPOS="1601" WIDTH="61" HEIGHT="17" CONTENT="was" WC="1.00" CC="000"/>
					</TextLine>
					<TextLine ID="P406_TL00029" HPOS="407" VPOS="1639" WIDTH="1147" HEIGHT="39">
						<String ID="P406_ST00294" HPOS="407" VPOS="1639" WIDTH="169" HEIGHT="33" CONTENT="prevented." WC="0.97" CC="0200000000"/>
						<SP ID="P406_SP00261" HPOS="576" VPOS="1672" WIDTH="39"/>
						<String ID="P406_ST00295" HPOS="615" VPOS="1639" WIDTH="62" HEIGHT="26" CONTENT="The" WC="0.80" CC="050"/>
						<SP ID="P406_SP00262" HPOS="677" VPOS="1672" WIDTH="11"/>
						<String ID="P406_ST00296" HPOS="688" VPOS="1640" WIDTH="167" HEIGHT="33" CONTENT="reputation" WC="0.92" CC="1000000500"/>
						<SP ID="P406_SP00263" HPOS="855" VPOS="1673" WIDTH="13"/>
						<String ID="P406_ST00297" HPOS="868" VPOS="1640" WIDTH="32" HEIGHT="26" CONTENT="of" WC="1.00" CC="00"/>
						<SP ID="P406_SP00264" HPOS="900" VPOS="1673" WIDTH="9"/>
						<String ID="P406_ST00298" HPOS="909" VPOS="1640" WIDTH="216" HEIGHT="37" CONTENT="Marlborough" WC="0.88" CC="00000010406"/>
						<SP ID="P406_SP00265" HPOS="1125" VPOS="1677" WIDTH="14"/>
						<String ID="P406_ST00299" HPOS="1139" VPOS="1651" WIDTH="61" HEIGHT="17" CONTENT="was" WC="1.00" CC="000"/>
						<SP ID="P406_SP00266" HPOS="1200" VPOS="1677" WIDTH="15"/>
						<String ID="P406_ST00300" HPOS="1215" VPOS="1651" WIDTH="32" HEIGHT="17" CONTENT="so" WC="1.00" CC="00"/>
						<SP ID="P406_SP00267" HPOS="1247" VPOS="1677" WIDTH="15"/>
						<String ID="P406_ST00301" HPOS="1262" VPOS="1643" WIDTH="149" HEIGHT="35" CONTENT="damaged" WC="1.00" CC="0000000"/>
						<SP ID="P406_SP00268" HPOS="1411" VPOS="1678" WIDTH="14"/>
						<String ID="P406_ST00302" HPOS="1425" VPOS="1643" WIDTH="40" HEIGHT="34" CONTENT="by" WC="1.00" CC="00"/>
						<SP ID="P406_SP00269" HPOS="1465" VPOS="1678" WIDTH="10"/>
						<String ID="P406_ST00303" HPOS="1475" VPOS="1642" WIDTH="79" HEIGHT="26" CONTENT="what" WC="0.84" CC="0600"/>
					</TextLine>
					<TextLine ID="P406_TL00030" HPOS="407" VPOS="1688" WIDTH="1147" HEIGHT="38">
						<String ID="P406_ST00304" HPOS="407" VPOS="1688" WIDTH="60" HEIGHT="24" CONTENT="had" WC="0.78" CC="600"/>
						<SP ID="P406_SP00270" HPOS="467" VPOS="1712" WIDTH="22"/>
						<String ID="P406_ST00305" HPOS="489" VPOS="1688" WIDTH="90" HEIGHT="25" CONTENT="taken" WC="0.99" CC="00000"/>
						<SP ID="P406_SP00271" HPOS="579" VPOS="1713" WIDTH="24"/>
						<String ID="P406_ST00306" HPOS="603" VPOS="1688" WIDTH="92" HEIGHT="34" CONTENT="place," WC="0.97" CC="000001"/>
						<SP ID="P406_SP00272" HPOS="695" VPOS="1722" WIDTH="25"/>
						<String ID="P406_ST00307" HPOS="720" VPOS="1689" WIDTH="64" HEIGHT="26" CONTENT="that" WC="0.80" CC="1600"/>
						<SP ID="P406_SP00273" HPOS="784" VPOS="1722" WIDTH="19"/>
						<String ID="P406_ST00308" HPOS="803" VPOS="1689" WIDTH="38" HEIGHT="26" CONTENT="he" WC="0.67" CC="60"/>
						<SP ID="P406_SP00274" HPOS="841" VPOS="1722" WIDTH="23"/>
						<String ID="P406_ST00309" HPOS="864" VPOS="1689" WIDTH="141" HEIGHT="28" CONTENT="obtained" WC="0.97" CC="00000200"/>
						<SP ID="P406_SP00275" HPOS="1005" VPOS="1722" WIDTH="22"/>
						<String ID="P406_ST00310" HPOS="1027" VPOS="1691" WIDTH="179" HEIGHT="34" CONTENT="permission" WC="0.89" CC="0020203100"/>
						<SP ID="P406_SP00276" HPOS="1206" VPOS="1725" WIDTH="23"/>
						<String ID="P406_ST00311" HPOS="1229" VPOS="1691" WIDTH="33" HEIGHT="26" CONTENT="of" WC="1.00" CC="00"/>
						<SP ID="P406_SP00277" HPOS="1262" VPOS="1725" WIDTH="16"/>
						<String ID="P406_ST00312" HPOS="1278" VPOS="1692" WIDTH="51" HEIGHT="25" CONTENT="the" WC="0.68" CC="350"/>
						<SP ID="P406_SP00278" HPOS="1329" VPOS="1725" WIDTH="21"/>
						<String ID="P406_ST00313" HPOS="1350" VPOS="1700" WIDTH="95" HEIGHT="26" CONTENT="queen" WC="0.92" CC="00003"/>
						<SP ID="P406_SP00279" HPOS="1445" VPOS="1726" WIDTH="20"/>
						<String ID="P406_ST00314" HPOS="1465" VPOS="1695" WIDTH="30" HEIGHT="22" CONTENT="to" WC="0.77" CC="40"/>
						<SP ID="P406_SP00280" HPOS="1495" VPOS="1726" WIDTH="21"/>
						<String ID="P406_ST00315" HPOS="1516" VPOS="1700" WIDTH="38" HEIGHT="26" CONTENT="go" WC="1.00" CC="00"/>
					</TextLine>
					<TextLine ID="P406_TL00031" HPOS="408" VPOS="1736" WIDTH="1146" HEIGHT="41">
						<String ID="P406_ST00316" HPOS="408" VPOS="1736" WIDTH="119" HEIGHT="32" CONTENT="abroad," WC="0.94" CC="0000003"/>
						<SP ID="P406_SP00281" HPOS="527" VPOS="1768" WIDTH="17"/>
						<String ID="P406_ST00317" HPOS="544" VPOS="1737" WIDTH="58" HEIGHT="25" CONTENT="and" WC="1.00" CC="000"/>
						<SP ID="P406_SP00282" HPOS="602" VPOS="1768" WIDTH="14"/>
						<String ID="P406_ST00318" HPOS="616" VPOS="1737" WIDTH="37" HEIGHT="25" CONTENT="he" WC="0.72" CC="50"/>
						<SP ID="P406_SP00283" HPOS="653" VPOS="1768" WIDTH="14"/>
						<String ID="P406_ST00319" HPOS="667" VPOS="1738" WIDTH="118" HEIGHT="26" CONTENT="crossed" WC="1.00" CC="0000000"/>
						<SP ID="P406_SP00284" HPOS="785" VPOS="1768" WIDTH="14"/>
						<String ID="P406_ST00320" HPOS="799" VPOS="1746" WIDTH="70" HEIGHT="18" CONTENT="over" WC="0.92" CC="0003"/>
						<SP ID="P406_SP00285" HPOS="869" VPOS="1768" WIDTH="13"/>
						<String ID="P406_ST00321" HPOS="882" VPOS="1743" WIDTH="30" HEIGHT="22" CONTENT="to" WC="1.00" CC="00"/>
						<SP ID="P406_SP00286" HPOS="912" VPOS="1768" WIDTH="15"/>
						<String ID="P406_ST00322" HPOS="927" VPOS="1739" WIDTH="124" HEIGHT="33" CONTENT="Ostend," WC="0.87" CC="4000004"/>
						<SP ID="P406_SP00287" HPOS="1051" VPOS="1772" WIDTH="16"/>
						<String ID="P406_ST00323" HPOS="1067" VPOS="1740" WIDTH="29" HEIGHT="27" CONTENT="in" WC="0.61" CC="34"/>
						<SP ID="P406_SP00288" HPOS="1096" VPOS="1772" WIDTH="20"/>
						<String ID="P406_ST00324" HPOS="1116" VPOS="1741" WIDTH="50" HEIGHT="26" CONTENT="the" WC="0.82" CC="050"/>
						<SP ID="P406_SP00289" HPOS="1166" VPOS="1772" WIDTH="13"/>
						<String ID="P406_ST00325" HPOS="1179" VPOS="1750" WIDTH="99" HEIGHT="27" CONTENT="vague" WC="0.89" CC="00050"/>
						<SP ID="P406_SP00290" HPOS="1278" VPOS="1777" WIDTH="13"/>
						<String ID="P406_ST00326" HPOS="1291" VPOS="1741" WIDTH="78" HEIGHT="35" CONTENT="hope" WC="0.84" CC="6000"/>
						<SP ID="P406_SP00291" HPOS="1369" VPOS="1777" WIDTH="14"/>
						<String ID="P406_ST00327" HPOS="1383" VPOS="1741" WIDTH="64" HEIGHT="26" CONTENT="that" WC="0.92" CC="0101"/>
						<SP ID="P406_SP00292" HPOS="1447" VPOS="1777" WIDTH="20"/>
						<String ID="P406_ST00328" HPOS="1467" VPOS="1750" WIDTH="17" HEIGHT="17" CONTENT="a" WC="1.00" CC="0"/>
						<SP ID="P406_SP00293" HPOS="1484" VPOS="1777" WIDTH="21"/>
						<String ID="P406_ST00329" HPOS="1505" VPOS="1749" WIDTH="49" HEIGHT="17" CONTENT="sea" WC="1.00" CC="000"/>
					</TextLine>
					<TextLine ID="P406_TL00032" HPOS="407" VPOS="1785" WIDTH="1149" HEIGHT="40">
						<String ID="P406_ST00330" HPOS="407" VPOS="1794" WIDTH="116" HEIGHT="26" CONTENT="voyage" WC="1.00" CC="000000"/>
						<SP ID="P406_SP00294" HPOS="523" VPOS="1820" WIDTH="14"/>
						<String ID="P406_ST00331" HPOS="537" VPOS="1785" WIDTH="95" HEIGHT="35" CONTENT="might" WC="0.81" CC="04050"/>
						<SP ID="P406_SP00295" HPOS="632" VPOS="1820" WIDTH="15"/>
						<String ID="P406_ST00332" HPOS="647" VPOS="1786" WIDTH="75" HEIGHT="26" CONTENT="have" WC="0.85" CC="5000"/>
						<SP ID="P406_SP00296" HPOS="722" VPOS="1820" WIDTH="15"/>
						<String ID="P406_ST00333" HPOS="737" VPOS="1787" WIDTH="50" HEIGHT="25" CONTENT="the" WC="0.81" CC="050"/>
						<SP ID="P406_SP00297" HPOS="787" VPOS="1820" WIDTH="14"/>
						<String ID="P406_ST00334" HPOS="801" VPOS="1796" WIDTH="81" HEIGHT="18" CONTENT="same" WC="1.00" CC="0000"/>
						<SP ID="P406_SP00298" HPOS="882" VPOS="1820" WIDTH="15"/>
						<String ID="P406_ST00335" HPOS="897" VPOS="1788" WIDTH="83" HEIGHT="27" CONTENT="effect" WC="1.00" CC="000000"/>
						<SP ID="P406_SP00299" HPOS="980" VPOS="1820" WIDTH="16"/>
						<String ID="P406_ST00336" HPOS="996" VPOS="1789" WIDTH="22" HEIGHT="26" CONTENT="it" WC="1.00" CC="00"/>
						<SP ID="P406_SP00300" HPOS="1018" VPOS="1820" WIDTH="14"/>
						<String ID="P406_ST00337" HPOS="1032" VPOS="1789" WIDTH="24" HEIGHT="27" CONTENT="is" WC="0.75" CC="50"/>
						<SP ID="P406_SP00301" HPOS="1056" VPOS="1820" WIDTH="16"/>
						<String ID="P406_ST00338" HPOS="1072" VPOS="1790" WIDTH="65" HEIGHT="26" CONTENT="said" WC="0.89" CC="0040"/>
						<SP ID="P406_SP00302" HPOS="1137" VPOS="1820" WIDTH="14"/>
						<String ID="P406_ST00339" HPOS="1151" VPOS="1794" WIDTH="30" HEIGHT="22" CONTENT="to" WC="1.00" CC="00"/>
						<SP ID="P406_SP00303" HPOS="1181" VPOS="1820" WIDTH="14"/>
						<String ID="P406_ST00340" HPOS="1195" VPOS="1791" WIDTH="130" HEIGHT="34" CONTENT="produce" WC="0.93" CC="0300100"/>
						<SP ID="P406_SP00304" HPOS="1325" VPOS="1825" WIDTH="15"/>
						<String ID="P406_ST00341" HPOS="1340" VPOS="1800" WIDTH="38" HEIGHT="16" CONTENT="on" WC="1.00" CC="00"/>
						<SP ID="P406_SP00305" HPOS="1378" VPOS="1825" WIDTH="15"/>
						<String ID="P406_ST00342" HPOS="1393" VPOS="1799" WIDTH="18" HEIGHT="17" CONTENT="a" WC="1.00" CC="0"/>
						<SP ID="P406_SP00306" HPOS="1411" VPOS="1825" WIDTH="12"/>
						<String ID="P406_ST00343" HPOS="1423" VPOS="1790" WIDTH="93" HEIGHT="26" CONTENT="bottle" WC="0.90" CC="000230"/>
						<SP ID="P406_SP00307" HPOS="1516" VPOS="1825" WIDTH="11"/>
						<String ID="P406_ST00344" HPOS="1527" VPOS="1792" WIDTH="29" HEIGHT="24" CONTENT="ot" WC="0.58" CC="08"/>
					</TextLine>
					<TextLine ID="P406_TL00033" HPOS="408" VPOS="1834" WIDTH="842" HEIGHT="40">
						<String ID="P406_ST00345" HPOS="408" VPOS="1834" WIDTH="144" HEIGHT="32" CONTENT="Madeira," WC="0.90" CC="00000403"/>
						<SP ID="P406_SP00308" HPOS="552" VPOS="1866" WIDTH="16"/>
						<String ID="P406_ST00346" HPOS="568" VPOS="1835" WIDTH="58" HEIGHT="25" CONTENT="and" WC="0.87" CC="030"/>
						<SP ID="P406_SP00309" HPOS="626" VPOS="1866" WIDTH="15"/>
						<String ID="P406_ST00347" HPOS="641" VPOS="1843" WIDTH="86" HEIGHT="18" CONTENT="cause" WC="1.00" CC="00000"/>
						<SP ID="P406_SP00310" HPOS="727" VPOS="1866" WIDTH="16"/>
						<String ID="P406_ST00348" HPOS="743" VPOS="1844" WIDTH="37" HEIGHT="17" CONTENT="an" WC="1.00" CC="00"/>
						<SP ID="P406_SP00311" HPOS="780" VPOS="1866" WIDTH="14"/>
						<String ID="P406_ST00349" HPOS="794" VPOS="1836" WIDTH="215" HEIGHT="35" CONTENT="improvement" WC="0.95" CC="10010000002"/>
						<SP ID="P406_SP00312" HPOS="1009" VPOS="1871" WIDTH="15"/>
						<String ID="P406_ST00350" HPOS="1024" VPOS="1839" WIDTH="33" HEIGHT="26" CONTENT="of" WC="0.88" CC="02"/>
						<SP ID="P406_SP00313" HPOS="1057" VPOS="1871" WIDTH="8"/>
						<String ID="P406_ST00351" HPOS="1065" VPOS="1839" WIDTH="47" HEIGHT="27" CONTENT="his" WC="0.75" CC="610"/>
						<SP ID="P406_SP00314" HPOS="1112" VPOS="1871" WIDTH="14"/>
						<String ID="P406_ST00352" HPOS="1126" VPOS="1840" WIDTH="124" HEIGHT="34" CONTENT="quality." WC="0.89" CC="04030000"/>
					</TextLine>
				</TextBlock>
				<TextBlock ID="P406_TB00006" HPOS="404" VPOS="1909" WIDTH="1153" HEIGHT="289" STYLEREFS="TXT_2 PAR_LEFT">
					<TextLine ID="P406_TL00034" HPOS="462" VPOS="1909" WIDTH="1095" HEIGHT="40">
						<String ID="P406_ST00353" HPOS="462" VPOS="1909" WIDTH="64" HEIGHT="26" CONTENT="The" WC="0.79" CC="060"/>
						<SP ID="P406_SP00315" HPOS="526" VPOS="1935" WIDTH="13"/>
						<String ID="P406_ST00354" HPOS="539" VPOS="1909" WIDTH="135" HEIGHT="35" CONTENT="disgrace" WC="0.95" CC="00004000"/>
						<SP ID="P406_SP00316" HPOS="674" VPOS="1944" WIDTH="14"/>
						<String ID="P406_ST00355" HPOS="688" VPOS="1910" WIDTH="33" HEIGHT="26" CONTENT="of" WC="0.97" CC="00"/>
						<SP ID="P406_SP00317" HPOS="721" VPOS="1944" WIDTH="15"/>
						<String ID="P406_ST00356" HPOS="736" VPOS="1911" WIDTH="51" HEIGHT="26" CONTENT="the" WC="0.86" CC="040"/>
						<SP ID="P406_SP00318" HPOS="787" VPOS="1944" WIDTH="18"/>
						<String ID="P406_ST00357" HPOS="805" VPOS="1911" WIDTH="113" HEIGHT="27" CONTENT="British" WC="0.77" CC="6000106"/>
						<SP ID="P406_SP00319" HPOS="918" VPOS="1944" WIDTH="18"/>
						<String ID="P406_ST00358" HPOS="936" VPOS="1914" WIDTH="122" HEIGHT="35" CONTENT="general" WC="0.99" CC="0000000"/>
						<SP ID="P406_SP00320" HPOS="1058" VPOS="1949" WIDTH="14"/>
						<String ID="P406_ST00359" HPOS="1072" VPOS="1915" WIDTH="60" HEIGHT="25" CONTENT="had" WC="0.78" CC="600"/>
						<SP ID="P406_SP00321" HPOS="1132" VPOS="1949" WIDTH="14"/>
						<String ID="P406_ST00360" HPOS="1146" VPOS="1915" WIDTH="76" HEIGHT="26" CONTENT="been" WC="1.00" CC="0000"/>
						<SP ID="P406_SP00322" HPOS="1222" VPOS="1949" WIDTH="13"/>
						<String ID="P406_ST00361" HPOS="1235" VPOS="1914" WIDTH="182" HEIGHT="35" CONTENT="fortunately" WC="0.92" CC="00300000050"/>
						<SP ID="P406_SP00323" HPOS="1417" VPOS="1949" WIDTH="15"/>
						<String ID="P406_ST00362" HPOS="1432" VPOS="1914" WIDTH="125" HEIGHT="35" CONTENT="delayed" WC="0.88" CC="0530000"/>
					</TextLine>
					<TextLine ID="P406_TL00035" HPOS="406" VPOS="1959" WIDTH="1151" HEIGHT="40">
						<String ID="P406_ST00363" HPOS="406" VPOS="1959" WIDTH="46" HEIGHT="27" CONTENT="till" WC="0.96" CC="0001"/>
						<SP ID="P406_SP00324" HPOS="452" VPOS="1986" WIDTH="23"/>
						<String ID="P406_ST00364" HPOS="475" VPOS="1959" WIDTH="49" HEIGHT="26" CONTENT="the" WC="0.76" CC="070"/>
						<SP ID="P406_SP00325" HPOS="524" VPOS="1986" WIDTH="23"/>
						<String ID="P406_ST00365" HPOS="547" VPOS="1959" WIDTH="102" HEIGHT="34" CONTENT="period" WC="0.98" CC="001000"/>
						<SP ID="P406_SP00326" HPOS="649" VPOS="1993" WIDTH="23"/>
						<String ID="P406_ST00366" HPOS="672" VPOS="1960" WIDTH="86" HEIGHT="27" CONTENT="when" WC="0.86" CC="0400"/>
						<SP ID="P406_SP00327" HPOS="758" VPOS="1993" WIDTH="23"/>
						<String ID="P406_ST00367" HPOS="781" VPOS="1960" WIDTH="47" HEIGHT="28" CONTENT="his" WC="0.69" CC="720"/>
						<SP ID="P406_SP00328" HPOS="828" VPOS="1993" WIDTH="23"/>
						<String ID="P406_ST00368" HPOS="851" VPOS="1962" WIDTH="126" HEIGHT="27" CONTENT="services" WC="0.96" CC="00300000"/>
						<SP ID="P406_SP00329" HPOS="977" VPOS="1993" WIDTH="21"/>
						<String ID="P406_ST00369" HPOS="998" VPOS="1972" WIDTH="76" HEIGHT="17" CONTENT="were" WC="0.93" CC="0020"/>
						<SP ID="P406_SP00330" HPOS="1074" VPOS="1993" WIDTH="18"/>
						<String ID="P406_ST00370" HPOS="1092" VPOS="1972" WIDTH="38" HEIGHT="18" CONTENT="no" WC="0.83" CC="30"/>
						<SP ID="P406_SP00331" HPOS="1130" VPOS="1993" WIDTH="21"/>
						<String ID="P406_ST00371" HPOS="1151" VPOS="1964" WIDTH="106" HEIGHT="35" CONTENT="longer" WC="0.91" CC="200003"/>
						<SP ID="P406_SP00332" HPOS="1257" VPOS="1999" WIDTH="19"/>
						<String ID="P406_ST00372" HPOS="1276" VPOS="1964" WIDTH="146" HEIGHT="35" CONTENT="required," WC="0.82" CC="500411002"/>
						<SP ID="P406_SP00333" HPOS="1422" VPOS="1999" WIDTH="22"/>
						<String ID="P406_ST00373" HPOS="1444" VPOS="1963" WIDTH="44" HEIGHT="27" CONTENT="for" WC="0.91" CC="002"/>
						<SP ID="P406_SP00334" HPOS="1488" VPOS="1999" WIDTH="19"/>
						<String ID="P406_ST00374" HPOS="1507" VPOS="1964" WIDTH="50" HEIGHT="26" CONTENT="the" WC="0.86" CC="040"/>
					</TextLine>
					<TextLine ID="P406_TL00036" HPOS="406" VPOS="2008" WIDTH="1150" HEIGHT="40">
						<String ID="P406_ST00375" HPOS="406" VPOS="2012" WIDTH="96" HEIGHT="31" CONTENT="treaty" WC="0.86" CC="020500"/>
						<SP ID="P406_SP00335" HPOS="502" VPOS="2043" WIDTH="22"/>
						<String ID="P406_ST00376" HPOS="524" VPOS="2008" WIDTH="32" HEIGHT="26" CONTENT="of" WC="1.00" CC="00"/>
						<SP ID="P406_SP00336" HPOS="556" VPOS="2043" WIDTH="20"/>
						<String ID="P406_ST00377" HPOS="576" VPOS="2009" WIDTH="134" HEIGHT="33" CONTENT="Utrecht," WC="0.87" CC="00300600"/>
						<SP ID="P406_SP00337" HPOS="710" VPOS="2043" WIDTH="25"/>
						<String ID="P406_ST00378" HPOS="735" VPOS="2010" WIDTH="96" HEIGHT="27" CONTENT="which" WC="0.72" CC="07303"/>
						<SP ID="P406_SP00338" HPOS="831" VPOS="2043" WIDTH="21"/>
						<String ID="P406_ST00379" HPOS="852" VPOS="2021" WIDTH="62" HEIGHT="16" CONTENT="was" WC="1.00" CC="000"/>
						<SP ID="P406_SP00339" HPOS="914" VPOS="2043" WIDTH="23"/>
						<String ID="P406_ST00380" HPOS="937" VPOS="2012" WIDTH="107" HEIGHT="36" CONTENT="signed" WC="0.89" CC="060000"/>
						<SP ID="P406_SP00340" HPOS="1044" VPOS="2048" WIDTH="21"/>
						<String ID="P406_ST00381" HPOS="1065" VPOS="2022" WIDTH="38" HEIGHT="17" CONTENT="on" WC="0.93" CC="01"/>
						<SP ID="P406_SP00341" HPOS="1103" VPOS="2048" WIDTH="22"/>
						<String ID="P406_ST00382" HPOS="1125" VPOS="2014" WIDTH="51" HEIGHT="26" CONTENT="the" WC="0.79" CC="060"/>
						<SP ID="P406_SP00342" HPOS="1176" VPOS="2048" WIDTH="21"/>
						<String ID="P406_ST00383" HPOS="1197" VPOS="2014" WIDTH="70" HEIGHT="33" CONTENT="30th" WC="0.82" CC="0007"/>
						<SP ID="P406_SP00343" HPOS="1267" VPOS="2048" WIDTH="22"/>
						<String ID="P406_ST00384" HPOS="1289" VPOS="2014" WIDTH="34" HEIGHT="26" CONTENT="of" WC="1.00" CC="00"/>
						<SP ID="P406_SP00344" HPOS="1323" VPOS="2048" WIDTH="16"/>
						<String ID="P406_ST00385" HPOS="1339" VPOS="2014" WIDTH="115" HEIGHT="32" CONTENT="March," WC="0.86" CC="000070"/>
						<SP ID="P406_SP00345" HPOS="1454" VPOS="2048" WIDTH="24"/>
						<String ID="P406_ST00386" HPOS="1478" VPOS="2022" WIDTH="29" HEIGHT="26" CONTENT="17" WC="1.00" CC="00"/>
						<String ID="P406_ST00387" HPOS="1516" VPOS="2023" WIDTH="40" HEIGHT="24" CONTENT="13," WC="0.82" CC="050"/>
					</TextLine>
					<TextLine ID="P406_TL00037" HPOS="406" VPOS="2058" WIDTH="1151" HEIGHT="40">
						<String ID="P406_ST00388" HPOS="406" VPOS="2058" WIDTH="121" HEIGHT="26" CONTENT="secured" WC="1.00" CC="0000000"/>
						<SP ID="P406_SP00346" HPOS="527" VPOS="2084" WIDTH="23"/>
						<String ID="P406_ST00389" HPOS="550" VPOS="2059" WIDTH="50" HEIGHT="26" CONTENT="the" WC="0.75" CC="070"/>
						<SP ID="P406_SP00347" HPOS="600" VPOS="2085" WIDTH="20"/>
						<String ID="P406_ST00390" HPOS="620" VPOS="2067" WIDTH="90" HEIGHT="26" CONTENT="peace" WC="1.00" CC="00000"/>
						<SP ID="P406_SP00348" HPOS="710" VPOS="2093" WIDTH="17"/>
						<String ID="P406_ST00391" HPOS="727" VPOS="2059" WIDTH="33" HEIGHT="27" CONTENT="of" WC="0.99" CC="00"/>
						<SP ID="P406_SP00349" HPOS="760" VPOS="2093" WIDTH="18"/>
						<String ID="P406_ST00392" HPOS="778" VPOS="2060" WIDTH="126" HEIGHT="36" CONTENT="Europe." WC="0.86" CC="0630000"/>
						<SP ID="P406_SP00350" HPOS="904" VPOS="2096" WIDTH="41"/>
						<String ID="P406_ST00393" HPOS="945" VPOS="2063" WIDTH="47" HEIGHT="35" CONTENT="By" WC="0.25" CC="68"/>
						<SP ID="P406_SP00351" HPOS="992" VPOS="2098" WIDTH="14"/>
						<String ID="P406_ST00394" HPOS="1006" VPOS="2064" WIDTH="59" HEIGHT="26" CONTENT="this" WC="0.76" CC="0620"/>
						<SP ID="P406_SP00352" HPOS="1065" VPOS="2098" WIDTH="21"/>
						<String ID="P406_ST00395" HPOS="1086" VPOS="2064" WIDTH="170" HEIGHT="26" CONTENT="celebrated" WC="0.93" CC="0060000000"/>
						<SP ID="P406_SP00353" HPOS="1256" VPOS="2098" WIDTH="21"/>
						<String ID="P406_ST00396" HPOS="1277" VPOS="2067" WIDTH="211" HEIGHT="31" CONTENT="arrangement" WC="0.90" CC="01005000030"/>
						<SP ID="P406_SP00354" HPOS="1488" VPOS="2098" WIDTH="20"/>
						<String ID="P406_ST00397" HPOS="1508" VPOS="2064" WIDTH="49" HEIGHT="26" CONTENT="the" WC="0.91" CC="020"/>
					</TextLine>
					<TextLine ID="P406_TL00038" HPOS="407" VPOS="2108" WIDTH="1150" HEIGHT="41">
						<String ID="P406_ST00398" HPOS="407" VPOS="2108" WIDTH="170" HEIGHT="26" CONTENT="Protestant" WC="0.93" CC="6000000000"/>
						<SP ID="P406_SP00355" HPOS="577" VPOS="2134" WIDTH="27"/>
						<String ID="P406_ST00399" HPOS="604" VPOS="2109" WIDTH="167" HEIGHT="27" CONTENT="succession" WC="0.85" CC="0300000605"/>
						<SP ID="P406_SP00356" HPOS="771" VPOS="2136" WIDTH="27"/>
						<String ID="P406_ST00400" HPOS="798" VPOS="2111" WIDTH="30" HEIGHT="26" CONTENT="in" WC="1.00" CC="00"/>
						<SP ID="P406_SP00357" HPOS="828" VPOS="2137" WIDTH="24"/>
						<String ID="P406_ST00401" HPOS="852" VPOS="2111" WIDTH="141" HEIGHT="36" CONTENT="England" WC="0.87" CC="1400020"/>
						<SP ID="P406_SP00358" HPOS="993" VPOS="2147" WIDTH="26"/>
						<String ID="P406_ST00402" HPOS="1019" VPOS="2122" WIDTH="62" HEIGHT="17" CONTENT="was" WC="1.00" CC="000"/>
						<SP ID="P406_SP00359" HPOS="1081" VPOS="2147" WIDTH="32"/>
						<String ID="P406_ST00403" HPOS="1113" VPOS="2113" WIDTH="140" HEIGHT="36" CONTENT="formally" WC="0.88" CC="00000540"/>
						<SP ID="P406_SP00360" HPOS="1253" VPOS="2149" WIDTH="25"/>
						<String ID="P406_ST00404" HPOS="1278" VPOS="2114" WIDTH="177" HEIGHT="34" CONTENT="recognised" WC="0.94" CC="2000003000"/>
						<String ID="P406_ST00405" HPOS="1467" VPOS="2124" WIDTH="6" HEIGHT="20" CONTENT=";" WC="0.99" CC="0"/>
						<SP ID="P406_SP00361" HPOS="1473" VPOS="2149" WIDTH="34"/>
						<String ID="P406_ST00406" HPOS="1507" VPOS="2114" WIDTH="50" HEIGHT="26" CONTENT="the" WC="0.80" CC="050"/>
					</TextLine>
					<TextLine ID="P406_TL00039" HPOS="405" VPOS="2158" WIDTH="1152" HEIGHT="40">
						<String ID="P406_ST00407" HPOS="405" VPOS="2165" WIDTH="112" HEIGHT="19" CONTENT="crowns" WC="0.87" CC="000700"/>
						<SP ID="P406_SP00362" HPOS="517" VPOS="2184" WIDTH="27"/>
						<String ID="P406_ST00408" HPOS="544" VPOS="2158" WIDTH="33" HEIGHT="25" CONTENT="of" WC="1.00" CC="00"/>
						<SP ID="P406_SP00363" HPOS="577" VPOS="2184" WIDTH="27"/>
						<String ID="P406_ST00409" HPOS="604" VPOS="2159" WIDTH="114" HEIGHT="26" CONTENT="France" WC="0.88" CC="700000"/>
						<SP ID="P406_SP00364" HPOS="718" VPOS="2185" WIDTH="26"/>
						<String ID="P406_ST00410" HPOS="744" VPOS="2161" WIDTH="59" HEIGHT="25" CONTENT="and" WC="1.00" CC="000"/>
						<SP ID="P406_SP00365" HPOS="803" VPOS="2186" WIDTH="28"/>
						<String ID="P406_ST00411" HPOS="831" VPOS="2160" WIDTH="94" HEIGHT="36" CONTENT="Spain" WC="0.95" CC="00020"/>
						<SP ID="P406_SP00366" HPOS="925" VPOS="2196" WIDTH="27"/>
						<String ID="P406_ST00412" HPOS="952" VPOS="2171" WIDTH="77" HEIGHT="18" CONTENT="were" WC="1.00" CC="0000"/>
						<SP ID="P406_SP00367" HPOS="1029" VPOS="2196" WIDTH="27"/>
						<String ID="P406_ST00413" HPOS="1056" VPOS="2163" WIDTH="71" HEIGHT="34" CONTENT="split" WC="0.99" CC="00000"/>
						<SP ID="P406_SP00368" HPOS="1127" VPOS="2197" WIDTH="26"/>
						<String ID="P406_ST00414" HPOS="1153" VPOS="2164" WIDTH="63" HEIGHT="26" CONTENT="into" WC="0.91" CC="3000"/>
						<SP ID="P406_SP00369" HPOS="1216" VPOS="2197" WIDTH="27"/>
						<String ID="P406_ST00415" HPOS="1243" VPOS="2168" WIDTH="68" HEIGHT="28" CONTENT="two," WC="0.90" CC="0003"/>
						<SP ID="P406_SP00370" HPOS="1311" VPOS="2197" WIDTH="28"/>
						<String ID="P406_ST00416" HPOS="1339" VPOS="2163" WIDTH="108" HEIGHT="35" CONTENT="giving" WC="0.76" CC="054310"/>
						<SP ID="P406_SP00371" HPOS="1447" VPOS="2198" WIDTH="25"/>
						<String ID="P406_ST00417" HPOS="1472" VPOS="2164" WIDTH="85" HEIGHT="26" CONTENT="those" WC="0.85" CC="07000"/>
					</TextLine>
				</TextBlock>
			</PrintSpace>
		</Page>
	</Layout>
</alto>
