<?xml version="1.0" encoding="UTF-8"?>
<alto xmlns:xsi="http://www.w3.org/2001/XMLSchema-instance" xsi:noNamespaceSchemaLocation="http://www.bl.uk/schemas/alto/alto-1-4.xsd" xmlns:xlink="http://www.w3.org/1999/xlink">
	<Description>
		<MeasurementUnit>mm10</MeasurementUnit>
		<sourceImageInformation>
			<fileName>//head1/IN/2008-50/A0012346969.2/003983.jp2</fileName>
		</sourceImageInformation>
		<OCRProcessing ID="OCRPROCESSING_1">
			<preProcessingStep>
				<processingSoftware>
					<softwareCreator>CCS Content Conversion Specialists GmbH, Germany</softwareCreator>
					<softwareName>CCS docWORKS</softwareName>
					<softwareVersion>6.1-0.67</softwareVersion>
				</processingSoftware>
			</preProcessingStep>
			<ocrProcessingStep>
				<processingSoftware>
					<softwareCreator>ABBYY (BIT Software), Russia</softwareCreator>
					<softwareName>Finereader</softwareName>
				</processingSoftware>
			</ocrProcessingStep>
		</OCRProcessing>
	</Description>
	<Styles>
		<TextStyle ID="TXT_0" FONTSIZE="11" FONTFAMILY="Courier New"/>
		<TextStyle ID="TXT_1" FONTSIZE="11" FONTFAMILY="Fraktur"/>
		<TextStyle ID="TXT_2" FONTSIZE="9" FONTFAMILY="Courier New"/>
		<ParagraphStyle ID="PAR_LEFT" ALIGN="Left"/>
		<ParagraphStyle ID="PAR_RIGHT" ALIGN="Right"/>
		<ParagraphStyle ID="PAR_CENTER" ALIGN="Center"/>
	</Styles>
	<Layout>
		<Page ID="P323" PHYSICAL_IMG_NR="323" HEIGHT="2488" WIDTH="1692" PRINTED_IMG_NR="289" POSITION="Right" ACCURACY="88.69">
			<TopMargin ID="P323_TM00001" HPOS="0" VPOS="0" WIDTH="1691" HEIGHT="318">
				<TextBlock ID="P323_TB00001" HPOS="539" VPOS="259" WIDTH="476" HEIGHT="59" STYLEREFS="TXT_0 PAR_LEFT">
					<TextLine ID="P323_TL00001" HPOS="540" VPOS="260" WIDTH="475" HEIGHT="58">
						<String ID="P323_ST00001" HPOS="540" VPOS="260" WIDTH="154" HEIGHT="46" CONTENT="Royal" WC="0.69" CC="00608"/>
						<SP ID="P323_SP00001" HPOS="694" VPOS="306" WIDTH="27"/>
						<String ID="P323_ST00002" HPOS="721" VPOS="261" WIDTH="198" HEIGHT="57" CONTENT="Preroga" WC="0.89" CC="0070000"/>
						<SP ID="P323_SP00002" HPOS="919" VPOS="318" WIDTH="5"/>
						<String ID="P323_ST00003" HPOS="924" VPOS="261" WIDTH="91" HEIGHT="44" CONTENT="tive." WC="0.94" CC="00003"/>
					</TextLine>
				</TextBlock>
				<TextBlock ID="P323_TB00002" HPOS="1293" VPOS="269" WIDTH="59" HEIGHT="36" STYLEREFS="TXT_1 PAR_RIGHT">
					<TextLine ID="P323_TL00002" HPOS="1293" VPOS="269" WIDTH="59" HEIGHT="36">
						<String ID="P323_ST00004" HPOS="1293" VPOS="269" WIDTH="59" HEIGHT="36" CONTENT="289" WC="1.00" CC="000"/>
					</TextLine>
				</TextBlock>
				<TextBlock ID="P323_TB00003" HPOS="212" VPOS="282" WIDTH="108" HEIGHT="22" STYLEREFS="TXT_2 PAR_LEFT">
					<TextLine ID="P323_TL00003" HPOS="213" VPOS="282" WIDTH="107" HEIGHT="22">
						<String ID="P323_ST00005" HPOS="213" VPOS="282" WIDTH="14" HEIGHT="17" CONTENT="C" WC="0.52" CC="4"/>
						<SP ID="P323_SP00003" HPOS="227" VPOS="299" WIDTH="27"/>
						<String ID="P323_ST00006" HPOS="254" VPOS="288" WIDTH="18" HEIGHT="16" CONTENT="ip" WC="0.54" CC="17"/>
						<SP ID="P323_SP00004" HPOS="272" VPOS="304" WIDTH="24"/>
						<String ID="P323_ST00007" HPOS="296" VPOS="283" WIDTH="8" HEIGHT="17" CONTENT="I" WC="0.43" CC="5"/>
						<SP ID="P323_SP00005" HPOS="304" VPOS="304" WIDTH="12"/>
						<String ID="P323_ST00008" HPOS="316" VPOS="285" WIDTH="4" HEIGHT="18" CONTENT="1" WC="0.27" CC="7"/>
					</TextLine>
				</TextBlock>
			</TopMargin>
			<LeftMargin ID="P323_LM00001" HPOS="0" VPOS="307" WIDTH="200" HEIGHT="1905"/>
			<RightMargin ID="P323_RM00001" HPOS="1355" VPOS="307" WIDTH="336" HEIGHT="1905"/>
			<BottomMargin ID="P323_BM00001" HPOS="0" VPOS="2212" WIDTH="1691" HEIGHT="276"/>
			<PrintSpace ID="P323_PS00001" HPOS="200" VPOS="307" WIDTH="1155" HEIGHT="1905">
				<TextBlock ID="P323_TB00004" HPOS="211" VPOS="370" WIDTH="1141" HEIGHT="135" STYLEREFS="TXT_2 PAR_LEFT">
					<TextLine ID="P323_TL00004" HPOS="213" VPOS="371" WIDTH="1138" HEIGHT="37">
						<String ID="P323_ST00009" HPOS="213" VPOS="371" WIDTH="135" HEIGHT="35" CONTENT="frequent" WC="0.94" CC="01000020"/>
						<SP ID="P323_SP00006" HPOS="348" VPOS="406" WIDTH="18"/>
						<String ID="P323_ST00010" HPOS="366" VPOS="374" WIDTH="161" HEIGHT="25" CONTENT="assertions" WC="0.91" CC="0060002000"/>
						<SP ID="P323_SP00007" HPOS="527" VPOS="406" WIDTH="17"/>
						<String ID="P323_ST00011" HPOS="544" VPOS="374" WIDTH="33" HEIGHT="26" CONTENT="of" WC="1.00" CC="00"/>
						<SP ID="P323_SP00008" HPOS="577" VPOS="406" WIDTH="14"/>
						<String ID="P323_ST00012" HPOS="591" VPOS="375" WIDTH="49" HEIGHT="25" CONTENT="the" WC="1.00" CC="000"/>
						<SP ID="P323_SP00009" HPOS="640" VPOS="406" WIDTH="18"/>
						<String ID="P323_ST00013" HPOS="658" VPOS="375" WIDTH="181" HEIGHT="25" CONTENT="Parliament" WC="0.88" CC="7000300010"/>
						<SP ID="P323_SP00010" HPOS="839" VPOS="406" WIDTH="16"/>
						<String ID="P323_ST00014" HPOS="855" VPOS="375" WIDTH="65" HEIGHT="25" CONTENT="that" WC="0.81" CC="0510"/>
						<SP ID="P323_SP00011" HPOS="920" VPOS="406" WIDTH="16"/>
						<String ID="P323_ST00015" HPOS="936" VPOS="375" WIDTH="50" HEIGHT="25" CONTENT="the" WC="0.86" CC="040"/>
						<SP ID="P323_SP00012" HPOS="986" VPOS="406" WIDTH="16"/>
						<String ID="P323_ST00016" HPOS="1002" VPOS="374" WIDTH="74" HEIGHT="34" CONTENT="king" WC="0.82" CC="2040"/>
						<SP ID="P323_SP00013" HPOS="1076" VPOS="408" WIDTH="14"/>
						<String ID="P323_ST00017" HPOS="1090" VPOS="382" WIDTH="61" HEIGHT="17" CONTENT="was" WC="1.00" CC="000"/>
						<SP ID="P323_SP00014" HPOS="1151" VPOS="408" WIDTH="17"/>
						<String ID="P323_ST00018" HPOS="1168" VPOS="377" WIDTH="183" HEIGHT="30" CONTENT="paramount," WC="0.93" CC="0000000700"/>
					</TextLine>
					<TextLine ID="P323_TL00005" HPOS="213" VPOS="421" WIDTH="1139" HEIGHT="37">
						<String ID="P323_ST00019" HPOS="213" VPOS="421" WIDTH="60" HEIGHT="26" CONTENT="and" WC="1.00" CC="000"/>
						<SP ID="P323_SP00015" HPOS="273" VPOS="447" WIDTH="20"/>
						<String ID="P323_ST00020" HPOS="293" VPOS="421" WIDTH="107" HEIGHT="28" CONTENT="indeed" WC="1.00" CC="000000"/>
						<SP ID="P323_SP00016" HPOS="400" VPOS="449" WIDTH="20"/>
						<String ID="P323_ST00021" HPOS="420" VPOS="423" WIDTH="143" HEIGHT="32" CONTENT="absolute," WC="0.96" CC="000011000"/>
						<SP ID="P323_SP00017" HPOS="563" VPOS="455" WIDTH="18"/>
						<String ID="P323_ST00022" HPOS="581" VPOS="432" WIDTH="76" HEIGHT="17" CONTENT="were" WC="1.00" CC="0000"/>
						<SP ID="P323_SP00018" HPOS="657" VPOS="455" WIDTH="19"/>
						<String ID="P323_ST00023" HPOS="676" VPOS="424" WIDTH="145" HEIGHT="34" CONTENT="tolerably" WC="1.00" CC="000000000"/>
						<SP ID="P323_SP00019" HPOS="821" VPOS="458" WIDTH="16"/>
						<String ID="P323_ST00024" HPOS="837" VPOS="424" WIDTH="77" HEIGHT="34" CONTENT="good" WC="1.00" CC="0000"/>
						<SP ID="P323_SP00020" HPOS="914" VPOS="458" WIDTH="21"/>
						<String ID="P323_ST00025" HPOS="935" VPOS="422" WIDTH="139" HEIGHT="27" CONTENT="evidence" WC="0.90" CC="30301000"/>
						<SP ID="P323_SP00021" HPOS="1074" VPOS="458" WIDTH="20"/>
						<String ID="P323_ST00026" HPOS="1094" VPOS="421" WIDTH="32" HEIGHT="27" CONTENT="of" WC="1.00" CC="00"/>
						<SP ID="P323_SP00022" HPOS="1126" VPOS="458" WIDTH="15"/>
						<String ID="P323_ST00027" HPOS="1141" VPOS="422" WIDTH="49" HEIGHT="27" CONTENT="the" WC="1.00" CC="000"/>
						<SP ID="P323_SP00023" HPOS="1190" VPOS="458" WIDTH="20"/>
						<String ID="P323_ST00028" HPOS="1210" VPOS="421" WIDTH="59" HEIGHT="28" CONTENT="fact" WC="0.94" CC="2000"/>
						<SP ID="P323_SP00024" HPOS="1269" VPOS="458" WIDTH="20"/>
						<String ID="P323_ST00029" HPOS="1289" VPOS="423" WIDTH="63" HEIGHT="26" CONTENT="that" WC="0.86" CC="0500"/>
					</TextLine>
					<TextLine ID="P323_TL00006" HPOS="213" VPOS="470" WIDTH="758" HEIGHT="35">
						<String ID="P323_ST00030" HPOS="213" VPOS="470" WIDTH="50" HEIGHT="25" CONTENT="the" WC="1.00" CC="000"/>
						<SP ID="P323_SP00025" HPOS="263" VPOS="495" WIDTH="13"/>
						<String ID="P323_ST00031" HPOS="276" VPOS="471" WIDTH="130" HEIGHT="33" CONTENT="position" WC="0.95" CC="00000004"/>
						<SP ID="P323_SP00026" HPOS="406" VPOS="504" WIDTH="15"/>
						<String ID="P323_ST00032" HPOS="421" VPOS="471" WIDTH="24" HEIGHT="26" CONTENT="is" WC="0.71" CC="50"/>
						<SP ID="P323_SP00027" HPOS="445" VPOS="504" WIDTH="15"/>
						<String ID="P323_ST00033" HPOS="460" VPOS="476" WIDTH="51" HEIGHT="22" CONTENT="not" WC="1.00" CC="000"/>
						<SP ID="P323_SP00028" HPOS="511" VPOS="504" WIDTH="15"/>
						<String ID="P323_ST00034" HPOS="526" VPOS="472" WIDTH="166" HEIGHT="33" CONTENT="altogether" WC="0.85" CC="0600000601"/>
						<SP ID="P323_SP00029" HPOS="692" VPOS="505" WIDTH="13"/>
						<String ID="P323_ST00035" HPOS="705" VPOS="472" WIDTH="266" HEIGHT="26" CONTENT="incontrovertible." WC="0.95" CC="21000000000000300"/>
					</TextLine>
				</TextBlock>
				<TextBlock ID="P323_TB00005" HPOS="207" VPOS="543" WIDTH="1148" HEIGHT="722" STYLEREFS="TXT_2 PAR_LEFT">
					<TextLine ID="P323_TL00007" HPOS="267" VPOS="543" WIDTH="1084" HEIGHT="36">
						<String ID="P323_ST00036" HPOS="267" VPOS="543" WIDTH="86" HEIGHT="27" CONTENT="After" WC="0.75" CC="84000"/>
						<SP ID="P323_SP00030" HPOS="353" VPOS="570" WIDTH="14"/>
						<String ID="P323_ST00037" HPOS="367" VPOS="553" WIDTH="17" HEIGHT="17" CONTENT="a" WC="1.00" CC="0"/>
						<SP ID="P323_SP00031" HPOS="384" VPOS="570" WIDTH="13"/>
						<String ID="P323_ST00038" HPOS="397" VPOS="545" WIDTH="80" HEIGHT="26" CONTENT="brief" WC="0.87" CC="00203"/>
						<SP ID="P323_SP00032" HPOS="477" VPOS="571" WIDTH="9"/>
						<String ID="P323_ST00039" HPOS="486" VPOS="545" WIDTH="122" HEIGHT="32" CONTENT="session," WC="0.86" CC="00004051"/>
						<SP ID="P323_SP00033" HPOS="608" VPOS="577" WIDTH="16"/>
						<String ID="P323_ST00040" HPOS="624" VPOS="546" WIDTH="29" HEIGHT="25" CONTENT="in" WC="0.96" CC="00"/>
						<SP ID="P323_SP00034" HPOS="653" VPOS="577" WIDTH="14"/>
						<String ID="P323_ST00041" HPOS="667" VPOS="546" WIDTH="96" HEIGHT="26" CONTENT="which" WC="0.67" CC="05505"/>
						<SP ID="P323_SP00035" HPOS="763" VPOS="577" WIDTH="14"/>
						<String ID="P323_ST00042" HPOS="777" VPOS="547" WIDTH="49" HEIGHT="25" CONTENT="the" WC="0.76" CC="070"/>
						<SP ID="P323_SP00036" HPOS="826" VPOS="577" WIDTH="16"/>
						<String ID="P323_ST00043" HPOS="842" VPOS="545" WIDTH="149" HEIGHT="27" CONTENT="Cavaliers" WC="0.98" CC="000001000"/>
						<SP ID="P323_SP00037" HPOS="991" VPOS="577" WIDTH="17"/>
						<String ID="P323_ST00044" HPOS="1008" VPOS="546" WIDTH="106" HEIGHT="33" CONTENT="helped" WC="0.96" CC="002000"/>
						<SP ID="P323_SP00038" HPOS="1114" VPOS="579" WIDTH="17"/>
						<String ID="P323_ST00045" HPOS="1131" VPOS="546" WIDTH="177" HEIGHT="26" CONTENT="themselves" WC="0.86" CC="0500403000"/>
						<SP ID="P323_SP00039" HPOS="1308" VPOS="579" WIDTH="14"/>
						<String ID="P323_ST00046" HPOS="1322" VPOS="550" WIDTH="29" HEIGHT="22" CONTENT="to" WC="0.81" CC="03"/>
					</TextLine>
					<TextLine ID="P323_TL00008" HPOS="207" VPOS="592" WIDTH="1145" HEIGHT="38">
						<String ID="P323_ST00047" HPOS="207" VPOS="592" WIDTH="141" HEIGHT="35" CONTENT="£60,000," WC="1.00" CC="00000000"/>
						<SP ID="P323_SP00040" HPOS="348" VPOS="627" WIDTH="17"/>
						<String ID="P323_ST00048" HPOS="365" VPOS="594" WIDTH="41" HEIGHT="34" CONTENT="by" WC="1.00" CC="00"/>
						<SP ID="P323_SP00041" HPOS="406" VPOS="628" WIDTH="13"/>
						<String ID="P323_ST00049" HPOS="419" VPOS="603" WIDTH="67" HEIGHT="26" CONTENT="way" WC="1.00" CC="000"/>
						<SP ID="P323_SP00042" HPOS="486" VPOS="629" WIDTH="17"/>
						<String ID="P323_ST00050" HPOS="503" VPOS="594" WIDTH="32" HEIGHT="26" CONTENT="of" WC="1.00" CC="00"/>
						<SP ID="P323_SP00043" HPOS="535" VPOS="629" WIDTH="15"/>
						<String ID="P323_ST00051" HPOS="550" VPOS="595" WIDTH="353" HEIGHT="35" CONTENT="compensation-money," WC="0.91" CC="0000000005302003003"/>
						<SP ID="P323_SP00044" HPOS="903" VPOS="630" WIDTH="15"/>
						<String ID="P323_ST00052" HPOS="918" VPOS="595" WIDTH="58" HEIGHT="25" CONTENT="and" WC="1.00" CC="000"/>
						<SP ID="P323_SP00045" HPOS="976" VPOS="630" WIDTH="13"/>
						<String ID="P323_ST00053" HPOS="989" VPOS="595" WIDTH="88" HEIGHT="25" CONTENT="voted" WC="1.00" CC="00000"/>
						<SP ID="P323_SP00046" HPOS="1077" VPOS="630" WIDTH="19"/>
						<String ID="P323_ST00054" HPOS="1096" VPOS="603" WIDTH="17" HEIGHT="17" CONTENT="a" WC="0.26" CC="7"/>
						<SP ID="P323_SP00047" HPOS="1113" VPOS="630" WIDTH="17"/>
						<String ID="P323_ST00055" HPOS="1130" VPOS="596" WIDTH="107" HEIGHT="34" CONTENT="supply" WC="0.76" CC="025060"/>
						<SP ID="P323_SP00048" HPOS="1237" VPOS="630" WIDTH="15"/>
						<String ID="P323_ST00056" HPOS="1252" VPOS="599" WIDTH="30" HEIGHT="22" CONTENT="to" WC="1.00" CC="00"/>
						<SP ID="P323_SP00049" HPOS="1282" VPOS="630" WIDTH="20"/>
						<String ID="P323_ST00057" HPOS="1302" VPOS="596" WIDTH="50" HEIGHT="25" CONTENT="the" WC="0.98" CC="000"/>
					</TextLine>
					<TextLine ID="P323_TL00009" HPOS="211" VPOS="642" WIDTH="1144" HEIGHT="37">
						<String ID="P323_ST00058" HPOS="211" VPOS="642" WIDTH="84" HEIGHT="34" CONTENT="king," WC="0.67" CC="35403"/>
						<SP ID="P323_SP00050" HPOS="295" VPOS="676" WIDTH="15"/>
						<String ID="P323_ST00059" HPOS="310" VPOS="642" WIDTH="50" HEIGHT="26" CONTENT="the" WC="0.75" CC="070"/>
						<SP ID="P323_SP00051" HPOS="360" VPOS="676" WIDTH="14"/>
						<String ID="P323_ST00060" HPOS="374" VPOS="642" WIDTH="182" HEIGHT="27" CONTENT="Parliament" WC="0.85" CC="4052100000"/>
						<SP ID="P323_SP00052" HPOS="556" VPOS="676" WIDTH="16"/>
						<String ID="P323_ST00061" HPOS="572" VPOS="644" WIDTH="161" HEIGHT="33" CONTENT="adjourned" WC="0.97" CC="000002000"/>
						<SP ID="P323_SP00053" HPOS="733" VPOS="677" WIDTH="15"/>
						<String ID="P323_ST00062" HPOS="748" VPOS="643" WIDTH="72" HEIGHT="26" CONTENT="from" WC="1.00" CC="0000"/>
						<SP ID="P323_SP00054" HPOS="820" VPOS="677" WIDTH="18"/>
						<String ID="P323_ST00063" HPOS="838" VPOS="645" WIDTH="49" HEIGHT="25" CONTENT="the" WC="0.76" CC="070"/>
						<SP ID="P323_SP00055" HPOS="887" VPOS="677" WIDTH="21"/>
						<String ID="P323_ST00064" HPOS="908" VPOS="644" WIDTH="67" HEIGHT="32" CONTENT="30th" WC="0.84" CC="0060"/>
						<SP ID="P323_SP00056" HPOS="975" VPOS="677" WIDTH="16"/>
						<String ID="P323_ST00065" HPOS="991" VPOS="643" WIDTH="32" HEIGHT="26" CONTENT="of" WC="1.00" CC="00"/>
						<SP ID="P323_SP00057" HPOS="1023" VPOS="677" WIDTH="14"/>
						<String ID="P323_ST00066" HPOS="1037" VPOS="644" WIDTH="69" HEIGHT="35" CONTENT="July" WC="0.96" CC="0010"/>
						<SP ID="P323_SP00058" HPOS="1106" VPOS="679" WIDTH="13"/>
						<String ID="P323_ST00067" HPOS="1119" VPOS="643" WIDTH="44" HEIGHT="26" CONTENT="till" WC="0.96" CC="0100"/>
						<SP ID="P323_SP00059" HPOS="1163" VPOS="679" WIDTH="15"/>
						<String ID="P323_ST00068" HPOS="1178" VPOS="644" WIDTH="49" HEIGHT="25" CONTENT="the" WC="1.00" CC="000"/>
						<SP ID="P323_SP00060" HPOS="1227" VPOS="679" WIDTH="16"/>
						<String ID="P323_ST00069" HPOS="1243" VPOS="644" WIDTH="66" HEIGHT="26" CONTENT="28th" WC="0.73" CC="3006"/>
						<SP ID="P323_SP00061" HPOS="1309" VPOS="679" WIDTH="14"/>
						<String ID="P323_ST00070" HPOS="1323" VPOS="644" WIDTH="32" HEIGHT="25" CONTENT="of" WC="0.99" CC="00"/>
					</TextLine>
					<TextLine ID="P323_TL00010" HPOS="212" VPOS="691" WIDTH="1138" HEIGHT="35">
						<String ID="P323_ST00071" HPOS="212" VPOS="691" WIDTH="178" HEIGHT="33" CONTENT="November," WC="0.94" CC="100000030"/>
						<SP ID="P323_SP00062" HPOS="390" VPOS="724" WIDTH="15"/>
						<String ID="P323_ST00072" HPOS="405" VPOS="692" WIDTH="40" HEIGHT="34" CONTENT="by" WC="1.00" CC="00"/>
						<SP ID="P323_SP00063" HPOS="445" VPOS="726" WIDTH="13"/>
						<String ID="P323_ST00073" HPOS="458" VPOS="692" WIDTH="96" HEIGHT="26" CONTENT="which" WC="0.65" CC="05605"/>
						<SP ID="P323_SP00064" HPOS="554" VPOS="726" WIDTH="14"/>
						<String ID="P323_ST00074" HPOS="568" VPOS="692" WIDTH="72" HEIGHT="27" CONTENT="time" WC="1.00" CC="0000"/>
						<SP ID="P323_SP00065" HPOS="640" VPOS="726" WIDTH="15"/>
						<String ID="P323_ST00075" HPOS="655" VPOS="692" WIDTH="121" HEIGHT="27" CONTENT="Charles" WC="0.89" CC="0200500"/>
						<SP ID="P323_SP00066" HPOS="776" VPOS="726" WIDTH="20"/>
						<String ID="P323_ST00076" HPOS="796" VPOS="693" WIDTH="58" HEIGHT="26" CONTENT="and" WC="1.00" CC="000"/>
						<SP ID="P323_SP00067" HPOS="854" VPOS="726" WIDTH="20"/>
						<String ID="P323_ST00077" HPOS="874" VPOS="692" WIDTH="46" HEIGHT="27" CONTENT="his" WC="0.84" CC="400"/>
						<SP ID="P323_SP00068" HPOS="920" VPOS="726" WIDTH="21"/>
						<String ID="P323_ST00078" HPOS="941" VPOS="692" WIDTH="140" HEIGHT="32" CONTENT="minister," WC="0.87" CC="054001000"/>
						<SP ID="P323_SP00069" HPOS="1081" VPOS="726" WIDTH="16"/>
						<String ID="P323_ST00079" HPOS="1097" VPOS="692" WIDTH="176" HEIGHT="33" CONTENT="Clarendon," WC="0.84" CC="0100350050"/>
						<SP ID="P323_SP00070" HPOS="1273" VPOS="726" WIDTH="19"/>
						<String ID="P323_ST00080" HPOS="1292" VPOS="693" WIDTH="58" HEIGHT="26" CONTENT="had" WC="0.58" CC="660"/>
					</TextLine>
					<TextLine ID="P323_TL00011" HPOS="213" VPOS="741" WIDTH="1138" HEIGHT="34">
						<String ID="P323_ST00081" HPOS="213" VPOS="745" WIDTH="51" HEIGHT="29" CONTENT="got" WC="1.00" CC="000"/>
						<SP ID="P323_SP00071" HPOS="264" VPOS="774" WIDTH="14"/>
						<String ID="P323_ST00082" HPOS="278" VPOS="749" WIDTH="39" HEIGHT="25" CONTENT="up" WC="1.00" CC="00"/>
						<SP ID="P323_SP00072" HPOS="317" VPOS="774" WIDTH="15"/>
						<String ID="P323_ST00083" HPOS="332" VPOS="749" WIDTH="17" HEIGHT="16" CONTENT="a" WC="1.00" CC="0"/>
						<SP ID="P323_SP00073" HPOS="349" VPOS="774" WIDTH="13"/>
						<String ID="P323_ST00084" HPOS="362" VPOS="741" WIDTH="77" HEIGHT="26" CONTENT="little" WC="0.87" CC="104010"/>
						<SP ID="P323_SP00074" HPOS="439" VPOS="774" WIDTH="20"/>
						<String ID="P323_ST00085" HPOS="459" VPOS="741" WIDTH="187" HEIGHT="26" CONTENT="mare's-nest" WC="0.96" CC="00202000000"/>
						<SP ID="P323_SP00075" HPOS="646" VPOS="774" WIDTH="20"/>
						<String ID="P323_ST00086" HPOS="666" VPOS="741" WIDTH="33" HEIGHT="26" CONTENT="of" WC="0.95" CC="01"/>
						<SP ID="P323_SP00076" HPOS="699" VPOS="774" WIDTH="15"/>
						<String ID="P323_ST00087" HPOS="714" VPOS="750" WIDTH="18" HEIGHT="17" CONTENT="a" WC="1.00" CC="0"/>
						<SP ID="P323_SP00077" HPOS="732" VPOS="774" WIDTH="19"/>
						<String ID="P323_ST00088" HPOS="751" VPOS="741" WIDTH="161" HEIGHT="34" CONTENT="pretended" WC="1.00" CC="000000000"/>
						<SP ID="P323_SP00078" HPOS="912" VPOS="775" WIDTH="20"/>
						<String ID="P323_ST00089" HPOS="932" VPOS="741" WIDTH="182" HEIGHT="34" CONTENT="conspiracy," WC="0.91" CC="00600200000"/>
						<SP ID="P323_SP00079" HPOS="1114" VPOS="775" WIDTH="15"/>
						<String ID="P323_ST00090" HPOS="1129" VPOS="745" WIDTH="31" HEIGHT="22" CONTENT="to" WC="0.93" CC="10"/>
						<SP ID="P323_SP00080" HPOS="1160" VPOS="775" WIDTH="14"/>
						<String ID="P323_ST00091" HPOS="1174" VPOS="741" WIDTH="67" HEIGHT="34" CONTENT="give" WC="1.00" CC="0000"/>
						<SP ID="P323_SP00081" HPOS="1241" VPOS="775" WIDTH="15"/>
						<String ID="P323_ST00092" HPOS="1256" VPOS="750" WIDTH="17" HEIGHT="18" CONTENT="a" WC="1.00" CC="0"/>
						<SP ID="P323_SP00082" HPOS="1273" VPOS="775" WIDTH="14"/>
						<String ID="P323_ST00093" HPOS="1287" VPOS="750" WIDTH="64" HEIGHT="18" CONTENT="new" WC="1.00" CC="000"/>
					</TextLine>
					<TextLine ID="P323_TL00012" HPOS="212" VPOS="790" WIDTH="1138" HEIGHT="34">
						<String ID="P323_ST00094" HPOS="212" VPOS="790" WIDTH="128" HEIGHT="34" CONTENT="impetus" WC="1.00" CC="0000000"/>
						<SP ID="P323_SP00083" HPOS="340" VPOS="824" WIDTH="14"/>
						<String ID="P323_ST00095" HPOS="354" VPOS="794" WIDTH="30" HEIGHT="21" CONTENT="to" WC="1.00" CC="00"/>
						<SP ID="P323_SP00084" HPOS="384" VPOS="824" WIDTH="14"/>
						<String ID="P323_ST00096" HPOS="398" VPOS="790" WIDTH="50" HEIGHT="26" CONTENT="the" WC="0.76" CC="070"/>
						<SP ID="P323_SP00085" HPOS="448" VPOS="824" WIDTH="14"/>
						<String ID="P323_ST00097" HPOS="462" VPOS="790" WIDTH="167" HEIGHT="34" CONTENT="prevailing" WC="0.87" CC="0007010020"/>
						<SP ID="P323_SP00086" HPOS="629" VPOS="824" WIDTH="14"/>
						<String ID="P323_ST00098" HPOS="643" VPOS="790" WIDTH="83" HEIGHT="34" CONTENT="spirit" WC="0.88" CC="002201"/>
						<SP ID="P323_SP00087" HPOS="726" VPOS="824" WIDTH="14"/>
						<String ID="P323_ST00099" HPOS="740" VPOS="790" WIDTH="33" HEIGHT="26" CONTENT="of" WC="1.00" CC="00"/>
						<SP ID="P323_SP00088" HPOS="773" VPOS="824" WIDTH="9"/>
						<String ID="P323_ST00100" HPOS="782" VPOS="791" WIDTH="215" HEIGHT="25" CONTENT="inconsiderate" WC="0.94" CC="0000005001000"/>
						<SP ID="P323_SP00089" HPOS="997" VPOS="824" WIDTH="14"/>
						<String ID="P323_ST00101" HPOS="1011" VPOS="791" WIDTH="120" HEIGHT="33" CONTENT="loyalty." WC="1.00" CC="00000000"/>
						<SP ID="P323_SP00090" HPOS="1131" VPOS="824" WIDTH="40"/>
						<String ID="P323_ST00102" HPOS="1171" VPOS="790" WIDTH="62" HEIGHT="26" CONTENT="The" WC="0.96" CC="010"/>
						<SP ID="P323_SP00091" HPOS="1233" VPOS="824" WIDTH="13"/>
						<String ID="P323_ST00103" HPOS="1246" VPOS="791" WIDTH="104" HEIGHT="25" CONTENT="servile" WC="0.95" CC="0020100"/>
					</TextLine>
					<TextLine ID="P323_TL00013" HPOS="212" VPOS="838" WIDTH="1138" HEIGHT="36">
						<String ID="P323_ST00104" HPOS="212" VPOS="838" WIDTH="160" HEIGHT="27" CONTENT="Commons" WC="1.00" CC="0000000"/>
						<SP ID="P323_SP00092" HPOS="372" VPOS="865" WIDTH="21"/>
						<String ID="P323_ST00105" HPOS="393" VPOS="839" WIDTH="94" HEIGHT="25" CONTENT="called" WC="0.91" CC="000500"/>
						<SP ID="P323_SP00093" HPOS="487" VPOS="865" WIDTH="24"/>
						<String ID="P323_ST00106" HPOS="511" VPOS="842" WIDTH="30" HEIGHT="22" CONTENT="at" WC="1.00" CC="00"/>
						<SP ID="P323_SP00094" HPOS="541" VPOS="865" WIDTH="23"/>
						<String ID="P323_ST00107" HPOS="564" VPOS="847" WIDTH="73" HEIGHT="17" CONTENT="once" WC="0.97" CC="0000"/>
						<SP ID="P323_SP00095" HPOS="637" VPOS="865" WIDTH="20"/>
						<String ID="P323_ST00108" HPOS="657" VPOS="839" WIDTH="44" HEIGHT="26" CONTENT="for" WC="0.86" CC="004"/>
						<SP ID="P323_SP00096" HPOS="701" VPOS="865" WIDTH="20"/>
						<String ID="P323_ST00109" HPOS="721" VPOS="848" WIDTH="17" HEIGHT="17" CONTENT="a" WC="0.03" CC="9"/>
						<SP ID="P323_SP00097" HPOS="738" VPOS="865" WIDTH="20"/>
						<String ID="P323_ST00110" HPOS="758" VPOS="839" WIDTH="54" HEIGHT="26" CONTENT="few" WC="0.86" CC="400"/>
						<SP ID="P323_SP00098" HPOS="812" VPOS="865" WIDTH="20"/>
						<String ID="P323_ST00111" HPOS="832" VPOS="840" WIDTH="240" HEIGHT="34" CONTENT="supplementary" WC="1.00" CC="0000000000000"/>
						<SP ID="P323_SP00099" HPOS="1072" VPOS="874" WIDTH="19"/>
						<String ID="P323_ST00112" HPOS="1091" VPOS="839" WIDTH="179" HEIGHT="32" CONTENT="executions," WC="0.92" CC="00002040002"/>
						<SP ID="P323_SP00100" HPOS="1270" VPOS="874" WIDTH="22"/>
						<String ID="P323_ST00113" HPOS="1292" VPOS="840" WIDTH="58" HEIGHT="25" CONTENT="and" WC="1.00" CC="000"/>
					</TextLine>
					<TextLine ID="P323_TL00014" HPOS="211" VPOS="888" WIDTH="1140" HEIGHT="35">
						<String ID="P323_ST00114" HPOS="211" VPOS="888" WIDTH="70" HEIGHT="25" CONTENT="with" WC="0.68" CC="9002"/>
						<SP ID="P323_SP00101" HPOS="281" VPOS="913" WIDTH="15"/>
						<String ID="P323_ST00115" HPOS="296" VPOS="888" WIDTH="59" HEIGHT="25" CONTENT="this" WC="0.79" CC="0610"/>
						<SP ID="P323_SP00102" HPOS="355" VPOS="913" WIDTH="13"/>
						<String ID="P323_ST00116" HPOS="368" VPOS="888" WIDTH="75" HEIGHT="25" CONTENT="view" WC="0.97" CC="0100"/>
						<SP ID="P323_SP00103" HPOS="443" VPOS="913" WIDTH="13"/>
						<String ID="P323_ST00117" HPOS="456" VPOS="888" WIDTH="22" HEIGHT="25" CONTENT="it" WC="0.89" CC="20"/>
						<SP ID="P323_SP00104" HPOS="478" VPOS="913" WIDTH="14"/>
						<String ID="P323_ST00118" HPOS="492" VPOS="896" WIDTH="60" HEIGHT="17" CONTENT="was" WC="1.00" CC="000"/>
						<SP ID="P323_SP00105" HPOS="552" VPOS="913" WIDTH="14"/>
						<String ID="P323_ST00119" HPOS="566" VPOS="888" WIDTH="133" HEIGHT="26" CONTENT="resolved" WC="0.86" CC="30003040"/>
						<SP ID="P323_SP00106" HPOS="699" VPOS="914" WIDTH="20"/>
						<String ID="P323_ST00120" HPOS="719" VPOS="892" WIDTH="30" HEIGHT="22" CONTENT="to" WC="1.00" CC="00"/>
						<SP ID="P323_SP00107" HPOS="749" VPOS="914" WIDTH="20"/>
						<String ID="P323_ST00121" HPOS="769" VPOS="888" WIDTH="69" HEIGHT="26" CONTENT="look" WC="1.00" CC="0000"/>
						<SP ID="P323_SP00108" HPOS="838" VPOS="914" WIDTH="19"/>
						<String ID="P323_ST00122" HPOS="857" VPOS="889" WIDTH="128" HEIGHT="34" CONTENT="through" WC="0.71" CC="0700092"/>
						<SP ID="P323_SP00109" HPOS="985" VPOS="923" WIDTH="17"/>
						<String ID="P323_ST00123" HPOS="1002" VPOS="889" WIDTH="49" HEIGHT="25" CONTENT="the" WC="0.76" CC="070"/>
						<SP ID="P323_SP00110" HPOS="1051" VPOS="923" WIDTH="16"/>
						<String ID="P323_ST00124" HPOS="1067" VPOS="889" WIDTH="76" HEIGHT="25" CONTENT="back" WC="0.93" CC="2000"/>
						<SP ID="P323_SP00111" HPOS="1143" VPOS="923" WIDTH="14"/>
						<String ID="P323_ST00125" HPOS="1157" VPOS="889" WIDTH="147" HEIGHT="32" CONTENT="numbers," WC="0.90" CC="04000003"/>
						<SP ID="P323_SP00112" HPOS="1304" VPOS="923" WIDTH="14"/>
						<String ID="P323_ST00126" HPOS="1318" VPOS="897" WIDTH="33" HEIGHT="17" CONTENT="or" WC="1.00" CC="00"/>
					</TextLine>
					<TextLine ID="P323_TL00015" HPOS="211" VPOS="936" WIDTH="1139" HEIGHT="36">
						<String ID="P323_ST00127" HPOS="211" VPOS="937" WIDTH="84" HEIGHT="25" CONTENT="stock" WC="1.00" CC="00000"/>
						<SP ID="P323_SP00113" HPOS="295" VPOS="962" WIDTH="13"/>
						<String ID="P323_ST00128" HPOS="308" VPOS="936" WIDTH="168" HEIGHT="35" CONTENT="remaining" WC="0.89" CC="300001400"/>
						<SP ID="P323_SP00114" HPOS="476" VPOS="971" WIDTH="14"/>
						<String ID="P323_ST00129" HPOS="490" VPOS="946" WIDTH="38" HEIGHT="16" CONTENT="on" WC="0.70" CC="06"/>
						<SP ID="P323_SP00115" HPOS="528" VPOS="971" WIDTH="14"/>
						<String ID="P323_ST00130" HPOS="542" VPOS="937" WIDTH="80" HEIGHT="25" CONTENT="hand" WC="0.78" CC="3050"/>
						<SP ID="P323_SP00116" HPOS="622" VPOS="971" WIDTH="14"/>
						<String ID="P323_ST00131" HPOS="636" VPOS="936" WIDTH="33" HEIGHT="26" CONTENT="of" WC="1.00" CC="00"/>
						<SP ID="P323_SP00117" HPOS="669" VPOS="971" WIDTH="12"/>
						<String ID="P323_ST00132" HPOS="681" VPOS="937" WIDTH="49" HEIGHT="25" CONTENT="the" WC="0.81" CC="050"/>
						<SP ID="P323_SP00118" HPOS="730" VPOS="971" WIDTH="13"/>
						<String ID="P323_ST00133" HPOS="743" VPOS="936" WIDTH="154" HEIGHT="35" CONTENT="regicides." WC="0.76" CC="2096040000"/>
						<SP ID="P323_SP00119" HPOS="897" VPOS="971" WIDTH="40"/>
						<String ID="P323_ST00134" HPOS="937" VPOS="936" WIDTH="77" HEIGHT="26" CONTENT="Lord" WC="0.98" CC="0000"/>
						<SP ID="P323_SP00120" HPOS="1014" VPOS="971" WIDTH="18"/>
						<String ID="P323_ST00135" HPOS="1032" VPOS="937" WIDTH="136" HEIGHT="31" CONTENT="Monson," WC="1.00" CC="0000000"/>
						<SP ID="P323_SP00121" HPOS="1168" VPOS="971" WIDTH="16"/>
						<String ID="P323_ST00136" HPOS="1184" VPOS="936" WIDTH="48" HEIGHT="27" CONTENT="Sir" WC="0.85" CC="040"/>
						<SP ID="P323_SP00122" HPOS="1232" VPOS="971" WIDTH="14"/>
						<String ID="P323_ST00137" HPOS="1246" VPOS="937" WIDTH="104" HEIGHT="35" CONTENT="Henry" WC="0.82" CC="50300"/>
					</TextLine>
					<TextLine ID="P323_TL00016" HPOS="210" VPOS="985" WIDTH="1140" HEIGHT="35">
						<String ID="P323_ST00138" HPOS="210" VPOS="986" WIDTH="156" HEIGHT="34" CONTENT="Mildmay," WC="0.87" CC="90000000"/>
						<SP ID="P323_SP00123" HPOS="366" VPOS="1020" WIDTH="28"/>
						<String ID="P323_ST00139" HPOS="394" VPOS="986" WIDTH="58" HEIGHT="26" CONTENT="and" WC="0.89" CC="030"/>
						<SP ID="P323_SP00124" HPOS="452" VPOS="1020" WIDTH="31"/>
						<String ID="P323_ST00140" HPOS="483" VPOS="985" WIDTH="47" HEIGHT="27" CONTENT="Sir" WC="0.81" CC="014"/>
						<SP ID="P323_SP00125" HPOS="530" VPOS="1020" WIDTH="26"/>
						<String ID="P323_ST00141" HPOS="556" VPOS="986" WIDTH="115" HEIGHT="26" CONTENT="Robert" WC="0.95" CC="000020"/>
						<SP ID="P323_SP00126" HPOS="671" VPOS="1020" WIDTH="25"/>
						<String ID="P323_ST00142" HPOS="696" VPOS="985" WIDTH="130" HEIGHT="34" CONTENT="Wallop," WC="0.90" CC="0050000"/>
						<SP ID="P323_SP00127" HPOS="826" VPOS="1020" WIDTH="28"/>
						<String ID="P323_ST00143" HPOS="854" VPOS="994" WIDTH="76" HEIGHT="17" CONTENT="were" WC="0.92" CC="0300"/>
						<SP ID="P323_SP00128" HPOS="930" VPOS="1020" WIDTH="27"/>
						<String ID="P323_ST00144" HPOS="957" VPOS="989" WIDTH="16" HEIGHT="11" CONTENT='"' WC="0.61" CC="3"/>
						<SP ID="P323_SP00129" HPOS="973" VPOS="1020" WIDTH="12"/>
						<String ID="P323_ST00145" HPOS="985" VPOS="986" WIDTH="161" HEIGHT="26" CONTENT="unearthed" WC="0.97" CC="100010000"/>
						<String ID="P323_ST00146" HPOS="1158" VPOS="987" WIDTH="15" HEIGHT="8" CONTENT='"' WC="0.43" CC="5"/>
						<SP ID="P323_SP00130" HPOS="1173" VPOS="1020" WIDTH="27"/>
						<String ID="P323_ST00147" HPOS="1200" VPOS="986" WIDTH="73" HEIGHT="26" CONTENT="from" WC="1.00" CC="0000"/>
						<SP ID="P323_SP00131" HPOS="1273" VPOS="1020" WIDTH="27"/>
						<String ID="P323_ST00148" HPOS="1300" VPOS="987" WIDTH="50" HEIGHT="25" CONTENT="the" WC="1.00" CC="000"/>
					</TextLine>
					<TextLine ID="P323_TL00017" HPOS="209" VPOS="1034" WIDTH="1139" HEIGHT="36">
						<String ID="P323_ST00149" HPOS="209" VPOS="1035" WIDTH="152" HEIGHT="35" CONTENT="obscurity" WC="0.85" CC="050050110"/>
						<SP ID="P323_SP00132" HPOS="361" VPOS="1070" WIDTH="13"/>
						<String ID="P323_ST00150" HPOS="374" VPOS="1035" WIDTH="62" HEIGHT="26" CONTENT="into" WC="1.00" CC="0000"/>
						<SP ID="P323_SP00133" HPOS="436" VPOS="1070" WIDTH="19"/>
						<String ID="P323_ST00151" HPOS="455" VPOS="1035" WIDTH="95" HEIGHT="26" CONTENT="which" WC="0.66" CC="07405"/>
						<SP ID="P323_SP00134" HPOS="550" VPOS="1070" WIDTH="21"/>
						<String ID="P323_ST00152" HPOS="571" VPOS="1035" WIDTH="70" HEIGHT="34" CONTENT="they" WC="0.83" CC="0600"/>
						<SP ID="P323_SP00135" HPOS="641" VPOS="1070" WIDTH="15"/>
						<String ID="P323_ST00153" HPOS="656" VPOS="1035" WIDTH="59" HEIGHT="25" CONTENT="had" WC="0.86" CC="400"/>
						<SP ID="P323_SP00136" HPOS="715" VPOS="1070" WIDTH="21"/>
						<String ID="P323_ST00154" HPOS="736" VPOS="1039" WIDTH="90" HEIGHT="29" CONTENT="crept," WC="1.00" CC="000000"/>
						<SP ID="P323_SP00137" HPOS="826" VPOS="1070" WIDTH="16"/>
						<String ID="P323_ST00155" HPOS="842" VPOS="1034" WIDTH="59" HEIGHT="26" CONTENT="and" WC="0.79" CC="060"/>
						<SP ID="P323_SP00138" HPOS="901" VPOS="1070" WIDTH="14"/>
						<String ID="P323_ST00156" HPOS="915" VPOS="1043" WIDTH="76" HEIGHT="18" CONTENT="were" WC="1.00" CC="0000"/>
						<SP ID="P323_SP00139" HPOS="991" VPOS="1070" WIDTH="19"/>
						<String ID="P323_ST00157" HPOS="1010" VPOS="1034" WIDTH="134" HEIGHT="35" CONTENT="dragged" WC="0.97" CC="0200000"/>
						<SP ID="P323_SP00140" HPOS="1144" VPOS="1070" WIDTH="20"/>
						<String ID="P323_ST00158" HPOS="1164" VPOS="1044" WIDTH="37" HEIGHT="17" CONTENT="on" WC="0.70" CC="14"/>
						<SP ID="P323_SP00141" HPOS="1201" VPOS="1070" WIDTH="22"/>
						<String ID="P323_ST00159" HPOS="1223" VPOS="1036" WIDTH="125" HEIGHT="34" CONTENT="sledges," WC="0.76" CC="00090090"/>
					</TextLine>
					<TextLine ID="P323_TL00018" HPOS="208" VPOS="1083" WIDTH="1142" HEIGHT="35">
						<String ID="P323_ST00160" HPOS="208" VPOS="1084" WIDTH="72" HEIGHT="26" CONTENT="with" WC="0.85" CC="0104"/>
						<SP ID="P323_SP00142" HPOS="280" VPOS="1110" WIDTH="24"/>
						<String ID="P323_ST00161" HPOS="304" VPOS="1093" WIDTH="86" HEIGHT="25" CONTENT="ropes" WC="0.96" CC="10000"/>
						<SP ID="P323_SP00143" HPOS="390" VPOS="1118" WIDTH="24"/>
						<String ID="P323_ST00162" HPOS="414" VPOS="1084" WIDTH="94" HEIGHT="26" CONTENT="round" WC="0.83" CC="50020"/>
						<SP ID="P323_SP00144" HPOS="508" VPOS="1118" WIDTH="27"/>
						<String ID="P323_ST00163" HPOS="535" VPOS="1083" WIDTH="76" HEIGHT="26" CONTENT="their" WC="0.90" CC="04000"/>
						<SP ID="P323_SP00145" HPOS="611" VPOS="1118" WIDTH="24"/>
						<String ID="P323_ST00164" HPOS="635" VPOS="1084" WIDTH="98" HEIGHT="31" CONTENT="necks," WC="0.83" CC="000090"/>
						<SP ID="P323_SP00146" HPOS="733" VPOS="1118" WIDTH="25"/>
						<String ID="P323_ST00165" HPOS="758" VPOS="1088" WIDTH="29" HEIGHT="21" CONTENT="to" WC="1.00" CC="00"/>
						<SP ID="P323_SP00147" HPOS="787" VPOS="1118" WIDTH="23"/>
						<String ID="P323_ST00166" HPOS="810" VPOS="1084" WIDTH="121" HEIGHT="33" CONTENT="Tyburn" WC="1.00" CC="000000"/>
						<SP ID="P323_SP00148" HPOS="931" VPOS="1118" WIDTH="24"/>
						<String ID="P323_ST00167" HPOS="955" VPOS="1084" WIDTH="58" HEIGHT="25" CONTENT="and" WC="0.99" CC="000"/>
						<SP ID="P323_SP00149" HPOS="1013" VPOS="1118" WIDTH="23"/>
						<String ID="P323_ST00168" HPOS="1036" VPOS="1084" WIDTH="77" HEIGHT="25" CONTENT="back" WC="1.00" CC="0000"/>
						<SP ID="P323_SP00150" HPOS="1113" VPOS="1118" WIDTH="22"/>
						<String ID="P323_ST00169" HPOS="1135" VPOS="1084" WIDTH="99" HEIGHT="34" CONTENT="again." WC="0.85" CC="000620"/>
						<SP ID="P323_SP00151" HPOS="1234" VPOS="1118" WIDTH="39"/>
						<String ID="P323_ST00170" HPOS="1273" VPOS="1085" WIDTH="77" HEIGHT="26" CONTENT="Poor" WC="0.54" CC="6172"/>
					</TextLine>
					<TextLine ID="P323_TL00019" HPOS="209" VPOS="1133" WIDTH="1138" HEIGHT="35">
						<String ID="P323_ST00171" HPOS="209" VPOS="1133" WIDTH="147" HEIGHT="33" CONTENT="Wallop's" WC="0.66" CC="90520610"/>
						<SP ID="P323_SP00152" HPOS="356" VPOS="1166" WIDTH="24"/>
						<String ID="P323_ST00172" HPOS="380" VPOS="1141" WIDTH="87" HEIGHT="18" CONTENT="name" WC="1.00" CC="0000"/>
						<SP ID="P323_SP00153" HPOS="467" VPOS="1166" WIDTH="23"/>
						<String ID="P323_ST00173" HPOS="490" VPOS="1141" WIDTH="61" HEIGHT="18" CONTENT="was" WC="1.00" CC="000"/>
						<SP ID="P323_SP00154" HPOS="551" VPOS="1166" WIDTH="24"/>
						<String ID="P323_ST00174" HPOS="575" VPOS="1133" WIDTH="110" HEIGHT="34" CONTENT="cruelly" WC="1.00" CC="0000000"/>
						<SP ID="P323_SP00155" HPOS="685" VPOS="1167" WIDTH="23"/>
						<String ID="P323_ST00175" HPOS="708" VPOS="1133" WIDTH="86" HEIGHT="26" CONTENT="made" WC="1.00" CC="0000"/>
						<SP ID="P323_SP00156" HPOS="794" VPOS="1167" WIDTH="24"/>
						<String ID="P323_ST00176" HPOS="818" VPOS="1133" WIDTH="169" HEIGHT="34" CONTENT="suggestive" WC="0.77" CC="4209000500"/>
						<SP ID="P323_SP00157" HPOS="987" VPOS="1167" WIDTH="24"/>
						<String ID="P323_ST00177" HPOS="1011" VPOS="1133" WIDTH="33" HEIGHT="26" CONTENT="of" WC="0.75" CC="05"/>
						<SP ID="P323_SP00158" HPOS="1044" VPOS="1167" WIDTH="20"/>
						<String ID="P323_ST00178" HPOS="1064" VPOS="1133" WIDTH="137" HEIGHT="35" CONTENT="ruffianly" WC="0.91" CC="000000610"/>
						<SP ID="P323_SP00159" HPOS="1201" VPOS="1168" WIDTH="22"/>
						<String ID="P323_ST00179" HPOS="1223" VPOS="1134" WIDTH="124" HEIGHT="32" CONTENT="attacks," WC="1.00" CC="00000000"/>
					</TextLine>
					<TextLine ID="P323_TL00020" HPOS="208" VPOS="1182" WIDTH="1140" HEIGHT="35">
						<String ID="P323_ST00180" HPOS="208" VPOS="1183" WIDTH="106" HEIGHT="31" CONTENT="which," WC="0.65" CC="065071"/>
						<SP ID="P323_SP00160" HPOS="314" VPOS="1214" WIDTH="15"/>
						<String ID="P323_ST00181" HPOS="329" VPOS="1183" WIDTH="40" HEIGHT="33" CONTENT="by" WC="1.00" CC="00"/>
						<SP ID="P323_SP00161" HPOS="369" VPOS="1216" WIDTH="14"/>
						<String ID="P323_ST00182" HPOS="383" VPOS="1182" WIDTH="122" HEIGHT="34" CONTENT="turning" WC="0.76" CC="0400550"/>
						<SP ID="P323_SP00162" HPOS="505" VPOS="1216" WIDTH="19"/>
						<String ID="P323_ST00183" HPOS="524" VPOS="1183" WIDTH="50" HEIGHT="25" CONTENT="the" WC="0.86" CC="030"/>
						<SP ID="P323_SP00163" HPOS="574" VPOS="1216" WIDTH="19"/>
						<String ID="P323_ST00184" HPOS="593" VPOS="1182" WIDTH="63" HEIGHT="26" CONTENT="first" WC="0.98" CC="00000"/>
						<SP ID="P323_SP00164" HPOS="656" VPOS="1216" WIDTH="20"/>
						<String ID="P323_ST00185" HPOS="676" VPOS="1190" WIDTH="107" HEIGHT="26" CONTENT="person" WC="0.91" CC="000005"/>
						<SP ID="P323_SP00165" HPOS="783" VPOS="1216" WIDTH="21"/>
						<String ID="P323_ST00186" HPOS="804" VPOS="1186" WIDTH="116" HEIGHT="29" CONTENT="present" WC="1.00" CC="0000000"/>
						<String ID="P323_ST00187" HPOS="923" VPOS="1197" WIDTH="35" HEIGHT="3" CONTENT="—" WC="0.20" CC="8"/>
						<String ID="P323_ST00188" HPOS="959" VPOS="1182" WIDTH="120" HEIGHT="33" CONTENT="Wallop" WC="0.94" CC="001100"/>
						<String ID="P323_ST00189" HPOS="1081" VPOS="1198" WIDTH="35" HEIGHT="2" CONTENT="—" WC="0.20" CC="8"/>
						<String ID="P323_ST00190" HPOS="1118" VPOS="1182" WIDTH="61" HEIGHT="26" CONTENT="into" WC="0.75" CC="4400"/>
						<SP ID="P323_SP00166" HPOS="1179" VPOS="1216" WIDTH="14"/>
						<String ID="P323_ST00191" HPOS="1193" VPOS="1183" WIDTH="50" HEIGHT="25" CONTENT="the" WC="0.99" CC="000"/>
						<SP ID="P323_SP00167" HPOS="1243" VPOS="1216" WIDTH="14"/>
						<String ID="P323_ST00192" HPOS="1257" VPOS="1183" WIDTH="91" HEIGHT="34" CONTENT="parti" SUBS_TYPE="HypPart1" SUBS_CONTENT="participle" WC="0.89" CC="000060"/>
						<HYP CONTENT="-"/>
					</TextLine>
					<TextLine ID="P323_TL00021" HPOS="209" VPOS="1230" WIDTH="866" HEIGHT="35">
						<String ID="P323_ST00193" HPOS="209" VPOS="1232" WIDTH="77" HEIGHT="33" CONTENT="ciple" SUBS_TYPE="HypPart2" SUBS_CONTENT="participle" WC="1.00" CC="00000"/>
						<SP ID="P323_SP00168" HPOS="286" VPOS="1265" WIDTH="15"/>
						<String ID="P323_ST00194" HPOS="301" VPOS="1232" WIDTH="30" HEIGHT="25" CONTENT="in" WC="0.68" CC="41"/>
						<SP ID="P323_SP00169" HPOS="331" VPOS="1265" WIDTH="15"/>
						<String ID="P323_ST00195" HPOS="346" VPOS="1231" WIDTH="59" HEIGHT="34" CONTENT="ing," WC="0.58" CC="6702"/>
						<SP ID="P323_SP00170" HPOS="405" VPOS="1265" WIDTH="15"/>
						<String ID="P323_ST00196" HPOS="420" VPOS="1231" WIDTH="50" HEIGHT="26" CONTENT="the" WC="0.77" CC="060"/>
						<SP ID="P323_SP00171" HPOS="470" VPOS="1265" WIDTH="14"/>
						<String ID="P323_ST00197" HPOS="484" VPOS="1231" WIDTH="104" HEIGHT="25" CONTENT="reader" WC="1.00" CC="000000"/>
						<SP ID="P323_SP00172" HPOS="588" VPOS="1265" WIDTH="12"/>
						<String ID="P323_ST00198" HPOS="600" VPOS="1231" WIDTH="60" HEIGHT="26" CONTENT="will" WC="1.00" CC="0000"/>
						<SP ID="P323_SP00173" HPOS="660" VPOS="1265" WIDTH="15"/>
						<String ID="P323_ST00199" HPOS="675" VPOS="1235" WIDTH="29" HEIGHT="22" CONTENT="at" WC="1.00" CC="00"/>
						<SP ID="P323_SP00174" HPOS="704" VPOS="1265" WIDTH="14"/>
						<String ID="P323_ST00200" HPOS="718" VPOS="1238" WIDTH="72" HEIGHT="18" CONTENT="once" WC="0.99" CC="0000"/>
						<SP ID="P323_SP00175" HPOS="790" VPOS="1265" WIDTH="14"/>
						<String ID="P323_ST00201" HPOS="804" VPOS="1230" WIDTH="144" HEIGHT="35" CONTENT="mentally" WC="0.91" CC="00400010"/>
						<SP ID="P323_SP00176" HPOS="948" VPOS="1265" WIDTH="14"/>
						<String ID="P323_ST00202" HPOS="962" VPOS="1230" WIDTH="113" HEIGHT="26" CONTENT="realise." WC="0.98" CC="00001000"/>
					</TextLine>
				</TextBlock>
				<TextBlock ID="P323_TB00006" HPOS="200" VPOS="1303" WIDTH="1150" HEIGHT="723" STYLEREFS="TXT_2 PAR_LEFT">
					<TextLine ID="P323_TL00022" HPOS="263" VPOS="1303" WIDTH="1086" HEIGHT="36">
						<String ID="P323_ST00203" HPOS="263" VPOS="1305" WIDTH="64" HEIGHT="26" CONTENT="The" WC="0.86" CC="040"/>
						<SP ID="P323_SP00177" HPOS="327" VPOS="1331" WIDTH="21"/>
						<String ID="P323_ST00204" HPOS="348" VPOS="1304" WIDTH="210" HEIGHT="35" CONTENT="subserviency" WC="0.92" CC="040005000000"/>
						<SP ID="P323_SP00178" HPOS="558" VPOS="1339" WIDTH="19"/>
						<String ID="P323_ST00205" HPOS="577" VPOS="1304" WIDTH="33" HEIGHT="26" CONTENT="of" WC="1.00" CC="00"/>
						<SP ID="P323_SP00179" HPOS="610" VPOS="1339" WIDTH="18"/>
						<String ID="P323_ST00206" HPOS="628" VPOS="1304" WIDTH="50" HEIGHT="26" CONTENT="the" WC="0.78" CC="060"/>
						<SP ID="P323_SP00180" HPOS="678" VPOS="1339" WIDTH="23"/>
						<String ID="P323_ST00207" HPOS="701" VPOS="1304" WIDTH="181" HEIGHT="25" CONTENT="Parliament" WC="0.93" CC="6000000000"/>
						<SP ID="P323_SP00181" HPOS="882" VPOS="1339" WIDTH="23"/>
						<String ID="P323_ST00208" HPOS="905" VPOS="1307" WIDTH="30" HEIGHT="22" CONTENT="to" WC="1.00" CC="00"/>
						<SP ID="P323_SP00182" HPOS="935" VPOS="1339" WIDTH="24"/>
						<String ID="P323_ST00209" HPOS="959" VPOS="1303" WIDTH="121" HEIGHT="26" CONTENT="Charles" WC="0.98" CC="0000100"/>
						<SP ID="P323_SP00183" HPOS="1080" VPOS="1339" WIDTH="21"/>
						<String ID="P323_ST00210" HPOS="1101" VPOS="1312" WIDTH="61" HEIGHT="17" CONTENT="was" WC="0.69" CC="009"/>
						<SP ID="P323_SP00184" HPOS="1162" VPOS="1339" WIDTH="21"/>
						<String ID="P323_ST00211" HPOS="1183" VPOS="1304" WIDTH="166" HEIGHT="35" CONTENT="absolutely" WC="0.74" CC="0000640770"/>
					</TextLine>
					<TextLine ID="P323_TL00023" HPOS="208" VPOS="1352" WIDTH="1141" HEIGHT="36">
						<String ID="P323_ST00212" HPOS="208" VPOS="1354" WIDTH="165" HEIGHT="34" CONTENT="sickening," WC="0.86" CC="2500010400"/>
						<SP ID="P323_SP00185" HPOS="373" VPOS="1388" WIDTH="17"/>
						<String ID="P323_ST00213" HPOS="390" VPOS="1354" WIDTH="59" HEIGHT="25" CONTENT="and" WC="1.00" CC="000"/>
						<SP ID="P323_SP00186" HPOS="449" VPOS="1388" WIDTH="17"/>
						<String ID="P323_ST00214" HPOS="466" VPOS="1354" WIDTH="22" HEIGHT="26" CONTENT="it" WC="0.83" CC="30"/>
						<SP ID="P323_SP00187" HPOS="488" VPOS="1388" WIDTH="17"/>
						<String ID="P323_ST00215" HPOS="505" VPOS="1354" WIDTH="25" HEIGHT="25" CONTENT="is" WC="1.00" CC="00"/>
						<SP ID="P323_SP00188" HPOS="530" VPOS="1388" WIDTH="18"/>
						<String ID="P323_ST00216" HPOS="548" VPOS="1362" WIDTH="17" HEIGHT="17" CONTENT="a" WC="0.57" CC="4"/>
						<SP ID="P323_SP00189" HPOS="565" VPOS="1388" WIDTH="16"/>
						<String ID="P323_ST00217" HPOS="581" VPOS="1353" WIDTH="58" HEIGHT="26" CONTENT="fact" WC="1.00" CC="0000"/>
						<SP ID="P323_SP00190" HPOS="639" VPOS="1388" WIDTH="14"/>
						<String ID="P323_ST00218" HPOS="653" VPOS="1353" WIDTH="115" HEIGHT="34" CONTENT="worthy" WC="0.90" CC="000050"/>
						<SP ID="P323_SP00191" HPOS="768" VPOS="1388" WIDTH="13"/>
						<String ID="P323_ST00219" HPOS="781" VPOS="1352" WIDTH="33" HEIGHT="26" CONTENT="of" WC="1.00" CC="00"/>
						<SP ID="P323_SP00192" HPOS="814" VPOS="1388" WIDTH="14"/>
						<String ID="P323_ST00220" HPOS="828" VPOS="1352" WIDTH="125" HEIGHT="30" CONTENT="remark," WC="0.98" CC="0000000"/>
						<SP ID="P323_SP00193" HPOS="953" VPOS="1388" WIDTH="15"/>
						<String ID="P323_ST00221" HPOS="968" VPOS="1352" WIDTH="64" HEIGHT="26" CONTENT="that" WC="0.87" CC="0500"/>
						<SP ID="P323_SP00194" HPOS="1032" VPOS="1388" WIDTH="20"/>
						<String ID="P323_ST00222" HPOS="1052" VPOS="1352" WIDTH="50" HEIGHT="26" CONTENT="the" WC="0.79" CC="060"/>
						<SP ID="P323_SP00195" HPOS="1102" VPOS="1388" WIDTH="20"/>
						<String ID="P323_ST00223" HPOS="1122" VPOS="1353" WIDTH="111" HEIGHT="34" CONTENT="epithet" WC="0.85" CC="0040500"/>
						<SP ID="P323_SP00196" HPOS="1233" VPOS="1388" WIDTH="12"/>
						<String ID="P323_ST00224" HPOS="1245" VPOS="1355" WIDTH="17" HEIGHT="13" CONTENT='"' WC="1.00" CC="0"/>
						<SP ID="P323_SP00197" HPOS="1262" VPOS="1388" WIDTH="11"/>
						<String ID="P323_ST00225" HPOS="1273" VPOS="1359" WIDTH="76" HEIGHT="21" CONTENT="most" WC="1.00" CC="0000"/>
					</TextLine>
					<TextLine ID="P323_TL00024" HPOS="207" VPOS="1400" WIDTH="1140" HEIGHT="37">
						<String ID="P323_ST00226" HPOS="207" VPOS="1403" WIDTH="169" HEIGHT="34" CONTENT='religious,"' WC="0.79" CC="10300404035"/>
						<SP ID="P323_SP00198" HPOS="376" VPOS="1437" WIDTH="14"/>
						<String ID="P323_ST00227" HPOS="390" VPOS="1403" WIDTH="119" HEIGHT="34" CONTENT="applied" WC="0.95" CC="0003000"/>
						<SP ID="P323_SP00199" HPOS="509" VPOS="1437" WIDTH="14"/>
						<String ID="P323_ST00228" HPOS="523" VPOS="1407" WIDTH="30" HEIGHT="21" CONTENT="to" WC="1.00" CC="00"/>
						<SP ID="P323_SP00200" HPOS="553" VPOS="1437" WIDTH="15"/>
						<String ID="P323_ST00229" HPOS="568" VPOS="1403" WIDTH="49" HEIGHT="25" CONTENT="the" WC="0.80" CC="050"/>
						<SP ID="P323_SP00201" HPOS="617" VPOS="1437" WIDTH="16"/>
						<String ID="P323_ST00230" HPOS="633" VPOS="1402" WIDTH="154" HEIGHT="34" CONTENT="sovereign" WC="0.93" CC="000000500"/>
						<SP ID="P323_SP00202" HPOS="787" VPOS="1437" WIDTH="15"/>
						<String ID="P323_ST00231" HPOS="802" VPOS="1401" WIDTH="29" HEIGHT="25" CONTENT="in" WC="1.00" CC="00"/>
						<SP ID="P323_SP00203" HPOS="831" VPOS="1437" WIDTH="15"/>
						<String ID="P323_ST00232" HPOS="846" VPOS="1401" WIDTH="132" HEIGHT="34" CONTENT="portions" WC="0.88" CC="70000010"/>
						<SP ID="P323_SP00204" HPOS="978" VPOS="1437" WIDTH="14"/>
						<String ID="P323_ST00233" HPOS="992" VPOS="1400" WIDTH="33" HEIGHT="26" CONTENT="of" WC="1.00" CC="00"/>
						<SP ID="P323_SP00205" HPOS="1025" VPOS="1437" WIDTH="9"/>
						<String ID="P323_ST00234" HPOS="1034" VPOS="1401" WIDTH="49" HEIGHT="26" CONTENT="the" WC="0.81" CC="050"/>
						<SP ID="P323_SP00206" HPOS="1083" VPOS="1437" WIDTH="15"/>
						<String ID="P323_ST00235" HPOS="1098" VPOS="1401" WIDTH="115" HEIGHT="26" CONTENT="Church" WC="0.94" CC="000003"/>
						<SP ID="P323_SP00207" HPOS="1213" VPOS="1437" WIDTH="15"/>
						<String ID="P323_ST00236" HPOS="1228" VPOS="1403" WIDTH="119" HEIGHT="31" CONTENT="service," WC="0.71" CC="00094052"/>
					</TextLine>
					<TextLine ID="P323_TL00025" HPOS="206" VPOS="1448" WIDTH="1140" HEIGHT="38">
						<String ID="P323_ST00237" HPOS="206" VPOS="1460" WIDTH="61" HEIGHT="18" CONTENT="was" WC="1.00" CC="000"/>
						<SP ID="P323_SP00208" HPOS="267" VPOS="1478" WIDTH="18"/>
						<String ID="P323_ST00238" HPOS="285" VPOS="1451" WIDTH="152" HEIGHT="26" CONTENT="bestowed" WC="0.95" CC="00040000"/>
						<SP ID="P323_SP00209" HPOS="437" VPOS="1478" WIDTH="19"/>
						<String ID="P323_ST00239" HPOS="456" VPOS="1451" WIDTH="160" HEIGHT="35" CONTENT="originally" WC="0.85" CC="0050500200"/>
						<SP ID="P323_SP00210" HPOS="616" VPOS="1486" WIDTH="14"/>
						<String ID="P323_ST00240" HPOS="630" VPOS="1459" WIDTH="79" HEIGHT="26" CONTENT="upon" WC="0.91" CC="3000"/>
						<SP ID="P323_SP00211" HPOS="709" VPOS="1486" WIDTH="20"/>
						<String ID="P323_ST00241" HPOS="729" VPOS="1450" WIDTH="58" HEIGHT="26" CONTENT="this" WC="0.73" CC="0630"/>
						<SP ID="P323_SP00212" HPOS="787" VPOS="1486" WIDTH="21"/>
						<String ID="P323_ST00242" HPOS="808" VPOS="1448" WIDTH="121" HEIGHT="35" CONTENT="profane" WC="1.00" CC="0000000"/>
						<SP ID="P323_SP00213" HPOS="929" VPOS="1486" WIDTH="20"/>
						<String ID="P323_ST00243" HPOS="949" VPOS="1449" WIDTH="59" HEIGHT="26" CONTENT="and" WC="0.73" CC="700"/>
						<SP ID="P323_SP00214" HPOS="1008" VPOS="1486" WIDTH="20"/>
						<String ID="P323_ST00244" HPOS="1028" VPOS="1449" WIDTH="135" HEIGHT="27" CONTENT="immoral" WC="0.92" CC="3002000"/>
						<SP ID="P323_SP00215" HPOS="1163" VPOS="1486" WIDTH="20"/>
						<String ID="P323_ST00245" HPOS="1183" VPOS="1452" WIDTH="163" HEIGHT="32" CONTENT="reprobate." WC="0.95" CC="0000000040"/>
					</TextLine>
					<TextLine ID="P323_TL00026" HPOS="207" VPOS="1498" WIDTH="1141" HEIGHT="37">
						<String ID="P323_ST00246" HPOS="207" VPOS="1501" WIDTH="57" HEIGHT="26" CONTENT="His" WC="0.85" CC="400"/>
						<SP ID="P323_SP00216" HPOS="264" VPOS="1527" WIDTH="16"/>
						<String ID="P323_ST00247" HPOS="280" VPOS="1500" WIDTH="181" HEIGHT="32" CONTENT="necessities," WC="0.93" CC="000000104011"/>
						<SP ID="P323_SP00217" HPOS="461" VPOS="1532" WIDTH="21"/>
						<String ID="P323_ST00248" HPOS="482" VPOS="1509" WIDTH="32" HEIGHT="16" CONTENT="or" WC="0.73" CC="05"/>
						<SP ID="P323_SP00218" HPOS="514" VPOS="1532" WIDTH="19"/>
						<String ID="P323_ST00249" HPOS="533" VPOS="1500" WIDTH="100" HEIGHT="25" CONTENT="rather" WC="0.82" CC="100602"/>
						<SP ID="P323_SP00219" HPOS="633" VPOS="1532" WIDTH="16"/>
						<String ID="P323_ST00250" HPOS="649" VPOS="1499" WIDTH="47" HEIGHT="26" CONTENT="his" WC="0.64" CC="730"/>
						<SP ID="P323_SP00220" HPOS="696" VPOS="1532" WIDTH="18"/>
						<String ID="P323_ST00251" HPOS="714" VPOS="1503" WIDTH="242" HEIGHT="30" CONTENT="extravagances," WC="0.96" CC="00140000000000"/>
						<SP ID="P323_SP00221" HPOS="956" VPOS="1533" WIDTH="14"/>
						<String ID="P323_ST00252" HPOS="970" VPOS="1507" WIDTH="77" HEIGHT="18" CONTENT="were" WC="1.00" CC="0000"/>
						<SP ID="P323_SP00222" HPOS="1047" VPOS="1533" WIDTH="17"/>
						<String ID="P323_ST00253" HPOS="1064" VPOS="1498" WIDTH="136" HEIGHT="34" CONTENT="supplied" WC="0.91" CC="02000400"/>
						<SP ID="P323_SP00223" HPOS="1200" VPOS="1533" WIDTH="20"/>
						<String ID="P323_ST00254" HPOS="1220" VPOS="1499" WIDTH="128" HEIGHT="36" CONTENT="lavishly" WC="0.85" CC="00010720"/>
					</TextLine>
					<TextLine ID="P323_TL00027" HPOS="204" VPOS="1547" WIDTH="1143" HEIGHT="39">
						<String ID="P323_ST00255" HPOS="204" VPOS="1552" WIDTH="41" HEIGHT="34" CONTENT="by" WC="1.00" CC="00"/>
						<SP ID="P323_SP00224" HPOS="245" VPOS="1586" WIDTH="11"/>
						<String ID="P323_ST00256" HPOS="256" VPOS="1550" WIDTH="192" HEIGHT="31" CONTENT="Parliament," WC="0.90" CC="50005000000"/>
						<SP ID="P323_SP00225" HPOS="448" VPOS="1586" WIDTH="15"/>
						<String ID="P323_ST00257" HPOS="463" VPOS="1550" WIDTH="66" HEIGHT="25" CONTENT="who" WC="0.81" CC="050"/>
						<SP ID="P323_SP00226" HPOS="529" VPOS="1586" WIDTH="14"/>
						<String ID="P323_ST00258" HPOS="543" VPOS="1549" WIDTH="89" HEIGHT="26" CONTENT="voted" WC="1.00" CC="00000"/>
						<SP ID="P323_SP00227" HPOS="632" VPOS="1586" WIDTH="18"/>
						<String ID="P323_ST00259" HPOS="650" VPOS="1548" WIDTH="61" HEIGHT="27" CONTENT="him" WC="0.81" CC="140"/>
						<SP ID="P323_SP00228" HPOS="711" VPOS="1586" WIDTH="15"/>
						<String ID="P323_ST00260" HPOS="726" VPOS="1557" WIDTH="17" HEIGHT="17" CONTENT="a" WC="1.00" CC="0"/>
						<SP ID="P323_SP00229" HPOS="743" VPOS="1586" WIDTH="14"/>
						<String ID="P323_ST00261" HPOS="757" VPOS="1547" WIDTH="172" HEIGHT="27" CONTENT="hearth-tax" WC="0.90" CC="5000023000"/>
						<SP ID="P323_SP00230" HPOS="929" VPOS="1586" WIDTH="10"/>
						<String ID="P323_ST00262" HPOS="939" VPOS="1547" WIDTH="43" HEIGHT="26" CONTENT="for" WC="0.78" CC="402"/>
						<SP ID="P323_SP00231" HPOS="982" VPOS="1586" WIDTH="14"/>
						<String ID="P323_ST00263" HPOS="996" VPOS="1556" WIDTH="87" HEIGHT="26" CONTENT="every" WC="1.00" CC="00000"/>
						<SP ID="P323_SP00232" HPOS="1083" VPOS="1586" WIDTH="13"/>
						<String ID="P323_ST00264" HPOS="1096" VPOS="1547" WIDTH="160" HEIGHT="34" CONTENT="fire-place," WC="0.95" CC="00000000003"/>
						<SP ID="P323_SP00233" HPOS="1256" VPOS="1586" WIDTH="16"/>
						<String ID="P323_ST00265" HPOS="1272" VPOS="1558" WIDTH="32" HEIGHT="17" CONTENT="or" WC="1.00" CC="00"/>
						<SP ID="P323_SP00234" HPOS="1304" VPOS="1586" WIDTH="13"/>
						<String ID="P323_ST00266" HPOS="1317" VPOS="1549" WIDTH="30" HEIGHT="26" CONTENT="in" WC="0.80" CC="21"/>
					</TextLine>
					<TextLine ID="P323_TL00028" HPOS="205" VPOS="1596" WIDTH="1141" HEIGHT="37">
						<String ID="P323_ST00267" HPOS="205" VPOS="1600" WIDTH="85" HEIGHT="25" CONTENT="other" WC="0.98" CC="00001"/>
						<SP ID="P323_SP00235" HPOS="290" VPOS="1625" WIDTH="12"/>
						<String ID="P323_ST00268" HPOS="302" VPOS="1598" WIDTH="106" HEIGHT="32" CONTENT="words," WC="0.99" CC="000000"/>
						<SP ID="P323_SP00236" HPOS="408" VPOS="1630" WIDTH="16"/>
						<String ID="P323_ST00269" HPOS="424" VPOS="1606" WIDTH="76" HEIGHT="27" CONTENT="gave" WC="0.99" CC="0000"/>
						<SP ID="P323_SP00237" HPOS="500" VPOS="1633" WIDTH="20"/>
						<String ID="P323_ST00270" HPOS="520" VPOS="1597" WIDTH="62" HEIGHT="26" CONTENT="him" WC="0.94" CC="010"/>
						<SP ID="P323_SP00238" HPOS="582" VPOS="1633" WIDTH="15"/>
						<String ID="P323_ST00271" HPOS="597" VPOS="1606" WIDTH="18" HEIGHT="17" CONTENT="a" WC="1.00" CC="0"/>
						<SP ID="P323_SP00239" HPOS="615" VPOS="1633" WIDTH="16"/>
						<String ID="P323_ST00272" HPOS="631" VPOS="1597" WIDTH="76" HEIGHT="26" CONTENT="draft" WC="0.91" CC="00040"/>
						<SP ID="P323_SP00240" HPOS="707" VPOS="1633" WIDTH="20"/>
						<String ID="P323_ST00273" HPOS="727" VPOS="1605" WIDTH="79" HEIGHT="25" CONTENT="upon" WC="0.96" CC="0001"/>
						<SP ID="P323_SP00241" HPOS="806" VPOS="1633" WIDTH="20"/>
						<String ID="P323_ST00274" HPOS="826" VPOS="1604" WIDTH="88" HEIGHT="26" CONTENT="every" WC="0.95" CC="00020"/>
						<SP ID="P323_SP00242" HPOS="914" VPOS="1633" WIDTH="13"/>
						<String ID="P323_ST00275" HPOS="927" VPOS="1596" WIDTH="146" HEIGHT="35" CONTENT="chimney." WC="0.87" CC="07200000"/>
						<SP ID="P323_SP00243" HPOS="1073" VPOS="1633" WIDTH="39"/>
						<String ID="P323_ST00276" HPOS="1112" VPOS="1596" WIDTH="234" HEIGHT="27" CONTENT="Notwithstand" SUBS_TYPE="HypPart1" SUBS_CONTENT="Notwithstanding" WC="0.96" CC="0000005000000"/>
						<HYP CONTENT="-"/>
					</TextLine>
					<TextLine ID="P323_TL00029" HPOS="203" VPOS="1644" WIDTH="1144" HEIGHT="40">
						<String ID="P323_ST00277" HPOS="203" VPOS="1650" WIDTH="54" HEIGHT="34" CONTENT="ing" SUBS_TYPE="HypPart2" SUBS_CONTENT="Notwithstanding" WC="0.83" CC="040"/>
						<SP ID="P323_SP00244" HPOS="257" VPOS="1684" WIDTH="20"/>
						<String ID="P323_ST00278" HPOS="277" VPOS="1649" WIDTH="50" HEIGHT="26" CONTENT="the" WC="0.94" CC="010"/>
						<SP ID="P323_SP00245" HPOS="327" VPOS="1684" WIDTH="21"/>
						<String ID="P323_ST00279" HPOS="348" VPOS="1648" WIDTH="104" HEIGHT="26" CONTENT="odious" WC="0.91" CC="000050"/>
						<SP ID="P323_SP00246" HPOS="452" VPOS="1684" WIDTH="20"/>
						<String ID="P323_ST00280" HPOS="472" VPOS="1647" WIDTH="144" HEIGHT="26" CONTENT="domestic" WC="0.99" CC="00000000"/>
						<SP ID="P323_SP00247" HPOS="616" VPOS="1684" WIDTH="20"/>
						<String ID="P323_ST00281" HPOS="636" VPOS="1646" WIDTH="152" HEIGHT="26" CONTENT="character" WC="0.93" CC="050000000"/>
						<SP ID="P323_SP00248" HPOS="788" VPOS="1684" WIDTH="21"/>
						<String ID="P323_ST00282" HPOS="809" VPOS="1644" WIDTH="32" HEIGHT="26" CONTENT="of" WC="1.00" CC="00"/>
						<SP ID="P323_SP00249" HPOS="841" VPOS="1684" WIDTH="18"/>
						<String ID="P323_ST00283" HPOS="859" VPOS="1644" WIDTH="128" HEIGHT="32" CONTENT="Charles," WC="0.83" CC="06020004"/>
						<SP ID="P323_SP00250" HPOS="987" VPOS="1684" WIDTH="21"/>
						<String ID="P323_ST00284" HPOS="1008" VPOS="1653" WIDTH="88" HEIGHT="27" CONTENT="every" WC="1.00" CC="00000"/>
						<SP ID="P323_SP00251" HPOS="1096" VPOS="1684" WIDTH="13"/>
						<String ID="P323_ST00285" HPOS="1109" VPOS="1646" WIDTH="238" HEIGHT="35" CONTENT="match-making" WC="0.92" CC="000030000320"/>
					</TextLine>
					<TextLine ID="P323_TL00030" HPOS="203" VPOS="1693" WIDTH="1145" HEIGHT="38">
						<String ID="P323_ST00286" HPOS="203" VPOS="1699" WIDTH="49" HEIGHT="26" CONTENT="old" WC="0.95" CC="100"/>
						<SP ID="P323_SP00252" HPOS="252" VPOS="1725" WIDTH="16"/>
						<String ID="P323_ST00287" HPOS="268" VPOS="1698" WIDTH="116" HEIGHT="26" CONTENT="mother" WC="0.89" CC="000600"/>
						<SP ID="P323_SP00253" HPOS="384" VPOS="1725" WIDTH="13"/>
						<String ID="P323_ST00288" HPOS="397" VPOS="1696" WIDTH="33" HEIGHT="27" CONTENT="of" WC="1.00" CC="00"/>
						<SP ID="P323_SP00254" HPOS="430" VPOS="1725" WIDTH="13"/>
						<String ID="P323_ST00289" HPOS="443" VPOS="1696" WIDTH="118" HEIGHT="35" CONTENT="royalty" WC="0.96" CC="2000000"/>
						<SP ID="P323_SP00255" HPOS="561" VPOS="1731" WIDTH="12"/>
						<String ID="P323_ST00290" HPOS="573" VPOS="1695" WIDTH="112" HEIGHT="26" CONTENT="abroad" WC="0.96" CC="002000"/>
						<SP ID="P323_SP00256" HPOS="685" VPOS="1731" WIDTH="19"/>
						<String ID="P323_ST00291" HPOS="704" VPOS="1694" WIDTH="204" HEIGHT="26" CONTENT="endeavoured" WC="1.00" CC="00000000000"/>
						<SP ID="P323_SP00257" HPOS="908" VPOS="1731" WIDTH="17"/>
						<String ID="P323_ST00292" HPOS="925" VPOS="1697" WIDTH="30" HEIGHT="22" CONTENT="to" WC="1.00" CC="00"/>
						<SP ID="P323_SP00258" HPOS="955" VPOS="1731" WIDTH="19"/>
						<String ID="P323_ST00293" HPOS="974" VPOS="1697" WIDTH="50" HEIGHT="31" CONTENT="get" WC="0.58" CC="902"/>
						<SP ID="P323_SP00259" HPOS="1024" VPOS="1731" WIDTH="18"/>
						<String ID="P323_ST00294" HPOS="1042" VPOS="1693" WIDTH="43" HEIGHT="26" CONTENT="off" WC="1.00" CC="000"/>
						<SP ID="P323_SP00260" HPOS="1085" VPOS="1731" WIDTH="16"/>
						<String ID="P323_ST00295" HPOS="1101" VPOS="1702" WIDTH="80" HEIGHT="17" CONTENT="some" WC="1.00" CC="0000"/>
						<SP ID="P323_SP00261" HPOS="1181" VPOS="1731" WIDTH="20"/>
						<String ID="P323_ST00296" HPOS="1201" VPOS="1695" WIDTH="147" HEIGHT="35" CONTENT="daughter" WC="0.98" CC="00000001"/>
					</TextLine>
					<TextLine ID="P323_TL00031" HPOS="202" VPOS="1742" WIDTH="1148" HEIGHT="42">
						<String ID="P323_ST00297" HPOS="202" VPOS="1749" WIDTH="42" HEIGHT="35" CONTENT="by" WC="1.00" CC="00"/>
						<SP ID="P323_SP00262" HPOS="244" VPOS="1784" WIDTH="13"/>
						<String ID="P323_ST00298" HPOS="257" VPOS="1747" WIDTH="127" HEIGHT="35" CONTENT="offering" WC="1.00" CC="00000000"/>
						<SP ID="P323_SP00263" HPOS="384" VPOS="1784" WIDTH="14"/>
						<String ID="P323_ST00299" HPOS="398" VPOS="1747" WIDTH="52" HEIGHT="26" CONTENT="her" WC="0.93" CC="200"/>
						<SP ID="P323_SP00264" HPOS="450" VPOS="1784" WIDTH="15"/>
						<String ID="P323_ST00300" HPOS="465" VPOS="1755" WIDTH="32" HEIGHT="17" CONTENT="as" WC="1.00" CC="00"/>
						<SP ID="P323_SP00265" HPOS="497" VPOS="1784" WIDTH="15"/>
						<String ID="P323_ST00301" HPOS="512" VPOS="1755" WIDTH="17" HEIGHT="17" CONTENT="a" WC="1.00" CC="0"/>
						<SP ID="P323_SP00266" HPOS="529" VPOS="1784" WIDTH="13"/>
						<String ID="P323_ST00302" HPOS="542" VPOS="1745" WIDTH="66" HEIGHT="26" CONTENT="wife" WC="0.95" CC="0020"/>
						<SP ID="P323_SP00267" HPOS="608" VPOS="1784" WIDTH="14"/>
						<String ID="P323_ST00303" HPOS="622" VPOS="1749" WIDTH="31" HEIGHT="22" CONTENT="to" WC="1.00" CC="00"/>
						<SP ID="P323_SP00268" HPOS="653" VPOS="1784" WIDTH="13"/>
						<String ID="P323_ST00304" HPOS="666" VPOS="1745" WIDTH="50" HEIGHT="25" CONTENT="the" WC="0.85" CC="040"/>
						<SP ID="P323_SP00269" HPOS="716" VPOS="1784" WIDTH="14"/>
						<String ID="P323_ST00305" HPOS="730" VPOS="1743" WIDTH="144" HEIGHT="25" CONTENT="heartless" WC="0.90" CC="500003000"/>
						<SP ID="P323_SP00270" HPOS="874" VPOS="1784" WIDTH="14"/>
						<String ID="P323_ST00306" HPOS="888" VPOS="1742" WIDTH="145" HEIGHT="26" CONTENT="libertine." WC="0.89" CC="0500004100"/>
						<SP ID="P323_SP00271" HPOS="1033" VPOS="1784" WIDTH="41"/>
						<String ID="P323_ST00307" HPOS="1074" VPOS="1746" WIDTH="17" HEIGHT="11" CONTENT='"' WC="0.55" CC="4"/>
						<SP ID="P323_SP00272" HPOS="1091" VPOS="1784" WIDTH="11"/>
						<String ID="P323_ST00308" HPOS="1102" VPOS="1743" WIDTH="48" HEIGHT="26" CONTENT="He" WC="0.80" CC="30"/>
						<SP ID="P323_SP00273" HPOS="1150" VPOS="1784" WIDTH="14"/>
						<String ID="P323_ST00309" HPOS="1164" VPOS="1748" WIDTH="52" HEIGHT="29" CONTENT="put" WC="0.92" CC="020"/>
						<SP ID="P323_SP00274" HPOS="1216" VPOS="1784" WIDTH="14"/>
						<String ID="P323_ST00310" HPOS="1230" VPOS="1744" WIDTH="120" HEIGHT="27" CONTENT="himself" WC="0.93" CC="0300100"/>
					</TextLine>
					<TextLine ID="P323_TL00032" HPOS="202" VPOS="1791" WIDTH="1144" HEIGHT="41">
						<String ID="P323_ST00311" HPOS="202" VPOS="1807" WIDTH="40" HEIGHT="25" CONTENT="up" WC="1.00" CC="00"/>
						<SP ID="P323_SP00275" HPOS="242" VPOS="1832" WIDTH="15"/>
						<String ID="P323_ST00312" HPOS="257" VPOS="1801" WIDTH="30" HEIGHT="22" CONTENT="to" WC="1.00" CC="00"/>
						<SP ID="P323_SP00276" HPOS="287" VPOS="1832" WIDTH="15"/>
						<String ID="P323_ST00313" HPOS="302" VPOS="1796" WIDTH="148" HEIGHT="32" CONTENT='auction,"' WC="0.90" CC="000000025"/>
						<SP ID="P323_SP00277" HPOS="450" VPOS="1832" WIDTH="16"/>
						<String ID="P323_ST00314" HPOS="466" VPOS="1803" WIDTH="68" HEIGHT="27" CONTENT="says" WC="0.91" CC="0300"/>
						<SP ID="P323_SP00278" HPOS="534" VPOS="1832" WIDTH="16"/>
						<String ID="P323_ST00315" HPOS="550" VPOS="1803" WIDTH="16" HEIGHT="17" CONTENT="a" WC="1.00" CC="0"/>
						<SP ID="P323_SP00279" HPOS="566" VPOS="1832" WIDTH="14"/>
						<String ID="P323_ST00316" HPOS="580" VPOS="1794" WIDTH="120" HEIGHT="26" CONTENT="brother" WC="0.88" CC="0101400"/>
						<SP ID="P323_SP00280" HPOS="700" VPOS="1832" WIDTH="19"/>
						<String ID="P323_ST00317" HPOS="719" VPOS="1791" WIDTH="171" HEIGHT="32" CONTENT="historian,*" WC="0.88" CC="52000310010"/>
						<SP ID="P323_SP00281" HPOS="890" VPOS="1832" WIDTH="14"/>
						<String ID="P323_ST00318" HPOS="904" VPOS="1791" WIDTH="60" HEIGHT="27" CONTENT="and" WC="1.00" CC="000"/>
						<SP ID="P323_SP00282" HPOS="964" VPOS="1832" WIDTH="13"/>
						<String ID="P323_ST00319" HPOS="977" VPOS="1800" WIDTH="43" HEIGHT="18" CONTENT="we" WC="1.00" CC="00"/>
						<SP ID="P323_SP00283" HPOS="1020" VPOS="1832" WIDTH="15"/>
						<String ID="P323_ST00320" HPOS="1035" VPOS="1801" WIDTH="68" HEIGHT="26" CONTENT="may" WC="1.00" CC="000"/>
						<SP ID="P323_SP00284" HPOS="1103" VPOS="1832" WIDTH="14"/>
						<String ID="P323_ST00321" HPOS="1117" VPOS="1792" WIDTH="57" HEIGHT="26" CONTENT="add" WC="1.00" CC="000"/>
						<SP ID="P323_SP00285" HPOS="1174" VPOS="1832" WIDTH="21"/>
						<String ID="P323_ST00322" HPOS="1195" VPOS="1793" WIDTH="63" HEIGHT="26" CONTENT="that" WC="0.85" CC="0600"/>
						<SP ID="P323_SP00286" HPOS="1258" VPOS="1832" WIDTH="21"/>
						<String ID="P323_ST00323" HPOS="1279" VPOS="1793" WIDTH="22" HEIGHT="26" CONTENT="it" WC="0.71" CC="50"/>
						<SP ID="P323_SP00287" HPOS="1301" VPOS="1832" WIDTH="21"/>
						<String ID="P323_ST00324" HPOS="1322" VPOS="1794" WIDTH="24" HEIGHT="26" CONTENT="is" WC="0.81" CC="30"/>
					</TextLine>
					<TextLine ID="P323_TL00033" HPOS="202" VPOS="1840" WIDTH="1143" HEIGHT="40">
						<String ID="P323_ST00325" HPOS="202" VPOS="1847" WIDTH="88" HEIGHT="26" CONTENT="much" WC="1.00" CC="0000"/>
						<SP ID="P323_SP00288" HPOS="290" VPOS="1873" WIDTH="24"/>
						<String ID="P323_ST00326" HPOS="314" VPOS="1851" WIDTH="30" HEIGHT="22" CONTENT="to" WC="1.00" CC="00"/>
						<SP ID="P323_SP00289" HPOS="344" VPOS="1873" WIDTH="23"/>
						<String ID="P323_ST00327" HPOS="367" VPOS="1846" WIDTH="37" HEIGHT="26" CONTENT="be" WC="1.00" CC="00"/>
						<SP ID="P323_SP00290" HPOS="404" VPOS="1873" WIDTH="19"/>
						<String ID="P323_ST00328" HPOS="423" VPOS="1844" WIDTH="149" HEIGHT="36" CONTENT="regretted" WC="0.96" CC="200000000"/>
						<SP ID="P323_SP00291" HPOS="572" VPOS="1880" WIDTH="24"/>
						<String ID="P323_ST00329" HPOS="596" VPOS="1844" WIDTH="37" HEIGHT="25" CONTENT="he" WC="0.71" CC="50"/>
						<SP ID="P323_SP00292" HPOS="633" VPOS="1880" WIDTH="19"/>
						<String ID="P323_ST00330" HPOS="652" VPOS="1851" WIDTH="62" HEIGHT="17" CONTENT="was" WC="1.00" CC="000"/>
						<SP ID="P323_SP00293" HPOS="714" VPOS="1880" WIDTH="22"/>
						<String ID="P323_ST00331" HPOS="736" VPOS="1845" WIDTH="51" HEIGHT="22" CONTENT="not" WC="0.94" CC="100"/>
						<SP ID="P323_SP00294" HPOS="787" VPOS="1880" WIDTH="20"/>
						<String ID="P323_ST00332" HPOS="807" VPOS="1840" WIDTH="135" HEIGHT="27" CONTENT="knocked" WC="1.00" CC="0000000"/>
						<SP ID="P323_SP00295" HPOS="942" VPOS="1880" WIDTH="21"/>
						<String ID="P323_ST00333" HPOS="963" VPOS="1840" WIDTH="86" HEIGHT="27" CONTENT="down" WC="1.00" CC="0000"/>
						<SP ID="P323_SP00296" HPOS="1049" VPOS="1880" WIDTH="20"/>
						<String ID="P323_ST00334" HPOS="1069" VPOS="1841" WIDTH="159" HEIGHT="36" CONTENT="according" WC="0.83" CC="700000340"/>
						<SP ID="P323_SP00297" HPOS="1228" VPOS="1880" WIDTH="21"/>
						<String ID="P323_ST00335" HPOS="1249" VPOS="1847" WIDTH="30" HEIGHT="21" CONTENT="to" WC="1.00" CC="00"/>
						<SP ID="P323_SP00298" HPOS="1279" VPOS="1880" WIDTH="21"/>
						<String ID="P323_ST00336" HPOS="1300" VPOS="1843" WIDTH="45" HEIGHT="26" CONTENT="his" WC="0.77" CC="060"/>
					</TextLine>
					<TextLine ID="P323_TL00034" HPOS="202" VPOS="1890" WIDTH="1143" HEIGHT="38">
						<String ID="P323_ST00337" HPOS="202" VPOS="1896" WIDTH="110" HEIGHT="27" CONTENT="merits." WC="0.99" CC="0000000"/>
						<SP ID="P323_SP00299" HPOS="312" VPOS="1923" WIDTH="48"/>
						<String ID="P323_ST00338" HPOS="360" VPOS="1894" WIDTH="143" HEIGHT="34" CONTENT="Portugal" WC="0.92" CC="60000000"/>
						<SP ID="P323_SP00300" HPOS="503" VPOS="1928" WIDTH="21"/>
						<String ID="P323_ST00339" HPOS="524" VPOS="1892" WIDTH="114" HEIGHT="35" CONTENT="having" WC="0.91" CC="200030"/>
						<SP ID="P323_SP00301" HPOS="638" VPOS="1928" WIDTH="19"/>
						<String ID="P323_ST00340" HPOS="657" VPOS="1891" WIDTH="51" HEIGHT="26" CONTENT="bid" WC="0.89" CC="030"/>
						<SP ID="P323_SP00302" HPOS="708" VPOS="1928" WIDTH="21"/>
						<String ID="P323_ST00341" HPOS="729" VPOS="1891" WIDTH="50" HEIGHT="26" CONTENT="the" WC="0.78" CC="060"/>
						<SP ID="P323_SP00303" HPOS="779" VPOS="1928" WIDTH="22"/>
						<String ID="P323_ST00342" HPOS="801" VPOS="1890" WIDTH="135" HEIGHT="26" CONTENT="Princess" WC="0.91" CC="31010000"/>
						<SP ID="P323_SP00304" HPOS="936" VPOS="1928" WIDTH="28"/>
						<String ID="P323_ST00343" HPOS="964" VPOS="1890" WIDTH="165" HEIGHT="33" CONTENT="Catherine," WC="0.92" CC="0005000001"/>
						<SP ID="P323_SP00305" HPOS="1129" VPOS="1928" WIDTH="21"/>
						<String ID="P323_ST00344" HPOS="1150" VPOS="1891" WIDTH="70" HEIGHT="26" CONTENT="with" WC="0.77" CC="0404"/>
						<SP ID="P323_SP00306" HPOS="1220" VPOS="1928" WIDTH="24"/>
						<String ID="P323_ST00345" HPOS="1244" VPOS="1892" WIDTH="65" HEIGHT="25" CONTENT="half" WC="0.75" CC="7020"/>
						<SP ID="P323_SP00307" HPOS="1309" VPOS="1928" WIDTH="19"/>
						<String ID="P323_ST00346" HPOS="1328" VPOS="1901" WIDTH="17" HEIGHT="17" CONTENT="a" WC="1.00" CC="0"/>
					</TextLine>
					<TextLine ID="P323_TL00035" HPOS="202" VPOS="1940" WIDTH="1142" HEIGHT="38">
						<String ID="P323_ST00347" HPOS="202" VPOS="1946" WIDTH="114" HEIGHT="27" CONTENT="million" WC="0.79" CC="0460300"/>
						<SP ID="P323_SP00308" HPOS="316" VPOS="1973" WIDTH="20"/>
						<String ID="P323_ST00348" HPOS="336" VPOS="1944" WIDTH="135" HEIGHT="34" CONTENT="sterling," WC="0.82" CC="000042503"/>
						<SP ID="P323_SP00309" HPOS="471" VPOS="1978" WIDTH="21"/>
						<String ID="P323_ST00349" HPOS="492" VPOS="1942" WIDTH="58" HEIGHT="26" CONTENT="and" WC="1.00" CC="000"/>
						<SP ID="P323_SP00310" HPOS="550" VPOS="1978" WIDTH="22"/>
						<String ID="P323_ST00350" HPOS="572" VPOS="1942" WIDTH="83" HEIGHT="25" CONTENT="other" WC="0.87" CC="00500"/>
						<SP ID="P323_SP00311" HPOS="655" VPOS="1978" WIDTH="20"/>
						<String ID="P323_ST00351" HPOS="675" VPOS="1940" WIDTH="173" HEIGHT="34" CONTENT="contingent" WC="0.92" CC="0000430000"/>
						<SP ID="P323_SP00312" HPOS="848" VPOS="1978" WIDTH="21"/>
						<String ID="P323_ST00352" HPOS="869" VPOS="1940" WIDTH="192" HEIGHT="34" CONTENT="advantages," WC="0.98" CC="00000000001"/>
						<SP ID="P323_SP00313" HPOS="1061" VPOS="1978" WIDTH="15"/>
						<String ID="P323_ST00353" HPOS="1076" VPOS="1940" WIDTH="50" HEIGHT="27" CONTENT="the" WC="0.78" CC="060"/>
						<SP ID="P323_SP00314" HPOS="1126" VPOS="1978" WIDTH="18"/>
						<String ID="P323_ST00354" HPOS="1144" VPOS="1941" WIDTH="126" HEIGHT="35" CONTENT="bargain" WC="0.76" CC="0009060"/>
						<SP ID="P323_SP00315" HPOS="1270" VPOS="1978" WIDTH="14"/>
						<String ID="P323_ST00355" HPOS="1284" VPOS="1950" WIDTH="60" HEIGHT="18" CONTENT="was" WC="0.99" CC="000"/>
					</TextLine>
					<TextLine ID="P323_TL00036" HPOS="201" VPOS="1989" WIDTH="899" HEIGHT="37">
						<String ID="P323_ST00356" HPOS="201" VPOS="1995" WIDTH="109" HEIGHT="31" CONTENT="struck," WC="0.89" CC="0016000"/>
						<SP ID="P323_SP00316" HPOS="310" VPOS="2026" WIDTH="16"/>
						<String ID="P323_ST00357" HPOS="326" VPOS="1994" WIDTH="59" HEIGHT="26" CONTENT="and" WC="0.94" CC="010"/>
						<SP ID="P323_SP00317" HPOS="385" VPOS="2026" WIDTH="15"/>
						<String ID="P323_ST00358" HPOS="400" VPOS="2001" WIDTH="17" HEIGHT="17" CONTENT="a" WC="1.00" CC="0"/>
						<SP ID="P323_SP00318" HPOS="417" VPOS="2026" WIDTH="15"/>
						<String ID="P323_ST00359" HPOS="432" VPOS="1992" WIDTH="66" HEIGHT="34" CONTENT="ship" WC="0.91" CC="0030"/>
						<SP ID="P323_SP00319" HPOS="498" VPOS="2026" WIDTH="15"/>
						<String ID="P323_ST00360" HPOS="513" VPOS="1995" WIDTH="65" HEIGHT="22" CONTENT="sent" WC="0.97" CC="0010"/>
						<SP ID="P323_SP00320" HPOS="578" VPOS="2026" WIDTH="15"/>
						<String ID="P323_ST00361" HPOS="593" VPOS="1999" WIDTH="69" HEIGHT="18" CONTENT="over" WC="0.94" CC="0002"/>
						<SP ID="P323_SP00321" HPOS="662" VPOS="2026" WIDTH="13"/>
						<String ID="P323_ST00362" HPOS="675" VPOS="1989" WIDTH="44" HEIGHT="28" CONTENT="for" WC="0.85" CC="004"/>
						<SP ID="P323_SP00322" HPOS="719" VPOS="2026" WIDTH="13"/>
						<String ID="P323_ST00363" HPOS="732" VPOS="1989" WIDTH="111" HEIGHT="27" CONTENT="herself" WC="0.96" CC="1010000"/>
						<SP ID="P323_SP00323" HPOS="843" VPOS="2026" WIDTH="10"/>
						<String ID="P323_ST00364" HPOS="853" VPOS="1989" WIDTH="59" HEIGHT="27" CONTENT="and" WC="1.00" CC="000"/>
						<SP ID="P323_SP00324" HPOS="912" VPOS="2026" WIDTH="13"/>
						<String ID="P323_ST00365" HPOS="925" VPOS="1989" WIDTH="53" HEIGHT="26" CONTENT="her" WC="0.65" CC="603"/>
						<SP ID="P323_SP00325" HPOS="978" VPOS="2026" WIDTH="13"/>
						<String ID="P323_ST00366" HPOS="991" VPOS="1989" WIDTH="109" HEIGHT="35" CONTENT="dowry." WC="0.88" CC="005001"/>
					</TextLine>
				</TextBlock>
				<TextBlock ID="P323_TB00007" HPOS="254" VPOS="2058" WIDTH="1090" HEIGHT="39" STYLEREFS="TXT_2 PAR_CENTER">
					<TextLine ID="P323_TL00037" HPOS="255" VPOS="2058" WIDTH="1089" HEIGHT="39">
						<String ID="P323_ST00367" HPOS="255" VPOS="2064" WIDTH="63" HEIGHT="26" CONTENT="The" WC="0.77" CC="060"/>
						<SP ID="P323_SP00326" HPOS="318" VPOS="2090" WIDTH="16"/>
						<String ID="P323_ST00368" HPOS="334" VPOS="2062" WIDTH="82" HEIGHT="35" CONTENT="royal" WC="0.87" CC="00006"/>
						<SP ID="P323_SP00327" HPOS="416" VPOS="2097" WIDTH="15"/>
						<String ID="P323_ST00369" HPOS="431" VPOS="2061" WIDTH="148" HEIGHT="34" CONTENT="marriage" WC="0.87" CC="20204000"/>
						<SP ID="P323_SP00328" HPOS="579" VPOS="2097" WIDTH="14"/>
						<String ID="P323_ST00370" HPOS="593" VPOS="2060" WIDTH="59" HEIGHT="26" CONTENT="had" WC="0.80" CC="500"/>
						<SP ID="P323_SP00329" HPOS="652" VPOS="2097" WIDTH="18"/>
						<String ID="P323_ST00371" HPOS="670" VPOS="2059" WIDTH="130" HEIGHT="35" CONTENT="recently" WC="1.00" CC="00000000"/>
						<SP ID="P323_SP00330" HPOS="800" VPOS="2097" WIDTH="14"/>
						<String ID="P323_ST00372" HPOS="814" VPOS="2058" WIDTH="89" HEIGHT="26" CONTENT="taken" WC="0.93" CC="00300"/>
						<SP ID="P323_SP00331" HPOS="903" VPOS="2097" WIDTH="15"/>
						<String ID="P323_ST00373" HPOS="918" VPOS="2059" WIDTH="92" HEIGHT="33" CONTENT="place," WC="0.90" CC="050000"/>
						<SP ID="P323_SP00332" HPOS="1010" VPOS="2097" WIDTH="15"/>
						<String ID="P323_ST00374" HPOS="1025" VPOS="2059" WIDTH="85" HEIGHT="26" CONTENT="when" WC="0.81" CC="0700"/>
						<SP ID="P323_SP00333" HPOS="1110" VPOS="2097" WIDTH="14"/>
						<String ID="P323_ST00375" HPOS="1124" VPOS="2060" WIDTH="65" HEIGHT="26" CONTENT="that" WC="0.85" CC="0600"/>
						<SP ID="P323_SP00334" HPOS="1189" VPOS="2097" WIDTH="13"/>
						<String ID="P323_ST00376" HPOS="1202" VPOS="2061" WIDTH="142" HEIGHT="35" CONTENT="unhappy" WC="0.78" CC="0560030"/>
					</TextLine>
				</TextBlock>
				<TextBlock ID="P323_TB00008" HPOS="366" VPOS="2143" WIDTH="810" HEIGHT="28" STYLEREFS="TXT_2 PAR_CENTER">
					<TextLine ID="P323_TL00038" HPOS="367" VPOS="2144" WIDTH="809" HEIGHT="27">
						<String ID="P323_ST00377" HPOS="367" VPOS="2149" WIDTH="15" HEIGHT="13" CONTENT="*" WC="0.79" CC="2"/>
						<SP ID="P323_SP00335" HPOS="382" VPOS="2162" WIDTH="17"/>
						<String ID="P323_ST00378" HPOS="399" VPOS="2148" WIDTH="44" HEIGHT="22" CONTENT="Mr." WC="0.92" CC="002"/>
						<SP ID="P323_SP00336" HPOS="443" VPOS="2170" WIDTH="14"/>
						<String ID="P323_ST00379" HPOS="457" VPOS="2147" WIDTH="163" HEIGHT="23" CONTENT="McFarlane's" WC="0.87" CC="00390000000"/>
						<SP ID="P323_SP00337" HPOS="620" VPOS="2170" WIDTH="13"/>
						<String ID="P323_ST00380" HPOS="633" VPOS="2145" WIDTH="12" HEIGHT="11" CONTENT='"' WC="1.00" CC="0"/>
						<SP ID="P323_SP00338" HPOS="645" VPOS="2170" WIDTH="10"/>
						<String ID="P323_ST00381" HPOS="655" VPOS="2144" WIDTH="110" HEIGHT="23" CONTENT="Pictorial" WC="0.90" CC="000030005"/>
						<SP ID="P323_SP00339" HPOS="765" VPOS="2170" WIDTH="13"/>
						<String ID="P323_ST00382" HPOS="778" VPOS="2144" WIDTH="98" HEIGHT="27" CONTENT="History" WC="0.87" CC="0040030"/>
						<SP ID="P323_SP00340" HPOS="876" VPOS="2171" WIDTH="11"/>
						<String ID="P323_ST00383" HPOS="887" VPOS="2144" WIDTH="27" HEIGHT="22" CONTENT="of" WC="1.00" CC="00"/>
						<SP ID="P323_SP00341" HPOS="914" VPOS="2171" WIDTH="13"/>
						<String ID="P323_ST00384" HPOS="927" VPOS="2144" WIDTH="130" HEIGHT="27" CONTENT='England,"' WC="0.75" CC="009714000"/>
						<SP ID="P323_SP00342" HPOS="1057" VPOS="2171" WIDTH="12"/>
						<String ID="P323_ST00385" HPOS="1069" VPOS="2144" WIDTH="50" HEIGHT="21" CONTENT="Vol." WC="0.58" CC="7701"/>
						<SP ID="P323_SP00343" HPOS="1119" VPOS="2171" WIDTH="15"/>
						<String ID="P323_ST00386" HPOS="1134" VPOS="2144" WIDTH="42" HEIGHT="22" CONTENT="III." WC="1.00" CC="0000"/>
					</TextLine>
				</TextBlock>
				<TextBlock ID="P323_TB00009" HPOS="1196" VPOS="2191" WIDTH="39" HEIGHT="14" STYLEREFS="TXT_2 PAR_RIGHT">
					<TextLine ID="P323_TL00039" HPOS="1196" VPOS="2192" WIDTH="39" HEIGHT="13">
						<String ID="P323_ST00387" HPOS="1196" VPOS="2192" WIDTH="12" HEIGHT="13" CONTENT="p" WC="0.47" CC="5"/>
						<SP ID="P323_SP00344" HPOS="1208" VPOS="2205" WIDTH="16"/>
						<String ID="P323_ST00388" HPOS="1224" VPOS="2192" WIDTH="11" HEIGHT="13" CONTENT="p" WC="0.50" CC="4"/>
					</TextLine>
				</TextBlock>
				<TextBlock ID="P323_TB00010" HPOS="254" VPOS="2197" WIDTH="96" HEIGHT="15" STYLEREFS="TXT_2 PAR_LEFT">
					<TextLine ID="P323_TL00040" HPOS="254" VPOS="2197" WIDTH="96" HEIGHT="15">
						<String ID="P323_ST00389" HPOS="254" VPOS="2198" WIDTH="52" HEIGHT="14" CONTENT="VOL." WC="0.85" CC="0050"/>
						<SP ID="P323_SP00345" HPOS="306" VPOS="2212" WIDTH="20"/>
						<String ID="P323_ST00390" HPOS="326" VPOS="2197" WIDTH="24" HEIGHT="15" CONTENT="II." WC="0.80" CC="050"/>
					</TextLine>
				</TextBlock>
			</PrintSpace>
		</Page>
	</Layout>
</alto>
