<?xml version="1.0" encoding="UTF-8"?>
<alto xmlns:xsi="http://www.w3.org/2001/XMLSchema-instance" xsi:noNamespaceSchemaLocation="http://www.bl.uk/schemas/alto/alto-1-4.xsd" xmlns:xlink="http://www.w3.org/1999/xlink">
	<Description>
		<MeasurementUnit>mm10</MeasurementUnit>
		<sourceImageInformation>
			<fileName>//head1/IN/2008-50/A0012346969.2/003994.jp2</fileName>
		</sourceImageInformation>
		<OCRProcessing ID="OCRPROCESSING_1">
			<preProcessingStep>
				<processingSoftware>
					<softwareCreator>CCS Content Conversion Specialists GmbH, Germany</softwareCreator>
					<softwareName>CCS docWORKS</softwareName>
					<softwareVersion>6.1-0.67</softwareVersion>
				</processingSoftware>
			</preProcessingStep>
			<ocrProcessingStep>
				<processingSoftware>
					<softwareCreator>ABBYY (BIT Software), Russia</softwareCreator>
					<softwareName>Finereader</softwareName>
				</processingSoftware>
			</ocrProcessingStep>
		</OCRProcessing>
	</Description>
	<Styles>
		<TextStyle ID="TXT_0" FONTSIZE="11" FONTFAMILY="Courier New"/>
		<TextStyle ID="TXT_1" FONTSIZE="11" FONTFAMILY="Fraktur"/>
		<TextStyle ID="TXT_2" FONTSIZE="9" FONTFAMILY="Courier New"/>
		<ParagraphStyle ID="PAR_RIGHT" ALIGN="Right"/>
		<ParagraphStyle ID="PAR_LEFT" ALIGN="Left"/>
	</Styles>
	<Layout>
		<Page ID="P334" PHYSICAL_IMG_NR="334" HEIGHT="2488" WIDTH="1692" PRINTED_IMG_NR="300" POSITION="Left" ACCURACY="86.44">
			<TopMargin ID="P334_TM00001" HPOS="0" VPOS="0" WIDTH="1691" HEIGHT="324">
				<TextBlock ID="P334_TB00001" HPOS="578" VPOS="263" WIDTH="706" HEIGHT="61" STYLEREFS="TXT_0 PAR_RIGHT">
					<TextLine ID="P334_TL00001" HPOS="578" VPOS="264" WIDTH="706" HEIGHT="60">
						<String ID="P334_ST00001" HPOS="578" VPOS="270" WIDTH="149" HEIGHT="46" CONTENT="Comic" WC="1.00" CC="00000"/>
						<SP ID="P334_SP00001" HPOS="727" VPOS="316" WIDTH="29"/>
						<String ID="P334_ST00002" HPOS="756" VPOS="268" WIDTH="191" HEIGHT="56" CONTENT="History" WC="0.90" CC="0006000"/>
						<SP ID="P334_SP00002" HPOS="947" VPOS="324" WIDTH="32"/>
						<String ID="P334_ST00003" HPOS="979" VPOS="268" WIDTH="55" HEIGHT="56" CONTENT="of" WC="0.72" CC="50"/>
						<SP ID="P334_SP00003" HPOS="1034" VPOS="324" WIDTH="18"/>
						<String ID="P334_ST00004" HPOS="1052" VPOS="264" WIDTH="232" HEIGHT="60" CONTENT="England," WC="0.69" CC="57030700"/>
					</TextLine>
				</TextBlock>
				<TextBlock ID="P334_TB00002" HPOS="353" VPOS="287" WIDTH="61" HEIGHT="27" STYLEREFS="TXT_1 PAR_LEFT">
					<TextLine ID="P334_TL00002" HPOS="353" VPOS="287" WIDTH="61" HEIGHT="27">
						<String ID="P334_ST00005" HPOS="353" VPOS="287" WIDTH="61" HEIGHT="27" CONTENT="300" WC="1.00" CC="000"/>
					</TextLine>
				</TextBlock>
				<TextBlock ID="P334_TB00003" HPOS="1378" VPOS="289" WIDTH="107" HEIGHT="20" STYLEREFS="TXT_2 PAR_RIGHT">
					<TextLine ID="P334_TL00003" HPOS="1378" VPOS="290" WIDTH="107" HEIGHT="19">
						<String ID="P334_ST00006" HPOS="1378" VPOS="290" WIDTH="68" HEIGHT="19" CONTENT="[Book" WC="0.54" CC="40673"/>
						<SP ID="P334_SP00004" HPOS="1446" VPOS="309" WIDTH="11"/>
						<String ID="P334_ST00007" HPOS="1457" VPOS="290" WIDTH="28" HEIGHT="18" CONTENT="VI" WC="0.38" CC="92"/>
					</TextLine>
				</TextBlock>
			</TopMargin>
			<LeftMargin ID="P334_LM00001" HPOS="0" VPOS="316" WIDTH="343" HEIGHT="1886"/>
			<RightMargin ID="P334_RM00001" HPOS="1511" VPOS="316" WIDTH="180" HEIGHT="1886"/>
			<BottomMargin ID="P334_BM00001" HPOS="0" VPOS="2202" WIDTH="1691" HEIGHT="286"/>
			<PrintSpace ID="P334_PS00001" HPOS="343" VPOS="316" WIDTH="1168" HEIGHT="1886">
				<TextBlock ID="P334_TB00004" HPOS="355" VPOS="381" WIDTH="1156" HEIGHT="287" STYLEREFS="TXT_2 PAR_LEFT">
					<TextLine ID="P334_TL00004" HPOS="356" VPOS="381" WIDTH="1153" HEIGHT="41">
						<String ID="P334_ST00008" HPOS="356" VPOS="391" WIDTH="165" HEIGHT="31" CONTENT="monetary," WC="0.95" CC="000000004"/>
						<SP ID="P334_SP00005" HPOS="521" VPOS="422" WIDTH="14"/>
						<String ID="P334_ST00009" HPOS="535" VPOS="386" WIDTH="141" HEIGHT="35" CONTENT="political," WC="0.81" CC="0031000624"/>
						<SP ID="P334_SP00006" HPOS="676" VPOS="422" WIDTH="16"/>
						<String ID="P334_ST00010" HPOS="692" VPOS="393" WIDTH="33" HEIGHT="19" CONTENT="or" WC="0.81" CC="03"/>
						<SP ID="P334_SP00007" HPOS="725" VPOS="422" WIDTH="17"/>
						<String ID="P334_ST00011" HPOS="742" VPOS="383" WIDTH="173" HEIGHT="31" CONTENT="otherwise;" WC="0.88" CC="0030104002"/>
						<SP ID="P334_SP00008" HPOS="915" VPOS="422" WIDTH="22"/>
						<String ID="P334_ST00012" HPOS="937" VPOS="382" WIDTH="59" HEIGHT="26" CONTENT="and" WC="1.00" CC="000"/>
						<SP ID="P334_SP00009" HPOS="996" VPOS="422" WIDTH="19"/>
						<String ID="P334_ST00013" HPOS="1015" VPOS="382" WIDTH="91" HEIGHT="26" CONTENT="about" WC="0.76" CC="06050"/>
						<SP ID="P334_SP00010" HPOS="1106" VPOS="422" WIDTH="19"/>
						<String ID="P334_ST00014" HPOS="1125" VPOS="381" WIDTH="52" HEIGHT="27" CONTENT="the" WC="0.80" CC="050"/>
						<SP ID="P334_SP00011" HPOS="1177" VPOS="422" WIDTH="18"/>
						<String ID="P334_ST00015" HPOS="1195" VPOS="389" WIDTH="73" HEIGHT="27" CONTENT="year" WC="0.96" CC="0001"/>
						<SP ID="P334_SP00012" HPOS="1268" VPOS="422" WIDTH="22"/>
						<String ID="P334_ST00016" HPOS="1290" VPOS="382" WIDTH="79" HEIGHT="33" CONTENT="1670," WC="0.76" CC="08003"/>
						<SP ID="P334_SP00013" HPOS="1369" VPOS="422" WIDTH="19"/>
						<String ID="P334_ST00017" HPOS="1388" VPOS="389" WIDTH="121" HEIGHT="18" CONTENT="rumour" WC="0.73" CC="450060"/>
					</TextLine>
					<TextLine ID="P334_TL00005" HPOS="356" VPOS="430" WIDTH="1155" HEIGHT="42">
						<String ID="P334_ST00018" HPOS="356" VPOS="445" WIDTH="61" HEIGHT="18" CONTENT="was" WC="1.00" CC="000"/>
						<SP ID="P334_SP00014" HPOS="417" VPOS="463" WIDTH="13"/>
						<String ID="P334_ST00019" HPOS="430" VPOS="446" WIDTH="71" HEIGHT="26" CONTENT="very" WC="0.84" CC="0060"/>
						<SP ID="P334_SP00015" HPOS="501" VPOS="472" WIDTH="13"/>
						<String ID="P334_ST00020" HPOS="514" VPOS="437" WIDTH="76" HEIGHT="35" CONTENT="busy" WC="1.00" CC="0000"/>
						<SP ID="P334_SP00016" HPOS="590" VPOS="472" WIDTH="14"/>
						<String ID="P334_ST00021" HPOS="604" VPOS="436" WIDTH="30" HEIGHT="27" CONTENT="in" WC="1.00" CC="00"/>
						<SP ID="P334_SP00017" HPOS="634" VPOS="472" WIDTH="15"/>
						<String ID="P334_ST00022" HPOS="649" VPOS="434" WIDTH="238" HEIGHT="34" CONTENT="manufacturing" WC="0.87" CC="0532010010200"/>
						<SP ID="P334_SP00018" HPOS="887" VPOS="472" WIDTH="18"/>
						<String ID="P334_ST00023" HPOS="905" VPOS="433" WIDTH="40" HEIGHT="26" CONTENT="all" WC="0.95" CC="010"/>
						<SP ID="P334_SP00019" HPOS="945" VPOS="472" WIDTH="14"/>
						<String ID="P334_ST00024" HPOS="959" VPOS="436" WIDTH="76" HEIGHT="23" CONTENT="sorts" WC="0.92" CC="00400"/>
						<SP ID="P334_SP00020" HPOS="1035" VPOS="472" WIDTH="19"/>
						<String ID="P334_ST00025" HPOS="1054" VPOS="431" WIDTH="33" HEIGHT="27" CONTENT="of" WC="0.92" CC="01"/>
						<SP ID="P334_SP00021" HPOS="1087" VPOS="472" WIDTH="16"/>
						<String ID="P334_ST00026" HPOS="1103" VPOS="431" WIDTH="79" HEIGHT="34" CONTENT="plots" WC="0.95" CC="02000"/>
						<SP ID="P334_SP00022" HPOS="1182" VPOS="472" WIDTH="19"/>
						<String ID="P334_ST00027" HPOS="1201" VPOS="430" WIDTH="120" HEIGHT="36" CONTENT="against" WC="0.88" CC="0006002"/>
						<SP ID="P334_SP00023" HPOS="1321" VPOS="472" WIDTH="18"/>
						<String ID="P334_ST00028" HPOS="1339" VPOS="430" WIDTH="51" HEIGHT="27" CONTENT="the" WC="0.85" CC="030"/>
						<SP ID="P334_SP00024" HPOS="1390" VPOS="472" WIDTH="18"/>
						<String ID="P334_ST00029" HPOS="1408" VPOS="430" WIDTH="50" HEIGHT="27" CONTENT="life" WC="0.78" CC="2410"/>
						<SP ID="P334_SP00025" HPOS="1458" VPOS="472" WIDTH="21"/>
						<String ID="P334_ST00030" HPOS="1479" VPOS="430" WIDTH="32" HEIGHT="27" CONTENT="of" WC="1.00" CC="00"/>
					</TextLine>
					<TextLine ID="P334_TL00006" HPOS="356" VPOS="480" WIDTH="1151" HEIGHT="42">
						<String ID="P334_ST00031" HPOS="356" VPOS="486" WIDTH="50" HEIGHT="27" CONTENT="the" WC="0.75" CC="070"/>
						<SP ID="P334_SP00026" HPOS="406" VPOS="513" WIDTH="14"/>
						<String ID="P334_ST00032" HPOS="420" VPOS="486" WIDTH="164" HEIGHT="36" CONTENT="sovereign." WC="0.98" CC="0000002000"/>
						<SP ID="P334_SP00027" HPOS="584" VPOS="522" WIDTH="41"/>
						<String ID="P334_ST00033" HPOS="625" VPOS="486" WIDTH="47" HEIGHT="27" CONTENT="On" WC="0.73" CC="05"/>
						<SP ID="P334_SP00028" HPOS="672" VPOS="522" WIDTH="21"/>
						<String ID="P334_ST00034" HPOS="693" VPOS="486" WIDTH="49" HEIGHT="25" CONTENT="the" WC="0.75" CC="070"/>
						<SP ID="P334_SP00029" HPOS="742" VPOS="522" WIDTH="21"/>
						<String ID="P334_ST00035" HPOS="763" VPOS="483" WIDTH="139" HEIGHT="35" CONTENT="morning" WC="0.85" CC="0000360"/>
						<SP ID="P334_SP00030" HPOS="902" VPOS="522" WIDTH="19"/>
						<String ID="P334_ST00036" HPOS="921" VPOS="482" WIDTH="33" HEIGHT="26" CONTENT="of" WC="1.00" CC="00"/>
						<SP ID="P334_SP00031" HPOS="954" VPOS="522" WIDTH="13"/>
						<String ID="P334_ST00037" HPOS="967" VPOS="482" WIDTH="51" HEIGHT="26" CONTENT="the" WC="0.65" CC="370"/>
						<SP ID="P334_SP00032" HPOS="1018" VPOS="522" WIDTH="22"/>
						<String ID="P334_ST00038" HPOS="1040" VPOS="482" WIDTH="65" HEIGHT="33" CONTENT="13th" WC="0.76" CC="0900"/>
						<SP ID="P334_SP00033" HPOS="1105" VPOS="522" WIDTH="19"/>
						<String ID="P334_ST00039" HPOS="1124" VPOS="481" WIDTH="33" HEIGHT="27" CONTENT="of" WC="1.00" CC="00"/>
						<SP ID="P334_SP00034" HPOS="1157" VPOS="522" WIDTH="14"/>
						<String ID="P334_ST00040" HPOS="1171" VPOS="480" WIDTH="131" HEIGHT="35" CONTENT="August," WC="0.84" CC="0004024"/>
						<SP ID="P334_SP00035" HPOS="1302" VPOS="522" WIDTH="13"/>
						<String ID="P334_ST00041" HPOS="1315" VPOS="480" WIDTH="99" HEIGHT="27" CONTENT="which" WC="0.63" CC="06406"/>
						<SP ID="P334_SP00036" HPOS="1414" VPOS="522" WIDTH="19"/>
						<String ID="P334_ST00042" HPOS="1433" VPOS="480" WIDTH="74" HEIGHT="34" CONTENT="hap" SUBS_TYPE="HypPart1" SUBS_CONTENT="happened" WC="0.72" CC="6004"/>
						<HYP CONTENT="-"/>
					</TextLine>
					<TextLine ID="P334_TL00007" HPOS="356" VPOS="530" WIDTH="1149" HEIGHT="39">
						<String ID="P334_ST00043" HPOS="356" VPOS="536" WIDTH="96" HEIGHT="33" CONTENT="pened" SUBS_TYPE="HypPart2" SUBS_CONTENT="happened" WC="1.00" CC="00000"/>
						<SP ID="P334_SP00037" HPOS="452" VPOS="569" WIDTH="14"/>
						<String ID="P334_ST00044" HPOS="466" VPOS="541" WIDTH="29" HEIGHT="22" CONTENT="to" WC="1.00" CC="00"/>
						<SP ID="P334_SP00038" HPOS="495" VPOS="569" WIDTH="14"/>
						<String ID="P334_ST00045" HPOS="509" VPOS="537" WIDTH="37" HEIGHT="26" CONTENT="be" WC="1.00" CC="00"/>
						<SP ID="P334_SP00039" HPOS="546" VPOS="569" WIDTH="14"/>
						<String ID="P334_ST00046" HPOS="560" VPOS="545" WIDTH="56" HEIGHT="18" CONTENT="one" WC="1.00" CC="000"/>
						<SP ID="P334_SP00040" HPOS="616" VPOS="569" WIDTH="20"/>
						<String ID="P334_ST00047" HPOS="636" VPOS="535" WIDTH="33" HEIGHT="27" CONTENT="of" WC="1.00" CC="00"/>
						<SP ID="P334_SP00041" HPOS="669" VPOS="569" WIDTH="8"/>
						<String ID="P334_ST00048" HPOS="677" VPOS="535" WIDTH="51" HEIGHT="27" CONTENT="the" WC="0.75" CC="070"/>
						<SP ID="P334_SP00042" HPOS="728" VPOS="569" WIDTH="14"/>
						<String ID="P334_ST00049" HPOS="742" VPOS="534" WIDTH="158" HEIGHT="35" CONTENT="dog-days," WC="0.97" CC="000000002"/>
						<SP ID="P334_SP00043" HPOS="900" VPOS="569" WIDTH="16"/>
						<String ID="P334_ST00050" HPOS="916" VPOS="532" WIDTH="122" HEIGHT="27" CONTENT="Charles" WC="0.87" CC="0600200"/>
						<SP ID="P334_SP00044" HPOS="1038" VPOS="569" WIDTH="14"/>
						<String ID="P334_ST00051" HPOS="1052" VPOS="541" WIDTH="61" HEIGHT="16" CONTENT="was" WC="0.74" CC="070"/>
						<SP ID="P334_SP00045" HPOS="1113" VPOS="569" WIDTH="14"/>
						<String ID="P334_ST00052" HPOS="1127" VPOS="531" WIDTH="134" HEIGHT="34" CONTENT="walking" WC="0.91" CC="0040200"/>
						<SP ID="P334_SP00046" HPOS="1261" VPOS="569" WIDTH="13"/>
						<String ID="P334_ST00053" HPOS="1274" VPOS="530" WIDTH="72" HEIGHT="27" CONTENT="with" WC="0.84" CC="0006"/>
						<SP ID="P334_SP00047" HPOS="1346" VPOS="569" WIDTH="18"/>
						<String ID="P334_ST00054" HPOS="1364" VPOS="530" WIDTH="47" HEIGHT="27" CONTENT="his" WC="0.68" CC="720"/>
						<SP ID="P334_SP00048" HPOS="1411" VPOS="569" WIDTH="19"/>
						<String ID="P334_ST00055" HPOS="1430" VPOS="531" WIDTH="75" HEIGHT="34" CONTENT="dogs" WC="0.96" CC="0001"/>
					</TextLine>
					<TextLine ID="P334_TL00008" HPOS="356" VPOS="580" WIDTH="1148" HEIGHT="38">
						<String ID="P334_ST00056" HPOS="356" VPOS="585" WIDTH="30" HEIGHT="25" CONTENT="in" WC="0.80" CC="04"/>
						<SP ID="P334_SP00049" HPOS="386" VPOS="610" WIDTH="23"/>
						<String ID="P334_ST00057" HPOS="409" VPOS="585" WIDTH="50" HEIGHT="26" CONTENT="the" WC="0.95" CC="100"/>
						<SP ID="P334_SP00050" HPOS="459" VPOS="611" WIDTH="18"/>
						<String ID="P334_ST00058" HPOS="477" VPOS="585" WIDTH="88" HEIGHT="33" CONTENT="Park," WC="0.79" CC="50301"/>
						<SP ID="P334_SP00051" HPOS="565" VPOS="618" WIDTH="18"/>
						<String ID="P334_ST00059" HPOS="583" VPOS="585" WIDTH="86" HEIGHT="27" CONTENT="when" WC="0.80" CC="0700"/>
						<SP ID="P334_SP00052" HPOS="669" VPOS="618" WIDTH="22"/>
						<String ID="P334_ST00060" HPOS="691" VPOS="585" WIDTH="106" HEIGHT="33" CONTENT="Kirby," WC="0.90" CC="200003"/>
						<SP ID="P334_SP00053" HPOS="797" VPOS="618" WIDTH="21"/>
						<String ID="P334_ST00061" HPOS="818" VPOS="584" WIDTH="51" HEIGHT="25" CONTENT="the" WC="0.66" CC="360"/>
						<SP ID="P334_SP00054" HPOS="869" VPOS="618" WIDTH="20"/>
						<String ID="P334_ST00062" HPOS="889" VPOS="581" WIDTH="162" HEIGHT="27" CONTENT="chemist—" WC="0.72" CC="06005028"/>
						<String ID="P334_ST00063" HPOS="1053" VPOS="590" WIDTH="18" HEIGHT="17" CONTENT="a" WC="1.00" CC="0"/>
						<SP ID="P334_SP00055" HPOS="1071" VPOS="618" WIDTH="19"/>
						<String ID="P334_ST00064" HPOS="1090" VPOS="580" WIDTH="108" HEIGHT="36" CONTENT="highly" WC="0.61" CC="640470"/>
						<SP ID="P334_SP00056" HPOS="1198" VPOS="618" WIDTH="21"/>
						<String ID="P334_ST00065" HPOS="1219" VPOS="580" WIDTH="185" HEIGHT="34" CONTENT="respectable" WC="0.96" CC="00000000030"/>
						<SP ID="P334_SP00057" HPOS="1404" VPOS="618" WIDTH="20"/>
						<String ID="P334_ST00066" HPOS="1424" VPOS="589" WIDTH="80" HEIGHT="24" CONTENT="man," WC="0.92" CC="0003"/>
					</TextLine>
					<TextLine ID="P334_TL00009" HPOS="356" VPOS="629" WIDTH="1148" HEIGHT="39">
						<String ID="P334_ST00067" HPOS="356" VPOS="635" WIDTH="53" HEIGHT="25" CONTENT="but" WC="1.00" CC="000"/>
						<SP ID="P334_SP00058" HPOS="409" VPOS="660" WIDTH="14"/>
						<String ID="P334_ST00068" HPOS="423" VPOS="643" WIDTH="37" HEIGHT="17" CONTENT="an" WC="0.82" CC="03"/>
						<SP ID="P334_SP00059" HPOS="460" VPOS="660" WIDTH="15"/>
						<String ID="P334_ST00069" HPOS="475" VPOS="635" WIDTH="157" HEIGHT="33" CONTENT="egregious" WC="0.93" CC="000000050"/>
						<SP ID="P334_SP00060" HPOS="632" VPOS="668" WIDTH="13"/>
						<String ID="P334_ST00070" HPOS="645" VPOS="633" WIDTH="165" HEIGHT="28" CONTENT="blockhead" WC="0.89" CC="030006000"/>
						<String ID="P334_ST00071" HPOS="812" VPOS="649" WIDTH="35" HEIGHT="3" CONTENT="—" WC="0.20" CC="8"/>
						<String ID="P334_ST00072" HPOS="849" VPOS="633" WIDTH="78" HEIGHT="26" CONTENT="drew" WC="1.00" CC="0000"/>
						<SP ID="P334_SP00061" HPOS="927" VPOS="668" WIDTH="20"/>
						<String ID="P334_ST00073" HPOS="947" VPOS="635" WIDTH="30" HEIGHT="23" CONTENT="to" WC="1.00" CC="00"/>
						<SP ID="P334_SP00062" HPOS="977" VPOS="668" WIDTH="18"/>
						<String ID="P334_ST00074" HPOS="995" VPOS="631" WIDTH="51" HEIGHT="26" CONTENT="the" WC="0.85" CC="040"/>
						<SP ID="P334_SP00063" HPOS="1046" VPOS="668" WIDTH="20"/>
						<String ID="P334_ST00075" HPOS="1066" VPOS="630" WIDTH="168" HEIGHT="27" CONTENT="monarch's" WC="0.86" CC="000030710"/>
						<SP ID="P334_SP00064" HPOS="1234" VPOS="668" WIDTH="21"/>
						<String ID="P334_ST00076" HPOS="1255" VPOS="630" WIDTH="71" HEIGHT="32" CONTENT="side," WC="0.89" CC="03002"/>
						<SP ID="P334_SP00065" HPOS="1326" VPOS="668" WIDTH="16"/>
						<String ID="P334_ST00077" HPOS="1342" VPOS="630" WIDTH="59" HEIGHT="26" CONTENT="and" WC="1.00" CC="000"/>
						<SP ID="P334_SP00066" HPOS="1401" VPOS="668" WIDTH="13"/>
						<String ID="P334_ST00078" HPOS="1414" VPOS="629" WIDTH="90" HEIGHT="27" CONTENT="whis-" WC="0.90" CC="05000"/>
					</TextLine>
				</TextBlock>
				<TextBlock ID="P334_TB00005" HPOS="519" VPOS="1588" WIDTH="728" HEIGHT="56" STYLEREFS="TXT_2 PAR_LEFT">
					<TextLine ID="P334_TL00010" HPOS="544" VPOS="1602" WIDTH="703" HEIGHT="21">
						<String ID="P334_ST00079" HPOS="544" VPOS="1602" WIDTH="85" HEIGHT="16" CONTENT="Charles" WC="0.49" CC="4659052"/>
						<SP ID="P334_SP00067" HPOS="629" VPOS="1618" WIDTH="19"/>
						<String ID="P334_ST00080" HPOS="648" VPOS="1603" WIDTH="5" HEIGHT="14" CONTENT="1" WC="0.26" CC="7"/>
						<String ID="P334_ST00081" HPOS="656" VPOS="1606" WIDTH="8" HEIGHT="12" CONTENT="8" WC="0.38" CC="6"/>
						<SP ID="P334_SP00068" HPOS="664" VPOS="1618" WIDTH="20"/>
						<String ID="P334_ST00082" HPOS="684" VPOS="1602" WIDTH="102" HEIGHT="17" CONTENT="Informed" WC="0.78" CC="04000067"/>
						<SP ID="P334_SP00069" HPOS="786" VPOS="1619" WIDTH="18"/>
						<String ID="P334_ST00083" HPOS="804" VPOS="1603" WIDTH="22" HEIGHT="16" CONTENT="of" WC="0.68" CC="60"/>
						<SP ID="P334_SP00070" HPOS="826" VPOS="1619" WIDTH="15"/>
						<String ID="P334_ST00084" HPOS="841" VPOS="1607" WIDTH="9" HEIGHT="12" CONTENT="a" WC="0.69" CC="3"/>
						<SP ID="P334_SP00071" HPOS="850" VPOS="1619" WIDTH="21"/>
						<String ID="P334_ST00085" HPOS="871" VPOS="1604" WIDTH="44" HEIGHT="16" CONTENT="plot" WC="0.32" CC="9565"/>
						<SP ID="P334_SP00072" HPOS="915" VPOS="1620" WIDTH="19"/>
						<String ID="P334_ST00086" HPOS="934" VPOS="1604" WIDTH="84" HEIGHT="19" CONTENT="against" WC="0.52" CC="6772350"/>
						<SP ID="P334_SP00073" HPOS="1018" VPOS="1623" WIDTH="21"/>
						<String ID="P334_ST00087" HPOS="1039" VPOS="1604" WIDTH="31" HEIGHT="15" CONTENT="his" WC="0.43" CC="709"/>
						<SP ID="P334_SP00074" HPOS="1070" VPOS="1623" WIDTH="20"/>
						<String ID="P334_ST00088" HPOS="1090" VPOS="1604" WIDTH="98" HEIGHT="17" CONTENT="precious" WC="0.46" CC="82960465"/>
						<SP ID="P334_SP00075" HPOS="1188" VPOS="1623" WIDTH="22"/>
						<String ID="P334_ST00089" HPOS="1210" VPOS="1605" WIDTH="13" HEIGHT="14" CONTENT="'I" WC="0.83" CC="30"/>
						<String ID="P334_ST00090" HPOS="1227" VPOS="1604" WIDTH="20" HEIGHT="15" CONTENT="fe." WC="0.67" CC="090"/>
					</TextLine>
				</TextBlock>
				<TextBlock ID="P334_TB00006" HPOS="343" VPOS="1716" WIDTH="1163" HEIGHT="486" STYLEREFS="TXT_2 PAR_LEFT">
					<TextLine ID="P334_TL00011" HPOS="350" VPOS="1717" WIDTH="1150" HEIGHT="38">
						<String ID="P334_ST00091" HPOS="350" VPOS="1720" WIDTH="91" HEIGHT="34" CONTENT="pered" WC="0.98" CC="00000"/>
						<SP ID="P334_SP00076" HPOS="441" VPOS="1754" WIDTH="20"/>
						<String ID="P334_ST00092" HPOS="461" VPOS="1719" WIDTH="30" HEIGHT="26" CONTENT="in" WC="0.94" CC="10"/>
						<SP ID="P334_SP00077" HPOS="491" VPOS="1754" WIDTH="19"/>
						<String ID="P334_ST00093" HPOS="510" VPOS="1720" WIDTH="51" HEIGHT="26" CONTENT="the" WC="0.75" CC="070"/>
						<SP ID="P334_SP00078" HPOS="561" VPOS="1754" WIDTH="17"/>
						<String ID="P334_ST00094" HPOS="578" VPOS="1719" WIDTH="83" HEIGHT="36" CONTENT="royal" WC="1.00" CC="00000"/>
						<SP ID="P334_SP00079" HPOS="661" VPOS="1755" WIDTH="21"/>
						<String ID="P334_ST00095" HPOS="682" VPOS="1728" WIDTH="57" HEIGHT="25" CONTENT="ear," WC="0.85" CC="0014"/>
						<SP ID="P334_SP00080" HPOS="739" VPOS="1755" WIDTH="19"/>
						<String ID="P334_ST00096" HPOS="758" VPOS="1722" WIDTH="18" HEIGHT="13" CONTENT='"' WC="1.00" CC="0"/>
						<SP ID="P334_SP00081" HPOS="776" VPOS="1755" WIDTH="11"/>
						<String ID="P334_ST00097" HPOS="787" VPOS="1720" WIDTH="87" HEIGHT="35" CONTENT="Keep" WC="0.93" CC="0200"/>
						<SP ID="P334_SP00082" HPOS="874" VPOS="1755" WIDTH="17"/>
						<String ID="P334_ST00098" HPOS="891" VPOS="1719" WIDTH="104" HEIGHT="27" CONTENT="within" WC="0.80" CC="010730"/>
						<SP ID="P334_SP00083" HPOS="995" VPOS="1755" WIDTH="23"/>
						<String ID="P334_ST00099" HPOS="1018" VPOS="1719" WIDTH="50" HEIGHT="26" CONTENT="the" WC="0.78" CC="060"/>
						<SP ID="P334_SP00084" HPOS="1068" VPOS="1755" WIDTH="19"/>
						<String ID="P334_ST00100" HPOS="1087" VPOS="1728" WIDTH="149" HEIGHT="27" CONTENT="company" WC="0.92" CC="0000050"/>
						<String ID="P334_ST00101" HPOS="1247" VPOS="1729" WIDTH="6" HEIGHT="21" CONTENT=";" WC="0.73" CC="2"/>
						<SP ID="P334_SP00085" HPOS="1253" VPOS="1755" WIDTH="21"/>
						<String ID="P334_ST00102" HPOS="1274" VPOS="1727" WIDTH="75" HEIGHT="27" CONTENT="your" WC="0.71" CC="0065"/>
						<SP ID="P334_SP00086" HPOS="1349" VPOS="1755" WIDTH="21"/>
						<String ID="P334_ST00103" HPOS="1370" VPOS="1717" WIDTH="130" HEIGHT="27" CONTENT="enemies" WC="0.94" CC="0000300"/>
					</TextLine>
					<TextLine ID="P334_TL00012" HPOS="350" VPOS="1767" WIDTH="1149" HEIGHT="38">
						<String ID="P334_ST00104" HPOS="350" VPOS="1769" WIDTH="77" HEIGHT="26" CONTENT="have" WC="0.82" CC="7000"/>
						<SP ID="P334_SP00087" HPOS="427" VPOS="1795" WIDTH="14"/>
						<String ID="P334_ST00105" HPOS="441" VPOS="1778" WIDTH="17" HEIGHT="17" CONTENT="a" WC="1.00" CC="0"/>
						<SP ID="P334_SP00088" HPOS="458" VPOS="1795" WIDTH="14"/>
						<String ID="P334_ST00106" HPOS="472" VPOS="1769" WIDTH="105" HEIGHT="35" CONTENT="design" WC="0.78" CC="000390"/>
						<SP ID="P334_SP00089" HPOS="577" VPOS="1804" WIDTH="15"/>
						<String ID="P334_ST00107" HPOS="592" VPOS="1778" WIDTH="78" HEIGHT="26" CONTENT="upon" WC="0.84" CC="0006"/>
						<SP ID="P334_SP00090" HPOS="670" VPOS="1804" WIDTH="14"/>
						<String ID="P334_ST00108" HPOS="684" VPOS="1778" WIDTH="74" HEIGHT="27" CONTENT="your" WC="0.73" CC="0046"/>
						<SP ID="P334_SP00091" HPOS="758" VPOS="1805" WIDTH="13"/>
						<String ID="P334_ST00109" HPOS="771" VPOS="1770" WIDTH="58" HEIGHT="33" CONTENT="life," WC="0.84" CC="40002"/>
						<SP ID="P334_SP00092" HPOS="829" VPOS="1805" WIDTH="16"/>
						<String ID="P334_ST00110" HPOS="845" VPOS="1770" WIDTH="58" HEIGHT="26" CONTENT="and" WC="0.96" CC="100"/>
						<SP ID="P334_SP00093" HPOS="903" VPOS="1805" WIDTH="14"/>
						<String ID="P334_ST00111" HPOS="917" VPOS="1778" WIDTH="58" HEIGHT="27" CONTENT="you" WC="0.79" CC="006"/>
						<SP ID="P334_SP00094" HPOS="975" VPOS="1805" WIDTH="15"/>
						<String ID="P334_ST00112" HPOS="990" VPOS="1770" WIDTH="115" HEIGHT="35" CONTENT="maybe" WC="1.00" CC="00000"/>
						<SP ID="P334_SP00095" HPOS="1105" VPOS="1805" WIDTH="15"/>
						<String ID="P334_ST00113" HPOS="1120" VPOS="1769" WIDTH="66" HEIGHT="26" CONTENT="shot" WC="0.92" CC="0300"/>
						<SP ID="P334_SP00096" HPOS="1186" VPOS="1805" WIDTH="15"/>
						<String ID="P334_ST00114" HPOS="1201" VPOS="1769" WIDTH="30" HEIGHT="25" CONTENT="in" WC="1.00" CC="00"/>
						<SP ID="P334_SP00097" HPOS="1231" VPOS="1805" WIDTH="14"/>
						<String ID="P334_ST00115" HPOS="1245" VPOS="1769" WIDTH="60" HEIGHT="26" CONTENT="this" WC="0.76" CC="0630"/>
						<SP ID="P334_SP00098" HPOS="1305" VPOS="1805" WIDTH="8"/>
						<String ID="P334_ST00116" HPOS="1313" VPOS="1777" WIDTH="72" HEIGHT="27" CONTENT="very" WC="1.00" CC="0000"/>
						<SP ID="P334_SP00099" HPOS="1385" VPOS="1805" WIDTH="8"/>
						<String ID="P334_ST00117" HPOS="1393" VPOS="1767" WIDTH="106" HEIGHT="27" CONTENT='walk."' WC="0.83" CC="006003"/>
					</TextLine>
					<TextLine ID="P334_TL00013" HPOS="351" VPOS="1817" WIDTH="1155" HEIGHT="35">
						<String ID="P334_ST00118" HPOS="351" VPOS="1818" WIDTH="132" HEIGHT="33" CONTENT="Charles," WC="0.88" CC="05000003"/>
						<SP ID="P334_SP00100" HPOS="483" VPOS="1851" WIDTH="20"/>
						<String ID="P334_ST00119" HPOS="503" VPOS="1819" WIDTH="67" HEIGHT="26" CONTENT="who" WC="0.78" CC="060"/>
						<SP ID="P334_SP00101" HPOS="570" VPOS="1851" WIDTH="16"/>
						<String ID="P334_ST00120" HPOS="586" VPOS="1827" WIDTH="62" HEIGHT="18" CONTENT="was" WC="1.00" CC="000"/>
						<SP ID="P334_SP00102" HPOS="648" VPOS="1851" WIDTH="22"/>
						<String ID="P334_ST00121" HPOS="670" VPOS="1827" WIDTH="17" HEIGHT="18" CONTENT="a" WC="1.00" CC="0"/>
						<SP ID="P334_SP00103" HPOS="687" VPOS="1851" WIDTH="16"/>
						<String ID="P334_ST00122" HPOS="703" VPOS="1820" WIDTH="76" HEIGHT="26" CONTENT="little" WC="0.92" CC="040000"/>
						<SP ID="P334_SP00104" HPOS="779" VPOS="1851" WIDTH="17"/>
						<String ID="P334_ST00123" HPOS="796" VPOS="1820" WIDTH="128" HEIGHT="32" CONTENT="flurried," WC="0.83" CC="002403004"/>
						<SP ID="P334_SP00105" HPOS="924" VPOS="1852" WIDTH="21"/>
						<String ID="P334_ST00124" HPOS="945" VPOS="1819" WIDTH="117" HEIGHT="27" CONTENT="desired" WC="0.99" CC="0000000"/>
						<SP ID="P334_SP00106" HPOS="1062" VPOS="1852" WIDTH="21"/>
						<String ID="P334_ST00125" HPOS="1083" VPOS="1822" WIDTH="30" HEIGHT="23" CONTENT="to" WC="1.00" CC="00"/>
						<SP ID="P334_SP00107" HPOS="1113" VPOS="1852" WIDTH="17"/>
						<String ID="P334_ST00126" HPOS="1130" VPOS="1819" WIDTH="90" HEIGHT="26" CONTENT="know" WC="1.00" CC="0000"/>
						<SP ID="P334_SP00108" HPOS="1220" VPOS="1852" WIDTH="19"/>
						<String ID="P334_ST00127" HPOS="1239" VPOS="1819" WIDTH="50" HEIGHT="26" CONTENT="the" WC="0.79" CC="060"/>
						<SP ID="P334_SP00109" HPOS="1289" VPOS="1852" WIDTH="21"/>
						<String ID="P334_ST00128" HPOS="1310" VPOS="1818" WIDTH="144" HEIGHT="34" CONTENT="meaning" WC="0.85" CC="3007000"/>
						<SP ID="P334_SP00110" HPOS="1454" VPOS="1852" WIDTH="20"/>
						<String ID="P334_ST00129" HPOS="1474" VPOS="1817" WIDTH="32" HEIGHT="27" CONTENT="of" WC="1.00" CC="00"/>
					</TextLine>
					<TextLine ID="P334_TL00014" HPOS="350" VPOS="1867" WIDTH="1152" HEIGHT="38">
						<String ID="P334_ST00130" HPOS="350" VPOS="1867" WIDTH="59" HEIGHT="26" CONTENT="this" WC="0.80" CC="0610"/>
						<SP ID="P334_SP00111" HPOS="409" VPOS="1893" WIDTH="13"/>
						<String ID="P334_ST00131" HPOS="422" VPOS="1868" WIDTH="145" HEIGHT="35" CONTENT="warning," WC="0.88" CC="05003000"/>
						<SP ID="P334_SP00112" HPOS="567" VPOS="1903" WIDTH="14"/>
						<String ID="P334_ST00132" HPOS="581" VPOS="1868" WIDTH="87" HEIGHT="26" CONTENT="when" WC="0.83" CC="0600"/>
						<SP ID="P334_SP00113" HPOS="668" VPOS="1903" WIDTH="14"/>
						<String ID="P334_ST00133" HPOS="682" VPOS="1868" WIDTH="98" HEIGHT="37" CONTENT="Kirby" WC="0.81" CC="54000"/>
						<SP ID="P334_SP00114" HPOS="780" VPOS="1905" WIDTH="14"/>
						<String ID="P334_ST00134" HPOS="794" VPOS="1870" WIDTH="50" HEIGHT="25" CONTENT="the" WC="0.82" CC="050"/>
						<SP ID="P334_SP00115" HPOS="844" VPOS="1905" WIDTH="19"/>
						<String ID="P334_ST00135" HPOS="863" VPOS="1869" WIDTH="125" HEIGHT="26" CONTENT="chemist" WC="0.86" CC="0500300"/>
						<SP ID="P334_SP00116" HPOS="988" VPOS="1905" WIDTH="14"/>
						<String ID="P334_ST00136" HPOS="1002" VPOS="1869" WIDTH="109" HEIGHT="26" CONTENT="offered" WC="1.00" CC="0000000"/>
						<SP ID="P334_SP00117" HPOS="1111" VPOS="1905" WIDTH="14"/>
						<String ID="P334_ST00137" HPOS="1125" VPOS="1872" WIDTH="31" HEIGHT="23" CONTENT="to" WC="1.00" CC="00"/>
						<SP ID="P334_SP00118" HPOS="1156" VPOS="1905" WIDTH="19"/>
						<String ID="P334_ST00138" HPOS="1175" VPOS="1869" WIDTH="130" HEIGHT="34" CONTENT="produce" WC="0.96" CC="0000200"/>
						<SP ID="P334_SP00119" HPOS="1305" VPOS="1905" WIDTH="13"/>
						<String ID="P334_ST00139" HPOS="1318" VPOS="1877" WIDTH="56" HEIGHT="17" CONTENT="one" WC="1.00" CC="000"/>
						<SP ID="P334_SP00120" HPOS="1374" VPOS="1905" WIDTH="14"/>
						<String ID="P334_ST00140" HPOS="1388" VPOS="1868" WIDTH="114" HEIGHT="26" CONTENT="Doctor" WC="0.93" CC="400000"/>
					</TextLine>
					<TextLine ID="P334_TL00015" HPOS="349" VPOS="1917" WIDTH="1151" HEIGHT="36">
						<String ID="P334_ST00141" HPOS="349" VPOS="1917" WIDTH="133" HEIGHT="34" CONTENT="Tongue," WC="0.82" CC="2060103"/>
						<SP ID="P334_SP00121" HPOS="482" VPOS="1951" WIDTH="16"/>
						<String ID="P334_ST00142" HPOS="498" VPOS="1926" WIDTH="18" HEIGHT="17" CONTENT="a" WC="1.00" CC="0"/>
						<SP ID="P334_SP00122" HPOS="516" VPOS="1951" WIDTH="11"/>
						<String ID="P334_ST00143" HPOS="527" VPOS="1917" WIDTH="221" HEIGHT="27" CONTENT="weak-minded" WC="0.92" CC="00000034000"/>
						<SP ID="P334_SP00123" HPOS="748" VPOS="1951" WIDTH="14"/>
						<String ID="P334_ST00144" HPOS="762" VPOS="1919" WIDTH="59" HEIGHT="25" CONTENT="and" WC="1.00" CC="000"/>
						<SP ID="P334_SP00124" HPOS="821" VPOS="1951" WIDTH="21"/>
						<String ID="P334_ST00145" HPOS="842" VPOS="1919" WIDTH="154" HEIGHT="26" CONTENT="credulous" WC="0.89" CC="000005040"/>
						<SP ID="P334_SP00125" HPOS="996" VPOS="1951" WIDTH="14"/>
						<String ID="P334_ST00146" HPOS="1010" VPOS="1919" WIDTH="49" HEIGHT="25" CONTENT="old" WC="1.00" CC="000"/>
						<SP ID="P334_SP00126" HPOS="1059" VPOS="1951" WIDTH="20"/>
						<String ID="P334_ST00147" HPOS="1079" VPOS="1927" WIDTH="120" HEIGHT="26" CONTENT="parson," WC="0.88" CC="0000043"/>
						<SP ID="P334_SP00127" HPOS="1199" VPOS="1953" WIDTH="13"/>
						<String ID="P334_ST00148" HPOS="1212" VPOS="1918" WIDTH="68" HEIGHT="27" CONTENT="who" WC="0.92" CC="002"/>
						<SP ID="P334_SP00128" HPOS="1280" VPOS="1953" WIDTH="19"/>
						<String ID="P334_ST00149" HPOS="1299" VPOS="1918" WIDTH="64" HEIGHT="26" CONTENT="said" WC="1.00" CC="0000"/>
						<SP ID="P334_SP00129" HPOS="1363" VPOS="1953" WIDTH="20"/>
						<String ID="P334_ST00150" HPOS="1383" VPOS="1918" WIDTH="38" HEIGHT="25" CONTENT="he" WC="0.78" CC="40"/>
						<SP ID="P334_SP00130" HPOS="1421" VPOS="1953" WIDTH="19"/>
						<String ID="P334_ST00151" HPOS="1440" VPOS="1917" WIDTH="60" HEIGHT="26" CONTENT="had" WC="0.79" CC="600"/>
					</TextLine>
					<TextLine ID="P334_TL00016" HPOS="348" VPOS="1967" WIDTH="1152" HEIGHT="36">
						<String ID="P334_ST00152" HPOS="348" VPOS="1967" WIDTH="92" HEIGHT="26" CONTENT="heard" WC="0.81" CC="60020"/>
						<SP ID="P334_SP00131" HPOS="440" VPOS="1993" WIDTH="18"/>
						<String ID="P334_ST00153" HPOS="458" VPOS="1967" WIDTH="64" HEIGHT="26" CONTENT="that" WC="0.85" CC="0500"/>
						<SP ID="P334_SP00132" HPOS="522" VPOS="1993" WIDTH="18"/>
						<String ID="P334_ST00154" HPOS="540" VPOS="1971" WIDTH="58" HEIGHT="22" CONTENT="two" WC="1.00" CC="000"/>
						<SP ID="P334_SP00133" HPOS="598" VPOS="1993" WIDTH="20"/>
						<String ID="P334_ST00155" HPOS="618" VPOS="1968" WIDTH="121" HEIGHT="33" CONTENT="fellows," WC="0.90" CC="00040004"/>
						<SP ID="P334_SP00134" HPOS="739" VPOS="2001" WIDTH="20"/>
						<String ID="P334_ST00156" HPOS="759" VPOS="1970" WIDTH="108" HEIGHT="25" CONTENT="named" WC="0.88" CC="60000"/>
						<SP ID="P334_SP00135" HPOS="867" VPOS="2001" WIDTH="21"/>
						<String ID="P334_ST00157" HPOS="888" VPOS="1969" WIDTH="97" HEIGHT="27" CONTENT="Grove" WC="0.65" CC="63070"/>
						<SP ID="P334_SP00136" HPOS="985" VPOS="2001" WIDTH="23"/>
						<String ID="P334_ST00158" HPOS="1008" VPOS="1969" WIDTH="60" HEIGHT="26" CONTENT="and" WC="0.88" CC="030"/>
						<SP ID="P334_SP00137" HPOS="1068" VPOS="2001" WIDTH="20"/>
						<String ID="P334_ST00159" HPOS="1088" VPOS="1968" WIDTH="170" HEIGHT="35" CONTENT="Pickering," WC="0.88" CC="6000004000"/>
						<SP ID="P334_SP00138" HPOS="1258" VPOS="2003" WIDTH="18"/>
						<String ID="P334_ST00160" HPOS="1276" VPOS="1977" WIDTH="78" HEIGHT="17" CONTENT="were" WC="0.90" CC="0030"/>
						<SP ID="P334_SP00139" HPOS="1354" VPOS="2003" WIDTH="21"/>
						<String ID="P334_ST00161" HPOS="1375" VPOS="1967" WIDTH="125" HEIGHT="35" CONTENT="making" WC="0.98" CC="000100"/>
					</TextLine>
					<TextLine ID="P334_TL00017" HPOS="348" VPOS="2017" WIDTH="1151" HEIGHT="37">
						<String ID="P334_ST00162" HPOS="348" VPOS="2021" WIDTH="224" HEIGHT="30" CONTENT="arrangements" WC="0.96" CC="005000000000"/>
						<SP ID="P334_SP00140" HPOS="572" VPOS="2051" WIDTH="23"/>
						<String ID="P334_ST00163" HPOS="595" VPOS="2017" WIDTH="44" HEIGHT="27" CONTENT="for" WC="0.92" CC="002"/>
						<SP ID="P334_SP00141" HPOS="639" VPOS="2051" WIDTH="23"/>
						<String ID="P334_ST00164" HPOS="662" VPOS="2019" WIDTH="156" HEIGHT="35" CONTENT="smashing" WC="0.91" CC="00006100"/>
						<SP ID="P334_SP00142" HPOS="818" VPOS="2054" WIDTH="22"/>
						<String ID="P334_ST00165" HPOS="840" VPOS="2018" WIDTH="122" HEIGHT="27" CONTENT="Charles" WC="0.87" CC="0600200"/>
						<SP ID="P334_SP00143" HPOS="962" VPOS="2054" WIDTH="23"/>
						<String ID="P334_ST00166" HPOS="985" VPOS="2028" WIDTH="39" HEIGHT="17" CONTENT="on" WC="1.00" CC="00"/>
						<SP ID="P334_SP00144" HPOS="1024" VPOS="2054" WIDTH="23"/>
						<String ID="P334_ST00167" HPOS="1047" VPOS="2019" WIDTH="50" HEIGHT="26" CONTENT="the" WC="0.71" CC="160"/>
						<SP ID="P334_SP00145" HPOS="1097" VPOS="2054" WIDTH="23"/>
						<String ID="P334_ST00168" HPOS="1120" VPOS="2027" WIDTH="72" HEIGHT="27" CONTENT="very" WC="1.00" CC="0000"/>
						<SP ID="P334_SP00146" HPOS="1192" VPOS="2054" WIDTH="20"/>
						<String ID="P334_ST00169" HPOS="1212" VPOS="2018" WIDTH="64" HEIGHT="26" CONTENT="first" WC="0.90" CC="22000"/>
						<SP ID="P334_SP00147" HPOS="1276" VPOS="2054" WIDTH="21"/>
						<String ID="P334_ST00170" HPOS="1297" VPOS="2017" WIDTH="202" HEIGHT="35" CONTENT="opportunity." WC="0.94" CC="000000303000"/>
					</TextLine>
					<TextLine ID="P334_TL00018" HPOS="346" VPOS="2066" WIDTH="1155" HEIGHT="38">
						<String ID="P334_ST00171" HPOS="346" VPOS="2066" WIDTH="72" HEIGHT="27" CONTENT="This" WC="0.79" CC="5020"/>
						<SP ID="P334_SP00148" HPOS="418" VPOS="2093" WIDTH="21"/>
						<String ID="P334_ST00172" HPOS="439" VPOS="2067" WIDTH="124" HEIGHT="35" CONTENT="Tongue" WC="0.98" CC="000010"/>
						<SP ID="P334_SP00149" HPOS="563" VPOS="2102" WIDTH="13"/>
						<String ID="P334_ST00173" HPOS="576" VPOS="2076" WIDTH="61" HEIGHT="18" CONTENT="was" WC="1.00" CC="000"/>
						<SP ID="P334_SP00150" HPOS="637" VPOS="2102" WIDTH="19"/>
						<String ID="P334_ST00174" HPOS="656" VPOS="2076" WIDTH="32" HEIGHT="18" CONTENT="so" WC="1.00" CC="00"/>
						<SP ID="P334_SP00151" HPOS="688" VPOS="2102" WIDTH="20"/>
						<String ID="P334_ST00175" HPOS="708" VPOS="2069" WIDTH="195" HEIGHT="35" CONTENT="exceedingly" WC="0.94" CC="05000010000"/>
						<SP ID="P334_SP00152" HPOS="903" VPOS="2104" WIDTH="15"/>
						<String ID="P334_ST00176" HPOS="918" VPOS="2069" WIDTH="131" HEIGHT="35" CONTENT="slippery" WC="0.96" CC="00300000"/>
						<SP ID="P334_SP00153" HPOS="1049" VPOS="2104" WIDTH="14"/>
						<String ID="P334_ST00177" HPOS="1063" VPOS="2070" WIDTH="66" HEIGHT="25" CONTENT="that" WC="0.76" CC="1701"/>
						<SP ID="P334_SP00154" HPOS="1129" VPOS="2104" WIDTH="19"/>
						<String ID="P334_ST00178" HPOS="1148" VPOS="2069" WIDTH="38" HEIGHT="26" CONTENT="he" WC="0.65" CC="70"/>
						<SP ID="P334_SP00155" HPOS="1186" VPOS="2104" WIDTH="22"/>
						<String ID="P334_ST00179" HPOS="1208" VPOS="2069" WIDTH="87" HEIGHT="26" CONTENT="could" WC="0.94" CC="00020"/>
						<SP ID="P334_SP00156" HPOS="1295" VPOS="2104" WIDTH="23"/>
						<String ID="P334_ST00180" HPOS="1318" VPOS="2071" WIDTH="54" HEIGHT="23" CONTENT="not" WC="1.00" CC="000"/>
						<SP ID="P334_SP00157" HPOS="1372" VPOS="2104" WIDTH="22"/>
						<String ID="P334_ST00181" HPOS="1394" VPOS="2068" WIDTH="38" HEIGHT="26" CONTENT="be" WC="1.00" CC="00"/>
						<SP ID="P334_SP00158" HPOS="1432" VPOS="2104" WIDTH="17"/>
						<String ID="P334_ST00182" HPOS="1449" VPOS="2068" WIDTH="52" HEIGHT="26" CONTENT="be" SUBS_TYPE="HypPart1" SUBS_CONTENT="believed;" WC="0.87" CC="003"/>
						<HYP CONTENT="-"/>
					</TextLine>
					<TextLine ID="P334_TL00019" HPOS="345" VPOS="2116" WIDTH="1154" HEIGHT="37">
						<String ID="P334_ST00183" HPOS="345" VPOS="2116" WIDTH="108" HEIGHT="32" CONTENT="lieved;" SUBS_TYPE="HypPart2" SUBS_CONTENT="believed;" WC="0.87" CC="0400004"/>
						<SP ID="P334_SP00159" HPOS="453" VPOS="2148" WIDTH="22"/>
						<String ID="P334_ST00184" HPOS="475" VPOS="2117" WIDTH="52" HEIGHT="26" CONTENT="but" WC="0.82" CC="050"/>
						<SP ID="P334_SP00160" HPOS="527" VPOS="2148" WIDTH="14"/>
						<String ID="P334_ST00185" HPOS="541" VPOS="2121" WIDTH="30" HEIGHT="23" CONTENT="to" WC="1.00" CC="00"/>
						<SP ID="P334_SP00161" HPOS="571" VPOS="2148" WIDTH="11"/>
						<String ID="P334_ST00186" HPOS="582" VPOS="2118" WIDTH="76" HEIGHT="35" CONTENT="keep" WC="1.00" CC="0000"/>
						<SP ID="P334_SP00162" HPOS="658" VPOS="2153" WIDTH="10"/>
						<String ID="P334_ST00187" HPOS="668" VPOS="2118" WIDTH="123" HEIGHT="27" CONTENT="himself" WC="0.88" CC="5200000"/>
						<SP ID="P334_SP00163" HPOS="791" VPOS="2153" WIDTH="9"/>
						<String ID="P334_ST00188" HPOS="800" VPOS="2123" WIDTH="51" HEIGHT="22" CONTENT="out" WC="1.00" CC="000"/>
						<SP ID="P334_SP00164" HPOS="851" VPOS="2153" WIDTH="11"/>
						<String ID="P334_ST00189" HPOS="862" VPOS="2119" WIDTH="33" HEIGHT="26" CONTENT="of" WC="1.00" CC="00"/>
						<SP ID="P334_SP00165" HPOS="895" VPOS="2153" WIDTH="9"/>
						<String ID="P334_ST00190" HPOS="904" VPOS="2128" WIDTH="18" HEIGHT="16" CONTENT="a" WC="1.00" CC="0"/>
						<SP ID="P334_SP00166" HPOS="922" VPOS="2153" WIDTH="10"/>
						<String ID="P334_ST00191" HPOS="932" VPOS="2119" WIDTH="107" HEIGHT="34" CONTENT="pickle," WC="0.92" CC="0500000"/>
						<SP ID="P334_SP00167" HPOS="1039" VPOS="2153" WIDTH="12"/>
						<String ID="P334_ST00192" HPOS="1051" VPOS="2119" WIDTH="37" HEIGHT="26" CONTENT="he" WC="0.83" CC="30"/>
						<SP ID="P334_SP00168" HPOS="1088" VPOS="2153" WIDTH="12"/>
						<String ID="P334_ST00193" HPOS="1100" VPOS="2119" WIDTH="130" HEIGHT="34" CONTENT="brought" WC="0.95" CC="0100010"/>
						<SP ID="P334_SP00169" HPOS="1230" VPOS="2153" WIDTH="11"/>
						<String ID="P334_ST00194" HPOS="1241" VPOS="2127" WIDTH="18" HEIGHT="17" CONTENT="a" WC="1.00" CC="0"/>
						<SP ID="P334_SP00170" HPOS="1259" VPOS="2153" WIDTH="10"/>
						<String ID="P334_ST00195" HPOS="1269" VPOS="2118" WIDTH="60" HEIGHT="34" CONTENT="pile" WC="0.94" CC="0200"/>
						<SP ID="P334_SP00171" HPOS="1329" VPOS="2153" WIDTH="10"/>
						<String ID="P334_ST00196" HPOS="1339" VPOS="2118" WIDTH="32" HEIGHT="26" CONTENT="of" WC="1.00" CC="00"/>
						<SP ID="P334_SP00172" HPOS="1371" VPOS="2153" WIDTH="10"/>
						<String ID="P334_ST00197" HPOS="1381" VPOS="2126" WIDTH="118" HEIGHT="26" CONTENT="papers," WC="1.00" CC="0000000"/>
					</TextLine>
					<TextLine ID="P334_TL00020" HPOS="344" VPOS="2166" WIDTH="1155" HEIGHT="36">
						<String ID="P334_ST00198" HPOS="344" VPOS="2166" WIDTH="174" HEIGHT="36" CONTENT="containing" WC="0.94" CC="0000030200"/>
						<SP ID="P334_SP00173" HPOS="518" VPOS="2202" WIDTH="14"/>
						<String ID="P334_ST00199" HPOS="532" VPOS="2175" WIDTH="17" HEIGHT="18" CONTENT="a" WC="1.00" CC="0"/>
						<SP ID="P334_SP00174" HPOS="549" VPOS="2202" WIDTH="14"/>
						<String ID="P334_ST00200" HPOS="563" VPOS="2168" WIDTH="121" HEIGHT="34" CONTENT="copious" WC="0.91" CC="0002030"/>
						<SP ID="P334_SP00175" HPOS="684" VPOS="2202" WIDTH="14"/>
						<String ID="P334_ST00201" HPOS="698" VPOS="2173" WIDTH="126" HEIGHT="23" CONTENT="account" WC="1.00" CC="0000000"/>
						<SP ID="P334_SP00176" HPOS="824" VPOS="2202" WIDTH="15"/>
						<String ID="P334_ST00202" HPOS="839" VPOS="2169" WIDTH="32" HEIGHT="26" CONTENT="of" WC="1.00" CC="00"/>
						<SP ID="P334_SP00177" HPOS="871" VPOS="2202" WIDTH="17"/>
						<String ID="P334_ST00203" HPOS="888" VPOS="2170" WIDTH="50" HEIGHT="25" CONTENT="the" WC="0.89" CC="030"/>
						<SP ID="P334_SP00178" HPOS="938" VPOS="2202" WIDTH="20"/>
						<String ID="P334_ST00204" HPOS="958" VPOS="2170" WIDTH="119" HEIGHT="32" CONTENT="alleged" WC="0.95" CC="0300000"/>
						<SP ID="P334_SP00179" HPOS="1077" VPOS="2202" WIDTH="14"/>
						<String ID="P334_ST00205" HPOS="1091" VPOS="2169" WIDTH="186" HEIGHT="33" CONTENT="conspiracy." WC="0.98" CC="00000200000"/>
						<SP ID="P334_SP00180" HPOS="1277" VPOS="2202" WIDTH="41"/>
						<String ID="P334_ST00206" HPOS="1318" VPOS="2168" WIDTH="48" HEIGHT="26" CONTENT="He" WC="0.83" CC="30"/>
						<SP ID="P334_SP00181" HPOS="1366" VPOS="2202" WIDTH="16"/>
						<String ID="P334_ST00207" HPOS="1382" VPOS="2169" WIDTH="117" HEIGHT="33" CONTENT="alleged" WC="0.97" CC="0010000"/>
					</TextLine>
				</TextBlock>
				<ComposedBlock ID="P334_CB00001" HPOS="492" VPOS="768" WIDTH="848" HEIGHT="811" STYLEREFS="TXT_0 PAR_LEFT" TYPE="Illustration">
					<GraphicalElement ID="P334_CB00001_SUB" HPOS="492" VPOS="768" WIDTH="848" HEIGHT="811"/>
				</ComposedBlock>
			</PrintSpace>
		</Page>
	</Layout>
</alto>
